<class 'problems.ANNOP.ANNOP'>,1714960568256,algorithms.genetic_algorithm,0,0.16632016632016633,0.17427385892116182,40,tournament_selection,two_point_crossover,0.95,ball_mutation,None,None,0.95,-0.0025970274960663703
<class 'problems.ANNOP.ANNOP'>,1714960568256,algorithms.genetic_algorithm,1,0.1943866943866944,0.18672199170124482,40,tournament_selection,two_point_crossover,0.95,ball_mutation,None,None,0.95,0.011201129132999529
<class 'problems.ANNOP.ANNOP'>,1714960568256,algorithms.genetic_algorithm,2,0.21101871101871103,0.17012448132780084,40,tournament_selection,two_point_crossover,0.95,ball_mutation,None,None,0.95,0.0020010870053307553
<class 'problems.ANNOP.ANNOP'>,1714960568256,algorithms.genetic_algorithm,3,0.21101871101871103,0.17012448132780084,40,tournament_selection,two_point_crossover,0.95,ball_mutation,None,None,0.95,-0.0019235351776325377
<class 'problems.ANNOP.ANNOP'>,1714960568256,algorithms.genetic_algorithm,4,0.21101871101871103,0.17012448132780084,40,tournament_selection,two_point_crossover,0.95,ball_mutation,None,None,0.95,-0.0026935847036175103
<class 'problems.ANNOP.ANNOP'>,1714960568256,algorithms.genetic_algorithm,5,0.23284823284823286,0.1991701244813278,40,tournament_selection,two_point_crossover,0.95,ball_mutation,None,None,0.95,0.001698716242973887
<class 'problems.ANNOP.ANNOP'>,1714960568256,algorithms.genetic_algorithm,6,0.23284823284823286,0.2033195020746888,40,tournament_selection,two_point_crossover,0.95,ball_mutation,None,None,0.95,0.0020995778620163663
<class 'problems.ANNOP.ANNOP'>,1714960568256,algorithms.genetic_algorithm,7,0.24220374220374222,0.23236514522821577,40,tournament_selection,two_point_crossover,0.95,ball_mutation,None,None,0.95,-0.005703264643501252
<class 'problems.ANNOP.ANNOP'>,1714960568256,algorithms.genetic_algorithm,8,0.24220374220374222,0.23236514522821577,40,tournament_selection,two_point_crossover,0.95,ball_mutation,None,None,0.95,-0.001731968260209417
<class 'problems.ANNOP.ANNOP'>,1714960568256,algorithms.genetic_algorithm,9,0.24220374220374222,0.23236514522821577,40,tournament_selection,two_point_crossover,0.95,ball_mutation,None,None,0.95,0.005684684266991015
<class 'problems.ANNOP.ANNOP'>,1714960568256,algorithms.genetic_algorithm,10,0.262993762993763,0.24481327800829875,40,tournament_selection,two_point_crossover,0.95,ball_mutation,None,None,0.95,-0.003970093380068061
<class 'problems.ANNOP.ANNOP'>,1714960568256,algorithms.genetic_algorithm,11,0.27546777546777546,0.2946058091286307,40,tournament_selection,two_point_crossover,0.95,ball_mutation,None,None,0.95,0.0042117871491235
<class 'problems.ANNOP.ANNOP'>,1714960568256,algorithms.genetic_algorithm,12,0.27546777546777546,0.2946058091286307,40,tournament_selection,two_point_crossover,0.95,ball_mutation,None,None,0.95,-0.007767288308860643
<class 'problems.ANNOP.ANNOP'>,1714960568256,algorithms.genetic_algorithm,13,0.2785862785862786,0.26556016597510373,40,tournament_selection,two_point_crossover,0.95,ball_mutation,None,None,0.95,-0.007281061333912365
<class 'problems.ANNOP.ANNOP'>,1714960568256,algorithms.genetic_algorithm,14,0.2817047817047817,0.2821576763485477,40,tournament_selection,two_point_crossover,0.95,ball_mutation,None,None,0.95,0.008668941188670221
<class 'problems.ANNOP.ANNOP'>,1714960568256,algorithms.genetic_algorithm,15,0.29417879417879417,0.29045643153526973,40,tournament_selection,two_point_crossover,0.95,ball_mutation,None,None,0.95,-0.0018321134652211565
<class 'problems.ANNOP.ANNOP'>,1714960568256,algorithms.genetic_algorithm,16,0.29521829521829523,0.27800829875518673,40,tournament_selection,two_point_crossover,0.95,ball_mutation,None,None,0.95,-0.0008081082935245676
<class 'problems.ANNOP.ANNOP'>,1714960568256,algorithms.genetic_algorithm,17,0.30353430353430355,0.2863070539419087,40,tournament_selection,two_point_crossover,0.95,ball_mutation,None,None,0.95,0.007967027308746759
<class 'problems.ANNOP.ANNOP'>,1714960568256,algorithms.genetic_algorithm,18,0.32744282744282743,0.27800829875518673,40,tournament_selection,two_point_crossover,0.95,ball_mutation,None,None,0.95,-0.004984181607264798
<class 'problems.ANNOP.ANNOP'>,1714960568256,algorithms.genetic_algorithm,19,0.32744282744282743,0.27800829875518673,40,tournament_selection,two_point_crossover,0.95,ball_mutation,None,None,0.95,0.019232909644261192
<class 'problems.ANNOP.ANNOP'>,1714960568256,algorithms.genetic_algorithm,20,0.32744282744282743,0.27800829875518673,40,tournament_selection,two_point_crossover,0.95,ball_mutation,None,None,0.95,-0.018671425054932897
<class 'problems.ANNOP.ANNOP'>,1714960568256,algorithms.genetic_algorithm,21,0.32744282744282743,0.27800829875518673,40,tournament_selection,two_point_crossover,0.95,ball_mutation,None,None,0.95,-0.010157865056451429
<class 'problems.ANNOP.ANNOP'>,1714960568256,algorithms.genetic_algorithm,22,0.32744282744282743,0.27800829875518673,40,tournament_selection,two_point_crossover,0.95,ball_mutation,None,None,0.95,-0.00038344752287457207
<class 'problems.ANNOP.ANNOP'>,1714960568256,algorithms.genetic_algorithm,23,0.32744282744282743,0.27800829875518673,40,tournament_selection,two_point_crossover,0.95,ball_mutation,None,None,0.95,0.0009603410797063491
<class 'problems.ANNOP.ANNOP'>,1714960568256,algorithms.genetic_algorithm,24,0.33471933471933474,0.2863070539419087,40,tournament_selection,two_point_crossover,0.95,ball_mutation,None,None,0.95,0.001554959356362469
<class 'problems.ANNOP.ANNOP'>,1714960568256,algorithms.genetic_algorithm,25,0.33471933471933474,0.2863070539419087,40,tournament_selection,two_point_crossover,0.95,ball_mutation,None,None,0.95,0.0014137998748900288
<class 'problems.ANNOP.ANNOP'>,1714960568256,algorithms.genetic_algorithm,26,0.33471933471933474,0.2863070539419087,40,tournament_selection,two_point_crossover,0.95,ball_mutation,None,None,0.95,0.007176700077229821
<class 'problems.ANNOP.ANNOP'>,1714960568256,algorithms.genetic_algorithm,27,0.33471933471933474,0.2863070539419087,40,tournament_selection,two_point_crossover,0.95,ball_mutation,None,None,0.95,-0.008182484713654174
<class 'problems.ANNOP.ANNOP'>,1714960568256,algorithms.genetic_algorithm,28,0.33471933471933474,0.2863070539419087,40,tournament_selection,two_point_crossover,0.95,ball_mutation,None,None,0.95,-0.001283188833578676
<class 'problems.ANNOP.ANNOP'>,1714960568256,algorithms.genetic_algorithm,29,0.33471933471933474,0.2863070539419087,40,tournament_selection,two_point_crossover,0.95,ball_mutation,None,None,0.95,-0.005983060960563384
<class 'problems.ANNOP.ANNOP'>,1714960568256,algorithms.genetic_algorithm,30,0.33471933471933474,0.2863070539419087,40,tournament_selection,two_point_crossover,0.95,ball_mutation,None,None,0.95,0.004832199291751972
<class 'problems.ANNOP.ANNOP'>,1714960568256,algorithms.genetic_algorithm,31,0.3399168399168399,0.3360995850622407,40,tournament_selection,two_point_crossover,0.95,ball_mutation,None,None,0.95,0.0013665472590736263
<class 'problems.ANNOP.ANNOP'>,1714960568256,algorithms.genetic_algorithm,32,0.3399168399168399,0.34024896265560167,40,tournament_selection,two_point_crossover,0.95,ball_mutation,None,None,0.95,-0.0012513171778805454
<class 'problems.ANNOP.ANNOP'>,1714960568256,algorithms.genetic_algorithm,33,0.3575883575883576,0.36099585062240663,40,tournament_selection,two_point_crossover,0.95,ball_mutation,None,None,0.95,-0.0002948942651535835
<class 'problems.ANNOP.ANNOP'>,1714960568256,algorithms.genetic_algorithm,34,0.3575883575883576,0.36099585062240663,40,tournament_selection,two_point_crossover,0.95,ball_mutation,None,None,0.95,-0.004363931049750788
<class 'problems.ANNOP.ANNOP'>,1714960568256,algorithms.genetic_algorithm,35,0.3575883575883576,0.36099585062240663,40,tournament_selection,two_point_crossover,0.95,ball_mutation,None,None,0.95,-0.005795438074257253
<class 'problems.ANNOP.ANNOP'>,1714960568256,algorithms.genetic_algorithm,36,0.36174636174636177,0.3360995850622407,40,tournament_selection,two_point_crossover,0.95,ball_mutation,None,None,0.95,-0.00675265574505126
<class 'problems.ANNOP.ANNOP'>,1714960568256,algorithms.genetic_algorithm,37,0.36174636174636177,0.3360995850622407,40,tournament_selection,two_point_crossover,0.95,ball_mutation,None,None,0.95,-0.00062619361828593
<class 'problems.ANNOP.ANNOP'>,1714960568256,algorithms.genetic_algorithm,38,0.3627858627858628,0.35684647302904565,40,tournament_selection,two_point_crossover,0.95,ball_mutation,None,None,0.95,0.0056305798262982765
<class 'problems.ANNOP.ANNOP'>,1714960568256,algorithms.genetic_algorithm,39,0.3627858627858628,0.35684647302904565,40,tournament_selection,two_point_crossover,0.95,ball_mutation,None,None,0.95,-0.009334532558815667
<class 'problems.ANNOP.ANNOP'>,1714960568256,algorithms.genetic_algorithm,40,0.3627858627858628,0.35684647302904565,40,tournament_selection,two_point_crossover,0.95,ball_mutation,None,None,0.95,0.0037250250379258915
<class 'problems.ANNOP.ANNOP'>,1714960568256,algorithms.genetic_algorithm,41,0.3700623700623701,0.35269709543568467,40,tournament_selection,two_point_crossover,0.95,ball_mutation,None,None,0.95,-0.0003313804633663861
<class 'problems.ANNOP.ANNOP'>,1714960568256,algorithms.genetic_algorithm,42,0.3700623700623701,0.35269709543568467,40,tournament_selection,two_point_crossover,0.95,ball_mutation,None,None,0.95,0.0015945200390590601
<class 'problems.ANNOP.ANNOP'>,1714960568256,algorithms.genetic_algorithm,43,0.3700623700623701,0.35269709543568467,40,tournament_selection,two_point_crossover,0.95,ball_mutation,None,None,0.95,-0.0035903229703684245
<class 'problems.ANNOP.ANNOP'>,1714960568256,algorithms.genetic_algorithm,44,0.3731808731808732,0.35269709543568467,40,tournament_selection,two_point_crossover,0.95,ball_mutation,None,None,0.95,0.002927318982838
<class 'problems.ANNOP.ANNOP'>,1714960568256,algorithms.genetic_algorithm,45,0.3731808731808732,0.35269709543568467,40,tournament_selection,two_point_crossover,0.95,ball_mutation,None,None,0.95,0.011904018368408282
<class 'problems.ANNOP.ANNOP'>,1714960568256,algorithms.genetic_algorithm,46,0.3762993762993763,0.35269709543568467,40,tournament_selection,two_point_crossover,0.95,ball_mutation,None,None,0.95,-0.00787592305042234
<class 'problems.ANNOP.ANNOP'>,1714960568256,algorithms.genetic_algorithm,47,0.3762993762993763,0.35269709543568467,40,tournament_selection,two_point_crossover,0.95,ball_mutation,None,None,0.95,0.011436614596918027
<class 'problems.ANNOP.ANNOP'>,1714960568256,algorithms.genetic_algorithm,48,0.3762993762993763,0.35269709543568467,40,tournament_selection,two_point_crossover,0.95,ball_mutation,None,None,0.95,-0.019541028415560335
<class 'problems.ANNOP.ANNOP'>,1714960568256,algorithms.genetic_algorithm,49,0.3762993762993763,0.35269709543568467,40,tournament_selection,two_point_crossover,0.95,ball_mutation,None,None,0.95,0.01316348891848539
<class 'problems.ANNOP.ANNOP'>,1714960568256,algorithms.genetic_algorithm,50,0.3762993762993763,0.35269709543568467,40,tournament_selection,two_point_crossover,0.95,ball_mutation,None,None,0.95,-0.005800335225450096
<class 'problems.ANNOP.ANNOP'>,1714960568256,algorithms.genetic_algorithm,51,0.3762993762993763,0.35269709543568467,40,tournament_selection,two_point_crossover,0.95,ball_mutation,None,None,0.95,-0.00022755225843474128
<class 'problems.ANNOP.ANNOP'>,1714960568256,algorithms.genetic_algorithm,52,0.3762993762993763,0.35269709543568467,40,tournament_selection,two_point_crossover,0.95,ball_mutation,None,None,0.95,-0.0021963611709980395
<class 'problems.ANNOP.ANNOP'>,1714960568256,algorithms.genetic_algorithm,53,0.3762993762993763,0.35269709543568467,40,tournament_selection,two_point_crossover,0.95,ball_mutation,None,None,0.95,0.002170453152571219
<class 'problems.ANNOP.ANNOP'>,1714960568256,algorithms.genetic_algorithm,54,0.3762993762993763,0.35269709543568467,40,tournament_selection,two_point_crossover,0.95,ball_mutation,None,None,0.95,0.007674494358335209
<class 'problems.ANNOP.ANNOP'>,1714960568256,algorithms.genetic_algorithm,55,0.3762993762993763,0.35269709543568467,40,tournament_selection,two_point_crossover,0.95,ball_mutation,None,None,0.95,-0.0017516464009299446
<class 'problems.ANNOP.ANNOP'>,1714960568256,algorithms.genetic_algorithm,56,0.3762993762993763,0.35269709543568467,40,tournament_selection,two_point_crossover,0.95,ball_mutation,None,None,0.95,-0.005785974288255887
<class 'problems.ANNOP.ANNOP'>,1714960568256,algorithms.genetic_algorithm,57,0.3762993762993763,0.35269709543568467,40,tournament_selection,two_point_crossover,0.95,ball_mutation,None,None,0.95,-0.0018167297002330066
<class 'problems.ANNOP.ANNOP'>,1714960568256,algorithms.genetic_algorithm,58,0.3762993762993763,0.35269709543568467,40,tournament_selection,two_point_crossover,0.95,ball_mutation,None,None,0.95,0.0017972897762991331
<class 'problems.ANNOP.ANNOP'>,1714960568256,algorithms.genetic_algorithm,59,0.3762993762993763,0.35269709543568467,40,tournament_selection,two_point_crossover,0.95,ball_mutation,None,None,0.95,0.0010647921449169068
<class 'problems.ANNOP.ANNOP'>,1714960568256,algorithms.genetic_algorithm,60,0.3762993762993763,0.35269709543568467,40,tournament_selection,two_point_crossover,0.95,ball_mutation,None,None,0.95,-0.012159236962437633
<class 'problems.ANNOP.ANNOP'>,1714960568256,algorithms.genetic_algorithm,61,0.3762993762993763,0.35269709543568467,40,tournament_selection,two_point_crossover,0.95,ball_mutation,None,None,0.95,-0.0026385519825342096
<class 'problems.ANNOP.ANNOP'>,1714960568256,algorithms.genetic_algorithm,62,0.3762993762993763,0.35269709543568467,40,tournament_selection,two_point_crossover,0.95,ball_mutation,None,None,0.95,0.00833881116899884
<class 'problems.ANNOP.ANNOP'>,1714960568256,algorithms.genetic_algorithm,63,0.3804573804573805,0.36099585062240663,40,tournament_selection,two_point_crossover,0.95,ball_mutation,None,None,0.95,-0.0033362635068634634
<class 'problems.ANNOP.ANNOP'>,1714960568256,algorithms.genetic_algorithm,64,0.3814968814968815,0.36099585062240663,40,tournament_selection,two_point_crossover,0.95,ball_mutation,None,None,0.95,0.008104195841499236
<class 'problems.ANNOP.ANNOP'>,1714960568256,algorithms.genetic_algorithm,65,0.3814968814968815,0.36099585062240663,40,tournament_selection,two_point_crossover,0.95,ball_mutation,None,None,0.95,-0.0066702223547622334
<class 'problems.ANNOP.ANNOP'>,1714960568256,algorithms.genetic_algorithm,66,0.3814968814968815,0.36099585062240663,40,tournament_selection,two_point_crossover,0.95,ball_mutation,None,None,0.95,-0.0009074378878097568
<class 'problems.ANNOP.ANNOP'>,1714960568256,algorithms.genetic_algorithm,67,0.38357588357588357,0.36099585062240663,40,tournament_selection,two_point_crossover,0.95,ball_mutation,None,None,0.95,0.0015199835571750794
<class 'problems.ANNOP.ANNOP'>,1714960568256,algorithms.genetic_algorithm,68,0.38357588357588357,0.36099585062240663,40,tournament_selection,two_point_crossover,0.95,ball_mutation,None,None,0.95,0.012670827699762192
<class 'problems.ANNOP.ANNOP'>,1714960568256,algorithms.genetic_algorithm,69,0.38357588357588357,0.36099585062240663,40,tournament_selection,two_point_crossover,0.95,ball_mutation,None,None,0.95,-0.0034608444600086052
<class 'problems.ANNOP.ANNOP'>,1714960568256,algorithms.genetic_algorithm,70,0.38357588357588357,0.35269709543568467,40,tournament_selection,two_point_crossover,0.95,ball_mutation,None,None,0.95,-0.0013723678753909188
<class 'problems.ANNOP.ANNOP'>,1714960568256,algorithms.genetic_algorithm,71,0.38357588357588357,0.35269709543568467,40,tournament_selection,two_point_crossover,0.95,ball_mutation,None,None,0.95,-0.009182431170856271
<class 'problems.ANNOP.ANNOP'>,1714960568256,algorithms.genetic_algorithm,72,0.38357588357588357,0.35269709543568467,40,tournament_selection,two_point_crossover,0.95,ball_mutation,None,None,0.95,0.006170920134025988
<class 'problems.ANNOP.ANNOP'>,1714960568256,algorithms.genetic_algorithm,73,0.38357588357588357,0.35269709543568467,40,tournament_selection,two_point_crossover,0.95,ball_mutation,None,None,0.95,-0.008101696829387082
<class 'problems.ANNOP.ANNOP'>,1714960568256,algorithms.genetic_algorithm,74,0.38357588357588357,0.35269709543568467,40,tournament_selection,two_point_crossover,0.95,ball_mutation,None,None,0.95,0.0074543259682794405
<class 'problems.ANNOP.ANNOP'>,1714960568256,algorithms.genetic_algorithm,75,0.38357588357588357,0.35269709543568467,40,tournament_selection,two_point_crossover,0.95,ball_mutation,None,None,0.95,-0.01234473053437797
<class 'problems.ANNOP.ANNOP'>,1714960568256,algorithms.genetic_algorithm,76,0.38357588357588357,0.35269709543568467,40,tournament_selection,two_point_crossover,0.95,ball_mutation,None,None,0.95,0.04000056488341229
<class 'problems.ANNOP.ANNOP'>,1714960568256,algorithms.genetic_algorithm,77,0.38357588357588357,0.35269709543568467,40,tournament_selection,two_point_crossover,0.95,ball_mutation,None,None,0.95,-0.035279050635240075
<class 'problems.ANNOP.ANNOP'>,1714960568256,algorithms.genetic_algorithm,78,0.38357588357588357,0.35269709543568467,40,tournament_selection,two_point_crossover,0.95,ball_mutation,None,None,0.95,0.007711553310034303
<class 'problems.ANNOP.ANNOP'>,1714960568256,algorithms.genetic_algorithm,79,0.38357588357588357,0.35269709543568467,40,tournament_selection,two_point_crossover,0.95,ball_mutation,None,None,0.95,-0.00719697687834429
<class 'problems.ANNOP.ANNOP'>,1714960568256,algorithms.genetic_algorithm,80,0.38357588357588357,0.35269709543568467,40,tournament_selection,two_point_crossover,0.95,ball_mutation,None,None,0.95,0.001727998918194102
<class 'problems.ANNOP.ANNOP'>,1714960568256,algorithms.genetic_algorithm,81,0.38357588357588357,0.35269709543568467,40,tournament_selection,two_point_crossover,0.95,ball_mutation,None,None,0.95,0.0034311595996931628
<class 'problems.ANNOP.ANNOP'>,1714960568256,algorithms.genetic_algorithm,82,0.38357588357588357,0.35269709543568467,40,tournament_selection,two_point_crossover,0.95,ball_mutation,None,None,0.95,-0.002079378916585814
<class 'problems.ANNOP.ANNOP'>,1714960568256,algorithms.genetic_algorithm,83,0.38357588357588357,0.35269709543568467,40,tournament_selection,two_point_crossover,0.95,ball_mutation,None,None,0.95,0.0023567690397118084
<class 'problems.ANNOP.ANNOP'>,1714960568256,algorithms.genetic_algorithm,84,0.38357588357588357,0.35269709543568467,40,tournament_selection,two_point_crossover,0.95,ball_mutation,None,None,0.95,-0.00811034688147469
<class 'problems.ANNOP.ANNOP'>,1714960568256,algorithms.genetic_algorithm,85,0.38357588357588357,0.35269709543568467,40,tournament_selection,two_point_crossover,0.95,ball_mutation,None,None,0.95,-0.002058720446271072
<class 'problems.ANNOP.ANNOP'>,1714960568256,algorithms.genetic_algorithm,86,0.38461538461538464,0.35269709543568467,40,tournament_selection,two_point_crossover,0.95,ball_mutation,None,None,0.95,0.00196957942345918
<class 'problems.ANNOP.ANNOP'>,1714960568256,algorithms.genetic_algorithm,87,0.38461538461538464,0.35269709543568467,40,tournament_selection,two_point_crossover,0.95,ball_mutation,None,None,0.95,0.0009230928766842603
<class 'problems.ANNOP.ANNOP'>,1714960568256,algorithms.genetic_algorithm,88,0.38461538461538464,0.35269709543568467,40,tournament_selection,two_point_crossover,0.95,ball_mutation,None,None,0.95,0.009868179226409472
<class 'problems.ANNOP.ANNOP'>,1714960568256,algorithms.genetic_algorithm,89,0.38461538461538464,0.35269709543568467,40,tournament_selection,two_point_crossover,0.95,ball_mutation,None,None,0.95,-0.011008494417751442
<class 'problems.ANNOP.ANNOP'>,1714960568256,algorithms.genetic_algorithm,90,0.38461538461538464,0.35269709543568467,40,tournament_selection,two_point_crossover,0.95,ball_mutation,None,None,0.95,0.00309097160892393
<class 'problems.ANNOP.ANNOP'>,1714960568256,algorithms.genetic_algorithm,91,0.38461538461538464,0.35269709543568467,40,tournament_selection,two_point_crossover,0.95,ball_mutation,None,None,0.95,0.00036193937233379783
<class 'problems.ANNOP.ANNOP'>,1714960568256,algorithms.genetic_algorithm,92,0.38565488565488565,0.35684647302904565,40,tournament_selection,two_point_crossover,0.95,ball_mutation,None,None,0.95,0.0028480250832417058
<class 'problems.ANNOP.ANNOP'>,1714960568256,algorithms.genetic_algorithm,93,0.38565488565488565,0.35684647302904565,40,tournament_selection,two_point_crossover,0.95,ball_mutation,None,None,0.95,0.0013526793431508782
<class 'problems.ANNOP.ANNOP'>,1714960568256,algorithms.genetic_algorithm,94,0.38565488565488565,0.35684647302904565,40,tournament_selection,two_point_crossover,0.95,ball_mutation,None,None,0.95,-0.008856737964384798
<class 'problems.ANNOP.ANNOP'>,1714960568256,algorithms.genetic_algorithm,95,0.38565488565488565,0.35684647302904565,40,tournament_selection,two_point_crossover,0.95,ball_mutation,None,None,0.95,-0.001732624410981081
<class 'problems.ANNOP.ANNOP'>,1714960568256,algorithms.genetic_algorithm,96,0.3866943866943867,0.36099585062240663,40,tournament_selection,two_point_crossover,0.95,ball_mutation,None,None,0.95,0.009466863536052809
<class 'problems.ANNOP.ANNOP'>,1714960568256,algorithms.genetic_algorithm,97,0.3866943866943867,0.36099585062240663,40,tournament_selection,two_point_crossover,0.95,ball_mutation,None,None,0.95,-0.004728231955199953
<class 'problems.ANNOP.ANNOP'>,1714960568256,algorithms.genetic_algorithm,98,0.3877338877338877,0.36099585062240663,40,tournament_selection,two_point_crossover,0.95,ball_mutation,None,None,0.95,-0.012734214980938286
<class 'problems.ANNOP.ANNOP'>,1714960568256,algorithms.genetic_algorithm,99,0.3877338877338877,0.36099585062240663,40,tournament_selection,two_point_crossover,0.95,ball_mutation,None,None,0.95,0.009319792831086988
<class 'problems.ANNOP.ANNOP'>,1714960568256,algorithms.genetic_algorithm,100,0.3877338877338877,0.36099585062240663,40,tournament_selection,two_point_crossover,0.95,ball_mutation,None,None,0.95,0.0015064997061461118
<class 'problems.ANNOP.ANNOP'>,1714960568256,algorithms.genetic_algorithm,101,0.3877338877338877,0.36099585062240663,40,tournament_selection,two_point_crossover,0.95,ball_mutation,None,None,0.95,0.001766795555699134
<class 'problems.ANNOP.ANNOP'>,1714960568256,algorithms.genetic_algorithm,102,0.3877338877338877,0.36099585062240663,40,tournament_selection,two_point_crossover,0.95,ball_mutation,None,None,0.95,-0.0038378782216763364
<class 'problems.ANNOP.ANNOP'>,1714960568256,algorithms.genetic_algorithm,103,0.3877338877338877,0.36099585062240663,40,tournament_selection,two_point_crossover,0.95,ball_mutation,None,None,0.95,0.0033342503928688143
<class 'problems.ANNOP.ANNOP'>,1714960568256,algorithms.genetic_algorithm,104,0.3877338877338877,0.36099585062240663,40,tournament_selection,two_point_crossover,0.95,ball_mutation,None,None,0.95,-0.0071892131468976155
<class 'problems.ANNOP.ANNOP'>,1714960568256,algorithms.genetic_algorithm,105,0.3877338877338877,0.36099585062240663,40,tournament_selection,two_point_crossover,0.95,ball_mutation,None,None,0.95,0.0019334175104403252
<class 'problems.ANNOP.ANNOP'>,1714960568256,algorithms.genetic_algorithm,106,0.3877338877338877,0.36099585062240663,40,tournament_selection,two_point_crossover,0.95,ball_mutation,None,None,0.95,-0.0007764418708161164
<class 'problems.ANNOP.ANNOP'>,1714960568256,algorithms.genetic_algorithm,107,0.3877338877338877,0.36099585062240663,40,tournament_selection,two_point_crossover,0.95,ball_mutation,None,None,0.95,-0.00035522349516686064
<class 'problems.ANNOP.ANNOP'>,1714960568256,algorithms.genetic_algorithm,108,0.3877338877338877,0.36099585062240663,40,tournament_selection,two_point_crossover,0.95,ball_mutation,None,None,0.95,0.0032880545447561416
<class 'problems.ANNOP.ANNOP'>,1714960568256,algorithms.genetic_algorithm,109,0.3877338877338877,0.36099585062240663,40,tournament_selection,two_point_crossover,0.95,ball_mutation,None,None,0.95,-0.004179676374150405
<class 'problems.ANNOP.ANNOP'>,1714960568256,algorithms.genetic_algorithm,110,0.3877338877338877,0.36099585062240663,40,tournament_selection,two_point_crossover,0.95,ball_mutation,None,None,0.95,0.0008128089540706748
<class 'problems.ANNOP.ANNOP'>,1714960568256,algorithms.genetic_algorithm,111,0.3877338877338877,0.36099585062240663,40,tournament_selection,two_point_crossover,0.95,ball_mutation,None,None,0.95,0.0041397342804410965
<class 'problems.ANNOP.ANNOP'>,1714960568256,algorithms.genetic_algorithm,112,0.3877338877338877,0.36099585062240663,40,tournament_selection,two_point_crossover,0.95,ball_mutation,None,None,0.95,-0.0035688390884668006
<class 'problems.ANNOP.ANNOP'>,1714960568256,algorithms.genetic_algorithm,113,0.3877338877338877,0.34439834024896265,40,tournament_selection,two_point_crossover,0.95,ball_mutation,None,None,0.95,0.0029792398882241555
<class 'problems.ANNOP.ANNOP'>,1714960568256,algorithms.genetic_algorithm,114,0.3877338877338877,0.34439834024896265,40,tournament_selection,two_point_crossover,0.95,ball_mutation,None,None,0.95,-0.007491111785267478
<class 'problems.ANNOP.ANNOP'>,1714960568256,algorithms.genetic_algorithm,115,0.3877338877338877,0.34439834024896265,40,tournament_selection,two_point_crossover,0.95,ball_mutation,None,None,0.95,0.009166616194487026
<class 'problems.ANNOP.ANNOP'>,1714960568256,algorithms.genetic_algorithm,116,0.3877338877338877,0.34439834024896265,40,tournament_selection,two_point_crossover,0.95,ball_mutation,None,None,0.95,-0.013728679000987648
<class 'problems.ANNOP.ANNOP'>,1714960568256,algorithms.genetic_algorithm,117,0.3877338877338877,0.34439834024896265,40,tournament_selection,two_point_crossover,0.95,ball_mutation,None,None,0.95,0.0012888404599523777
<class 'problems.ANNOP.ANNOP'>,1714960568256,algorithms.genetic_algorithm,118,0.3877338877338877,0.34439834024896265,40,tournament_selection,two_point_crossover,0.95,ball_mutation,None,None,0.95,0.0033092667408723096
<class 'problems.ANNOP.ANNOP'>,1714960568256,algorithms.genetic_algorithm,119,0.3877338877338877,0.34439834024896265,40,tournament_selection,two_point_crossover,0.95,ball_mutation,None,None,0.95,-0.003864158149431071
<class 'problems.ANNOP.ANNOP'>,1714960568256,algorithms.genetic_algorithm,120,0.3877338877338877,0.34439834024896265,40,tournament_selection,two_point_crossover,0.95,ball_mutation,None,None,0.95,0.006101939504311395
<class 'problems.ANNOP.ANNOP'>,1714960568256,algorithms.genetic_algorithm,121,0.3877338877338877,0.34439834024896265,40,tournament_selection,two_point_crossover,0.95,ball_mutation,None,None,0.95,-0.0024621494530800876
<class 'problems.ANNOP.ANNOP'>,1714960568256,algorithms.genetic_algorithm,122,0.3877338877338877,0.34439834024896265,40,tournament_selection,two_point_crossover,0.95,ball_mutation,None,None,0.95,0.007212843581855963
<class 'problems.ANNOP.ANNOP'>,1714960568256,algorithms.genetic_algorithm,123,0.3877338877338877,0.34439834024896265,40,tournament_selection,two_point_crossover,0.95,ball_mutation,None,None,0.95,-0.0071774548622334025
<class 'problems.ANNOP.ANNOP'>,1714960568256,algorithms.genetic_algorithm,124,0.3877338877338877,0.34439834024896265,40,tournament_selection,two_point_crossover,0.95,ball_mutation,None,None,0.95,-0.00041865196664533574
