<class 'problems.ANNOP.ANNOP'>,407834056,algorithms.AGA_4p,[0, 0.1735966735966736, 0.1825726141078838, 40, 'tournament_selection', 'crossover_weight', 1.0, 'ball_mutation', <mtrand.RandomState object at 0x184F0DC8>, None, 1.0, 0.00021740863783906161, 32771.39552055529],1.1542039498947667
<class 'problems.ANNOP.ANNOP'>,407834056,algorithms.AGA_4p,[1, 0.21413721413721415, 0.1825726141078838, 40, 'tournament_selection', 'crossover_weight', 0.9953139444786452, 'ball_mutation', <mtrand.RandomState object at 0x184F0DC8>, None, 1.0, 0.008474096792865298, 30208.869344523213],1.189156121632916
<class 'problems.ANNOP.ANNOP'>,407834056,algorithms.AGA_4p,[2, 0.2203742203742204, 0.24066390041493776, 40, 'tournament_selection', 'crossover_weight', 0.9837803968336579, 'ball_mutation', <mtrand.RandomState object at 0x184F0DC8>, None, 1.012100587913001, -0.0009211355430772464, 28793.264954665316],1.2227548276533389
<class 'problems.ANNOP.ANNOP'>,407834056,algorithms.AGA_4p,[3, 0.24220374220374222, 0.24896265560165975, 40, 'tournament_selection', 'crossover_weight', 0.9606407444018354, 'ball_mutation', <mtrand.RandomState object at 0x184F0DC8>, None, 1.0400542103777508, -0.0006922103203429106, 25309.110615802776],1.2483271673546048
<class 'problems.ANNOP.ANNOP'>,407834056,algorithms.AGA_4p,[4, 0.2525987525987526, 0.27800829875518673, 40, 'tournament_selection', 'crossover_weight', 0.9549075955544867, 'ball_mutation', <mtrand.RandomState object at 0x184F0DC8>, None, 1.0498871793761113, -0.002088430217509131, 18318.883245896755],1.2733788687333147
<class 'problems.ANNOP.ANNOP'>,407834056,algorithms.AGA_4p,[5, 0.2525987525987526, 0.24896265560165975, 40, 'tournament_selection', 'crossover_weight', 0.9539843922568353, 'ball_mutation', <mtrand.RandomState object at 0x184F0DC8>, None, 1.051652434795464, 0.015026010350135677, 16586.963801274098],1.3062428560586934
<class 'problems.ANNOP.ANNOP'>,407834056,algorithms.AGA_4p,[6, 0.2525987525987526, 0.24896265560165975, 40, 'tournament_selection', 'crossover_weight', 0.9393900374375225, 'ball_mutation', <mtrand.RandomState object at 0x184F0DC8>, None, 1.0800832240261347, -0.013761375455745843, 16308.074523302284],1.3428879094456383
<class 'problems.ANNOP.ANNOP'>,407834056,algorithms.AGA_4p,[7, 0.2525987525987526, 0.24896265560165975, 40, 'tournament_selection', 'crossover_weight', 0.9409654329144055, 'ball_mutation', <mtrand.RandomState object at 0x184F0DC8>, None, 1.0757634560429563, 0.005742318752883904, 11899.284944259927],1.376503882312007
<class 'problems.ANNOP.ANNOP'>,407834056,algorithms.AGA_4p,[8, 0.2525987525987526, 0.26141078838174275, 40, 'tournament_selection', 'crossover_weight', 0.9392129172106378, 'ball_mutation', <mtrand.RandomState object at 0x184F0DC8>, None, 1.0803656101424721, -0.003293211100795411, 12375.194105531074],1.3955743430373762
<class 'problems.ANNOP.ANNOP'>,407834056,algorithms.AGA_4p,[9, 0.2525987525987526, 0.26141078838174275, 40, 'tournament_selection', 'crossover_weight', 0.9371729625812757, 'ball_mutation', <mtrand.RandomState object at 0x184F0DC8>, None, 1.0859859439115085, 0.0008003407183637679, 11845.778926337636],1.4283478303668
<class 'problems.ANNOP.ANNOP'>,407834056,algorithms.AGA_4p,[10, 0.27234927234927236, 0.27800829875518673, 40, 'tournament_selection', 'crossover_weight', 0.937197950987675, 'ball_mutation', <mtrand.RandomState object at 0x184F0DC8>, None, 1.085912941771711, 0.0071395455368297445, 11229.531697666078],1.4465567890948015
<class 'problems.ANNOP.ANNOP'>,407834056,algorithms.AGA_4p,[11, 0.27234927234927236, 0.27800829875518673, 40, 'tournament_selection', 'crossover_weight', 0.9388818633493216, 'ball_mutation', <mtrand.RandomState object at 0x184F0DC8>, None, 1.0809971273847112, -0.010055145462526838, 11237.080412706528],1.464817746629628
<class 'problems.ANNOP.ANNOP'>,407834056,algorithms.AGA_4p,[12, 0.2817047817047817, 0.27385892116182575, 40, 'tournament_selection', 'crossover_weight', 0.9392842941357623, 'ball_mutation', <mtrand.RandomState object at 0x184F0DC8>, None, 1.0798782856249804, 0.011461412626906455, 11745.771297912599],1.4809122339152596
<class 'problems.ANNOP.ANNOP'>,407834056,algorithms.AGA_4p,[13, 0.2817047817047817, 0.27385892116182575, 40, 'tournament_selection', 'crossover_weight', 0.939739166993943, 'ball_mutation', <mtrand.RandomState object at 0x184F0DC8>, None, 1.0786278945130212, -0.008990052105357589, 11867.341088390636],1.4916836817580685
<class 'problems.ANNOP.ANNOP'>,407834056,algorithms.AGA_4p,[14, 0.28274428274428276, 0.2821576763485477, 40, 'tournament_selection', 'crossover_weight', 0.9384938521840591, 'ball_mutation', <mtrand.RandomState object at 0x184F0DC8>, None, 1.0820080139090713, -0.0078058374778436565, 12004.753035802136],1.5205109467663405
<class 'problems.ANNOP.ANNOP'>,407834056,algorithms.AGA_4p,[15, 0.28482328482328484, 0.27385892116182575, 40, 'tournament_selection', 'crossover_weight', 0.9328083548922529, 'ball_mutation', <mtrand.RandomState object at 0x184F0DC8>, None, 1.0979891466971798, 0.0032752280918225338, 11628.557511956304],1.549601484805915
<class 'problems.ANNOP.ANNOP'>,407834056,algorithms.AGA_4p,[16, 0.28482328482328484, 0.27800829875518673, 40, 'tournament_selection', 'crossover_weight', 0.9349395721512255, 'ball_mutation', <mtrand.RandomState object at 0x184F0DC8>, None, 1.0908566542961111, -0.0018627986276233237, 9911.033063488156],1.5729936817312162
<class 'problems.ANNOP.ANNOP'>,407834056,algorithms.AGA_4p,[17, 0.2869022869022869, 0.29045643153526973, 40, 'tournament_selection', 'crossover_weight', 0.9371982436051873, 'ball_mutation', <mtrand.RandomState object at 0x184F0DC8>, None, 1.0838048026742344, -0.0025231933876888463, 10554.849700699117],1.59110282232282
<class 'problems.ANNOP.ANNOP'>,407834056,algorithms.AGA_4p,[18, 0.2910602910602911, 0.2821576763485477, 40, 'tournament_selection', 'crossover_weight', 0.9381644204828145, 'ball_mutation', <mtrand.RandomState object at 0x184F0DC8>, None, 1.0809897580949277, 0.011615593716902604, 11237.168809148496],1.6243658538822254
<class 'problems.ANNOP.ANNOP'>,407834056,algorithms.AGA_4p,[19, 0.2910602910602911, 0.2821576763485477, 40, 'tournament_selection', 'crossover_weight', 0.9409966104639754, 'ball_mutation', <mtrand.RandomState object at 0x184F0DC8>, None, 1.0729677094855623, -0.0052338829436127735, 11529.039919747882],1.6510321138491577
<class 'problems.ANNOP.ANNOP'>,407834056,algorithms.AGA_4p,[20, 0.2910602910602911, 0.2821576763485477, 40, 'tournament_selection', 'crossover_weight', 0.9423702995097325, 'ball_mutation', <mtrand.RandomState object at 0x184F0DC8>, None, 1.0693724757033292, -0.0008892023756177751, 12384.612490745456],1.688628178380337
<class 'problems.ANNOP.ANNOP'>,407834056,algorithms.AGA_4p,[21, 0.2910602910602911, 0.2821576763485477, 40, 'tournament_selection', 'crossover_weight', 0.9450705034778526, 'ball_mutation', <mtrand.RandomState object at 0x184F0DC8>, None, 1.0625575042830084, 0.0009333718336226905, 12799.588419778236],1.7245267499398642
<class 'problems.ANNOP.ANNOP'>,407834056,algorithms.AGA_4p,[22, 0.2910602910602911, 0.2821576763485477, 40, 'tournament_selection', 'crossover_weight', 0.9464091137554289, 'ball_mutation', <mtrand.RandomState object at 0x184F0DC8>, None, 1.0594016700100497, 0.0035688481185880416, 13615.289508543266],1.7236872325252344
<class 'problems.ANNOP.ANNOP'>,407834056,algorithms.AGA_4p,[23, 0.29625779625779625, 0.3070539419087137, 40, 'tournament_selection', 'crossover_weight', 0.9451139490132645, 'ball_mutation', <mtrand.RandomState object at 0x184F0DC8>, None, 1.062358200699297, -0.00045838616873630084, 14019.668538328657],1.750710817024172
<class 'problems.ANNOP.ANNOP'>,407834056,algorithms.AGA_4p,[24, 0.31496881496881496, 0.31950207468879666, 40, 'tournament_selection', 'crossover_weight', 0.9477271037152778, 'ball_mutation', <mtrand.RandomState object at 0x184F0DC8>, None, 1.0562046575311663, 0.006325953079473548, 13628.413913571902],1.80272406951207
<class 'problems.ANNOP.ANNOP'>,407834056,algorithms.AGA_4p,[25, 0.31496881496881496, 0.31950207468879666, 40, 'tournament_selection', 'crossover_weight', 0.9425141196208792, 'ball_mutation', <mtrand.RandomState object at 0x184F0DC8>, None, 1.067741033408878, -0.0017600133265330345, 14417.818403273359],1.8007630315968788
<class 'problems.ANNOP.ANNOP'>,407834056,algorithms.AGA_4p,[26, 0.3388773388773389, 0.3360995850622407, 40, 'tournament_selection', 'crossover_weight', 0.937091454991031, 'ball_mutation', <mtrand.RandomState object at 0x184F0DC8>, None, 1.08136004184028, -0.010301910319812004, 12843.034849245701],1.8056473906771997
<class 'problems.ANNOP.ANNOP'>,407834056,algorithms.AGA_4p,[27, 0.3388773388773389, 0.3360995850622407, 40, 'tournament_selection', 'crossover_weight', 0.9290042325308745, 'ball_mutation', <mtrand.RandomState object at 0x184F0DC8>, None, 1.104937437820031, 0.00882980359966554, 11204.909176223184],1.8176892944200624
<class 'problems.ANNOP.ANNOP'>,407834056,algorithms.AGA_4p,[28, 0.3388773388773389, 0.3360995850622407, 40, 'tournament_selection', 'crossover_weight', 0.9313358586300557, 'ball_mutation', <mtrand.RandomState object at 0x184F0DC8>, None, 1.0960549377737319, -0.002196709084460749, 8761.850709633585],1.8404855096370156
<class 'problems.ANNOP.ANNOP'>,407834056,algorithms.AGA_4p,[29, 0.34303534303534305, 0.34024896265560167, 40, 'tournament_selection', 'crossover_weight', 0.9310934564130047, 'ball_mutation', <mtrand.RandomState object at 0x184F0DC8>, None, 1.0969028039517832, 0.0029591414518733775, 9466.20859153805],1.8644510732562691
<class 'problems.ANNOP.ANNOP'>,407834056,algorithms.AGA_4p,[30, 0.34303534303534305, 0.34024896265560167, 40, 'tournament_selection', 'crossover_weight', 0.9328127066561931, 'ball_mutation', <mtrand.RandomState object at 0x184F0DC8>, None, 1.0908377001325131, 0.00037816123496058063, 9392.981622500847],1.8834515893548271
<class 'problems.ANNOP.ANNOP'>,407834056,algorithms.AGA_4p,[31, 0.34303534303534305, 0.34024896265560167, 40, 'tournament_selection', 'crossover_weight', 0.9348992891752319, 'ball_mutation', <mtrand.RandomState object at 0x184F0DC8>, None, 1.0839009883883284, -0.008426491839833086, 9912.347682171048],1.9112491608142148
<class 'problems.ANNOP.ANNOP'>,407834056,algorithms.AGA_4p,[32, 0.34303534303534305, 0.33195020746887965, 40, 'tournament_selection', 'crossover_weight', 0.9333935938822474, 'ball_mutation', <mtrand.RandomState object at 0x184F0DC8>, None, 1.0885773719332281, 0.009080608488144674, 10542.68066911315],1.9374660479296597
<class 'problems.ANNOP.ANNOP'>,407834056,algorithms.AGA_4p,[33, 0.34303534303534305, 0.33195020746887965, 40, 'tournament_selection', 'crossover_weight', 0.9357830916091141, 'ball_mutation', <mtrand.RandomState object at 0x184F0DC8>, None, 1.08078799423125, -0.005140296281620507, 10087.827145328825],1.9588408773406956
<class 'problems.ANNOP.ANNOP'>,407834056,algorithms.AGA_4p,[34, 0.34303534303534305, 0.33195020746887965, 40, 'tournament_selection', 'crossover_weight', 0.9369771004901875, 'ball_mutation', <mtrand.RandomState object at 0x184F0DC8>, None, 1.0771816248382238, -0.005112856244295021, 10809.66739162832],1.978876274190823
<class 'problems.ANNOP.ANNOP'>,407834056,algorithms.AGA_4p,[35, 0.3596673596673597, 0.3278008298755187, 40, 'tournament_selection', 'crossover_weight', 0.9358053367764388, 'ball_mutation', <mtrand.RandomState object at 0x184F0DC8>, None, 1.0805950951330001, 0.011988976451800554, 11170.363974473776],2.014364908911031
<class 'problems.ANNOP.ANNOP'>,407834056,algorithms.AGA_4p,[36, 0.3596673596673597, 0.3278008298755187, 40, 'tournament_selection', 'crossover_weight', 0.9331317649775014, 'ball_mutation', <mtrand.RandomState object at 0x184F0DC8>, None, 1.0886638603856673, 0.0048644903516072285, 10816.387405160938],2.0407877750351955
<class 'problems.ANNOP.ANNOP'>,407834056,algorithms.AGA_4p,[37, 0.3596673596673597, 0.3278008298755187, 40, 'tournament_selection', 'crossover_weight', 0.9304592256839895, 'ball_mutation', <mtrand.RandomState object at 0x184F0DC8>, None, 1.097445453959939, -0.010342274907839503, 10008.731593587898],2.0700070294320114
<class 'problems.ANNOP.ANNOP'>,407834056,algorithms.AGA_4p,[38, 0.3700623700623701, 0.35269709543568467, 40, 'tournament_selection', 'crossover_weight', 0.9308994050531615, 'ball_mutation', <mtrand.RandomState object at 0x184F0DC8>, None, 1.0958594883394188, 0.0016866758800935452, 9201.387690229838],2.094455389575849
<class 'problems.ANNOP.ANNOP'>,407834056,algorithms.AGA_4p,[39, 0.3700623700623701, 0.35269709543568467, 40, 'tournament_selection', 'crossover_weight', 0.9312616972204963, 'ball_mutation', <mtrand.RandomState object at 0x184F0DC8>, None, 1.0945746049947658, 0.018656451374523354, 9334.360900744543],2.116157508713186
<class 'problems.ANNOP.ANNOP'>,407834056,algorithms.AGA_4p,[40, 0.3700623700623701, 0.35269709543568467, 40, 'tournament_selection', 'crossover_weight', 0.9329985839321553, 'ball_mutation', <mtrand.RandomState object at 0x184F0DC8>, None, 1.0884931946576193, -0.020337460774213827, 9443.805268220176],2.1422397184426316
<class 'problems.ANNOP.ANNOP'>,407834056,algorithms.AGA_4p,[41, 0.38461538461538464, 0.3817427385892116, 40, 'tournament_selection', 'crossover_weight', 0.9329055233598086, 'ball_mutation', <mtrand.RandomState object at 0x184F0DC8>, None, 1.0888001647988184, 0.03127821331858846, 9968.499105607605],2.155911672696663
<class 'problems.ANNOP.ANNOP'>,407834056,algorithms.AGA_4p,[42, 0.38461538461538464, 0.3817427385892116, 40, 'tournament_selection', 'crossover_weight', 0.9300276986212145, 'ball_mutation', <mtrand.RandomState object at 0x184F0DC8>, None, 1.0983225055176733, -0.04054213094928093, 9940.38655889615],2.17407153878584
<class 'problems.ANNOP.ANNOP'>,407834056,algorithms.AGA_4p,[43, 0.38461538461538464, 0.3817427385892116, 40, 'tournament_selection', 'crossover_weight', 0.930001636944245, 'ball_mutation', <mtrand.RandomState object at 0x184F0DC8>, None, 1.0984178312591106, -0.001713026789773902, 9071.028243649891],2.2126634760260573
<class 'problems.ANNOP.ANNOP'>,407834056,algorithms.AGA_4p,[44, 0.38461538461538464, 0.3817427385892116, 40, 'tournament_selection', 'crossover_weight', 0.9320884791531826, 'ball_mutation', <mtrand.RandomState object at 0x184F0DC8>, None, 1.0907774991746275, 0.017445141693189697, 9063.155305705157],2.2315808324199744
<class 'problems.ANNOP.ANNOP'>,407834056,algorithms.AGA_4p,[45, 0.38461538461538464, 0.3817427385892116, 40, 'tournament_selection', 'crossover_weight', 0.928475366624538, 'ball_mutation', <mtrand.RandomState object at 0x184F0DC8>, None, 1.1030594830898441, -0.012070356445668132, 9693.5667420295],2.2457198003814662
<class 'problems.ANNOP.ANNOP'>,407834056,algorithms.AGA_4p,[46, 0.4002079002079002, 0.3900414937759336, 40, 'tournament_selection', 'crossover_weight', 0.9276216909466735, 'ball_mutation', <mtrand.RandomState object at 0x184F0DC8>, None, 1.1063663941627297, 0.006270807409217219, 8602.086298980645],2.274614812272546
<class 'problems.ANNOP.ANNOP'>,407834056,algorithms.AGA_4p,[47, 0.40436590436590436, 0.38589211618257263, 40, 'tournament_selection', 'crossover_weight', 0.924824657856675, 'ball_mutation', <mtrand.RandomState object at 0x184F0DC8>, None, 1.1175697032581424, -0.015275756673463845, 8344.200528828576],2.2976308175241953
<class 'problems.ANNOP.ANNOP'>,407834056,algorithms.AGA_4p,[48, 0.40436590436590436, 0.38589211618257263, 40, 'tournament_selection', 'crossover_weight', 0.9253832709831715, 'ball_mutation', <mtrand.RandomState object at 0x184F0DC8>, None, 1.1150549088564667, 0.005170589542628862, 7499.2484571478635],2.322609971795933
<class 'problems.ANNOP.ANNOP'>,407834056,algorithms.AGA_4p,[49, 0.4074844074844075, 0.36929460580912865, 40, 'tournament_selection', 'crossover_weight', 0.9256202135244455, 'ball_mutation', <mtrand.RandomState object at 0x184F0DC8>, None, 1.114014050316448, 0.0048066131823042806, 7667.999166672552],2.339308811447289
<class 'problems.ANNOP.ANNOP'>,407834056,algorithms.AGA_4p,[50, 0.4074844074844075, 0.36929460580912865, 40, 'tournament_selection', 'crossover_weight', 0.9251890355582624, 'ball_mutation', <mtrand.RandomState object at 0x184F0DC8>, None, 1.1158888914923675, -0.006242469691757582, 7739.576829387596],2.352667370101651
<class 'problems.ANNOP.ANNOP'>,407834056,algorithms.AGA_4p,[51, 0.4074844074844075, 0.36929460580912865, 40, 'tournament_selection', 'crossover_weight', 0.9273430116596508, 'ball_mutation', <mtrand.RandomState object at 0x184F0DC8>, None, 1.1063466523759877, 0.002281479698469053, 7609.322840940981],2.362662615690661
<class 'problems.ANNOP.ANNOP'>,407834056,algorithms.AGA_4p,[52, 0.4074844074844075, 0.36929460580912865, 40, 'tournament_selection', 'crossover_weight', 0.9287552705275779, 'ball_mutation', <mtrand.RandomState object at 0x184F0DC8>, None, 1.100632403008479, 0.00484914635782872, 8260.014667121653],2.3814238486049764
<class 'problems.ANNOP.ANNOP'>,407834056,algorithms.AGA_4p,[53, 0.4126819126819127, 0.37344398340248963, 40, 'tournament_selection', 'crossover_weight', 0.9296944081414374, 'ball_mutation', <mtrand.RandomState object at 0x184F0DC8>, None, 1.0970377740248756, 0.006100065434181297, 8686.642103340178],2.3968383725359512
<class 'problems.ANNOP.ANNOP'>,407834056,algorithms.AGA_4p,[54, 0.4158004158004158, 0.3817427385892116, 40, 'tournament_selection', 'crossover_weight', 0.9304936568427257, 'ball_mutation', <mtrand.RandomState object at 0x184F0DC8>, None, 1.0940850092754413, -0.009547144145819048, 8970.344958076294],2.417677224985375
<class 'problems.ANNOP.ANNOP'>,407834056,algorithms.AGA_4p,[55, 0.4189189189189189, 0.3775933609958506, 40, 'tournament_selection', 'crossover_weight', 0.9289228999881477, 'ball_mutation', <mtrand.RandomState object at 0x184F0DC8>, None, 1.099720743738756, 0.007873009896605897, 9211.788953986248],2.42781699884486
<class 'problems.ANNOP.ANNOP'>,407834056,algorithms.AGA_4p,[56, 0.4189189189189189, 0.3775933609958506, 40, 'tournament_selection', 'crossover_weight', 0.9275418190728624, 'ball_mutation', <mtrand.RandomState object at 0x184F0DC8>, None, 1.104971957593326, 0.04859727603386792, 8737.281068066655],2.449911893159813
<class 'problems.ANNOP.ANNOP'>,407834056,algorithms.AGA_4p,[57, 0.41995841995842, 0.35684647302904565, 40, 'tournament_selection', 'crossover_weight', 0.9284755693955881, 'ball_mutation', <mtrand.RandomState object at 0x184F0DC8>, None, 1.1012257710423357, -0.01881743485571198, 8320.072138825946],2.4708050779477793
<class 'problems.ANNOP.ANNOP'>,407834056,algorithms.AGA_4p,[58, 0.4261954261954262, 0.38589211618257263, 40, 'tournament_selection', 'crossover_weight', 0.9308696555057536, 'ball_mutation', <mtrand.RandomState object at 0x184F0DC8>, None, 1.091967205266238, -0.02411623005327372, 8602.147553822222],2.4813866857798943
<class 'problems.ANNOP.ANNOP'>,407834056,algorithms.AGA_4p,[59, 0.4261954261954262, 0.3775933609958506, 40, 'tournament_selection', 'crossover_weight', 0.9252501365867745, 'ball_mutation', <mtrand.RandomState object at 0x184F0DC8>, None, 1.1118454004335108, 0.024207764834039497, 9325.373898837524],2.5025818108777815
<class 'problems.ANNOP.ANNOP'>,407834056,algorithms.AGA_4p,[60, 0.4313929313929314, 0.4066390041493776, 40, 'tournament_selection', 'crossover_weight', 0.9247426156582531, 'ball_mutation', <mtrand.RandomState object at 0x184F0DC8>, None, 1.11408017967148, 0.02220700125856573, 7627.780770812332],2.544250532582614
<class 'problems.ANNOP.ANNOP'>,407834056,algorithms.AGA_4p,[61, 0.4365904365904366, 0.38589211618257263, 40, 'tournament_selection', 'crossover_weight', 0.9252089226316152, 'ball_mutation', <mtrand.RandomState object at 0x184F0DC8>, None, 1.1119805497704192, -0.0590638506058946, 7474.464436619229],2.556761951216483
<class 'problems.ANNOP.ANNOP'>,407834056,algorithms.AGA_4p,[62, 0.4365904365904366, 0.38589211618257263, 40, 'tournament_selection', 'crossover_weight', 0.9256860931339633, 'ball_mutation', <mtrand.RandomState object at 0x184F0DC8>, None, 1.1098757223436817, -0.003585554058893301, 7615.3305009465785],2.582668262636902
<class 'problems.ANNOP.ANNOP'>,407834056,algorithms.AGA_4p,[63, 0.4365904365904366, 0.38589211618257263, 40, 'tournament_selection', 'crossover_weight', 0.9258260217621177, 'ball_mutation', <mtrand.RandomState object at 0x184F0DC8>, None, 1.1092711018339008, 0.0027190505391808464, 7759.478314551514],2.605409473299189
<class 'problems.ANNOP.ANNOP'>,407834056,algorithms.AGA_4p,[64, 0.4584199584199584, 0.42738589211618255, 40, 'tournament_selection', 'crossover_weight', 0.9277288513890828, 'ball_mutation', <mtrand.RandomState object at 0x184F0DC8>, None, 1.1010981283254453, -0.004335726675435227, 7801.749171006248],2.634081160887966
<class 'problems.ANNOP.ANNOP'>,407834056,algorithms.AGA_4p,[65, 0.4584199584199584, 0.42738589211618255, 40, 'tournament_selection', 'crossover_weight', 0.9287414972758938, 'ball_mutation', <mtrand.RandomState object at 0x184F0DC8>, None, 1.0970769646826442, 0.003013476873692425, 8376.572486865025],2.651383481227661
<class 'problems.ANNOP.ANNOP'>,407834056,algorithms.AGA_4p,[66, 0.4584199584199584, 0.42738589211618255, 40, 'tournament_selection', 'crossover_weight', 0.9264428096844329, 'ball_mutation', <mtrand.RandomState object at 0x184F0DC8>, None, 1.1058511672977205, 0.04484740200461532, 8682.481359734476],2.6721659950673446
<class 'problems.ANNOP.ANNOP'>,407834056,algorithms.AGA_4p,[67, 0.4584199584199584, 0.42738589211618255, 40, 'tournament_selection', 'crossover_weight', 0.9270375385540627, 'ball_mutation', <mtrand.RandomState object at 0x184F0DC8>, None, 1.1033639822271686, -0.0436419592834186, 7988.073828591285],2.698236128318469
<class 'problems.ANNOP.ANNOP'>,407834056,algorithms.AGA_4p,[68, 0.4584199584199584, 0.42738589211618255, 40, 'tournament_selection', 'crossover_weight', 0.9270490563004006, 'ball_mutation', <mtrand.RandomState object at 0x184F0DC8>, None, 1.1033169799216878, 0.004405354333750194, 8167.734695771879],2.7202634158220285
<class 'problems.ANNOP.ANNOP'>,407834056,algorithms.AGA_4p,[69, 0.4584199584199584, 0.42738589211618255, 40, 'tournament_selection', 'crossover_weight', 0.925519209320182, 'ball_mutation', <mtrand.RandomState object at 0x184F0DC8>, None, 1.1095571464221812, -8.133489971270252e-05, 8171.2140767145365],2.7263240896880645
<class 'problems.ANNOP.ANNOP'>,407834056,algorithms.AGA_4p,[70, 0.4584199584199584, 0.42738589211618255, 40, 'tournament_selection', 'crossover_weight', 0.9258295322796649, 'ball_mutation', <mtrand.RandomState object at 0x184F0DC8>, None, 1.1082078841739933, -0.016250812140223902, 7709.064601289141],2.756773921806111
<class 'problems.ANNOP.ANNOP'>,407834056,algorithms.AGA_4p,[71, 0.4584199584199584, 0.42738589211618255, 40, 'tournament_selection', 'crossover_weight', 0.9239071140445428, 'ball_mutation', <mtrand.RandomState object at 0x184F0DC8>, None, 1.1164559585942935, -0.0030857600427938257, 7802.809658665427],2.7692723723777184
<class 'problems.ANNOP.ANNOP'>,407834056,algorithms.AGA_4p,[72, 0.4584199584199584, 0.42738589211618255, 40, 'tournament_selection', 'crossover_weight', 0.9206686429514521, 'ball_mutation', <mtrand.RandomState object at 0x184F0DC8>, None, 1.1315795337020207, 0.001763584880863884, 7222.068845762088],2.793361727886524
<class 'problems.ANNOP.ANNOP'>,407834056,algorithms.AGA_4p,[73, 0.4584199584199584, 0.42738589211618255, 40, 'tournament_selection', 'crossover_weight', 0.9247661621450364, 'ball_mutation', <mtrand.RandomState object at 0x184F0DC8>, None, 1.1091461844526187, 0.00368061004064652, 6243.763344490179],2.8087127400404452
<class 'problems.ANNOP.ANNOP'>,407834056,algorithms.AGA_4p,[74, 0.4584199584199584, 0.42738589211618255, 40, 'tournament_selection', 'crossover_weight', 0.9257405841495225, 'ball_mutation', <mtrand.RandomState object at 0x184F0DC8>, None, 1.1047822606359483, 0.0021027192249037756, 7481.5775640468055],2.826002904842911
<class 'problems.ANNOP.ANNOP'>,407834056,algorithms.AGA_4p,[75, 0.4584199584199584, 0.42738589211618255, 40, 'tournament_selection', 'crossover_weight', 0.9257394832042736, 'ball_mutation', <mtrand.RandomState object at 0x184F0DC8>, None, 1.104786985877512, 0.04818052628061708, 7775.939434246306],2.8460603726377514
<class 'problems.ANNOP.ANNOP'>,407834056,algorithms.AGA_4p,[76, 0.4584199584199584, 0.42738589211618255, 40, 'tournament_selection', 'crossover_weight', 0.924865904391369, 'ball_mutation', <mtrand.RandomState object at 0x184F0DC8>, None, 1.1085365502956317, -0.0445807500038747, 7775.606851134509],2.861792207319108
<class 'problems.ANNOP.ANNOP'>,407834056,algorithms.AGA_4p,[77, 0.4584199584199584, 0.42738589211618255, 40, 'tournament_selection', 'crossover_weight', 0.9253109092504166, 'ball_mutation', <mtrand.RandomState object at 0x184F0DC8>, None, 1.1065526926263138, 0.0012814087437364105, 7511.708568922706],2.883744179959003
<class 'problems.ANNOP.ANNOP'>,407834056,algorithms.AGA_4p,[78, 0.4584199584199584, 0.42738589211618255, 40, 'tournament_selection', 'crossover_weight', 0.923286411560316, 'ball_mutation', <mtrand.RandomState object at 0x184F0DC8>, None, 1.1154034745086743, 0.0024814312611634234, 7646.139505369172],2.8897271924014722
<class 'problems.ANNOP.ANNOP'>,407834056,algorithms.AGA_4p,[79, 0.4584199584199584, 0.43568464730290457, 40, 'tournament_selection', 'crossover_weight', 0.9219536122484563, 'ball_mutation', <mtrand.RandomState object at 0x184F0DC8>, None, 1.1217874937012429, -0.002273197789847404, 7034.561643283794],2.91310298844047
<class 'problems.ANNOP.ANNOP'>,407834056,algorithms.AGA_4p,[80, 0.46361746361746364, 0.44813278008298757, 40, 'tournament_selection', 'crossover_weight', 0.9227380308660206, 'ball_mutation', <mtrand.RandomState object at 0x184F0DC8>, None, 1.117779264963979, 0.004877704074337193, 6631.938040539393],2.9229773285720966
<class 'problems.ANNOP.ANNOP'>,407834056,algorithms.AGA_4p,[81, 0.4656964656964657, 0.43568464730290457, 40, 'tournament_selection', 'crossover_weight', 0.922323308964495, 'ball_mutation', <mtrand.RandomState object at 0x184F0DC8>, None, 1.1198179970995066, -0.008286108785016972, 6868.902035833524],2.934647062907922
<class 'problems.ANNOP.ANNOP'>,407834056,algorithms.AGA_4p,[82, 0.4656964656964657, 0.42738589211618255, 40, 'tournament_selection', 'crossover_weight', 0.919762347317785, 'ball_mutation', <mtrand.RandomState object at 0x184F0DC8>, None, 1.1326647078914807, -0.008313279255869195, 6743.619238458539],2.9490253052225985
<class 'problems.ANNOP.ANNOP'>,407834056,algorithms.AGA_4p,[83, 0.47297297297297297, 0.4149377593360996, 40, 'tournament_selection', 'crossover_weight', 0.9211359589887324, 'ball_mutation', <mtrand.RandomState object at 0x184F0DC8>, None, 1.1247919514976603, 0.008424194655972153, 5969.981680640544],2.962026597044562
<class 'problems.ANNOP.ANNOP'>,407834056,algorithms.AGA_4p,[84, 0.47401247401247404, 0.42738589211618255, 40, 'tournament_selection', 'crossover_weight', 0.9229285619917, 'ball_mutation', <mtrand.RandomState object at 0x184F0DC8>, None, 1.1152522593027447, -0.0013806580383881883, 6384.934235618153],2.9757670989687615
<class 'problems.ANNOP.ANNOP'>,407834056,algorithms.AGA_4p,[85, 0.47401247401247404, 0.42323651452282157, 40, 'tournament_selection', 'crossover_weight', 0.9243005332041438, 'ball_mutation', <mtrand.RandomState object at 0x184F0DC8>, None, 1.1085789494155822, -0.0046749234610553615, 6926.459334650672],2.9941220390493397
<class 'problems.ANNOP.ANNOP'>,407834056,algorithms.AGA_4p,[86, 0.4802494802494803, 0.4190871369294606, 40, 'tournament_selection', 'crossover_weight', 0.9259663410300355, 'ball_mutation', <mtrand.RandomState object at 0x184F0DC8>, None, 1.100979612092234, 0.05505368139693909, 7340.916325662296],3.010461327990144
<class 'problems.ANNOP.ANNOP'>,407834056,algorithms.AGA_4p,[87, 0.48336798336798337, 0.42323651452282157, 40, 'tournament_selection', 'crossover_weight', 0.9255560335152692, 'ball_mutation', <mtrand.RandomState object at 0x184F0DC8>, None, 1.102719326624687, 0.027424597923402932, 7844.138035316732],3.0223857689174616
<class 'problems.ANNOP.ANNOP'>,407834056,algorithms.AGA_4p,[88, 0.48336798336798337, 0.42323651452282157, 40, 'tournament_selection', 'crossover_weight', 0.9218684637504203, 'ball_mutation', <mtrand.RandomState object at 0x184F0DC8>, None, 1.1186308507880365, 0.02005300010802484, 7720.188774270233],3.03644520561461
<class 'problems.ANNOP.ANNOP'>,407834056,algorithms.AGA_4p,[89, 0.48336798336798337, 0.42323651452282157, 40, 'tournament_selection', 'crossover_weight', 0.9198362534572435, 'ball_mutation', <mtrand.RandomState object at 0x184F0DC8>, None, 1.1290261540666806, -0.04722091276039121, 6606.215642018882],3.047585156578594
<class 'problems.ANNOP.ANNOP'>,407834056,algorithms.AGA_4p,[90, 0.48336798336798337, 0.42323651452282157, 40, 'tournament_selection', 'crossover_weight', 0.92045168841876, 'ball_mutation', <mtrand.RandomState object at 0x184F0DC8>, None, 1.1255232639207322, -0.0006345541128716659, 5992.307889747161],3.056221681189483
<class 'problems.ANNOP.ANNOP'>,407834056,algorithms.AGA_4p,[91, 0.48336798336798337, 0.42323651452282157, 40, 'tournament_selection', 'crossover_weight', 0.9209586496461147, 'ball_mutation', <mtrand.RandomState object at 0x184F0DC8>, None, 1.1227332905766725, 0.06325323627358147, 6178.223833172192],3.0732915639007263
<class 'problems.ANNOP.ANNOP'>,407834056,algorithms.AGA_4p,[92, 0.48336798336798337, 0.44398340248962653, 40, 'tournament_selection', 'crossover_weight', 0.9202258994039806, 'ball_mutation', <mtrand.RandomState object at 0x184F0DC8>, None, 1.1266585582079993, -0.06346039204387578, 6331.371087971173],3.0938827351025124
<class 'problems.ANNOP.ANNOP'>,407834056,algorithms.AGA_4p,[93, 0.48336798336798337, 0.44813278008298757, 40, 'tournament_selection', 'crossover_weight', 0.9201617363559104, 'ball_mutation', <mtrand.RandomState object at 0x184F0DC8>, None, 1.1270159704831477, -0.05462918245739598, 6110.015524703191],3.10144047662508
<class 'problems.ANNOP.ANNOP'>,407834056,algorithms.AGA_4p,[94, 0.49480249480249483, 0.44813278008298757, 40, 'tournament_selection', 'crossover_weight', 0.9207353650158864, 'ball_mutation', <mtrand.RandomState object at 0x184F0DC8>, None, 1.12380945766348, 0.057659998682202174, 6090.632593344198],3.1053752938214982
<class 'problems.ANNOP.ANNOP'>,407834056,algorithms.AGA_4p,[95, 0.49480249480249483, 0.44813278008298757, 40, 'tournament_selection', 'crossover_weight', 0.919666664739922, 'ball_mutation', <mtrand.RandomState object at 0x184F0DC8>, None, 1.129601569240085, -0.0014991181699808842, 6263.919325759098],3.127205869529474
<class 'problems.ANNOP.ANNOP'>,407834056,algorithms.AGA_4p,[96, 0.49480249480249483, 0.44813278008298757, 40, 'tournament_selection', 'crossover_weight', 0.9209653508964606, 'ball_mutation', <mtrand.RandomState object at 0x184F0DC8>, None, 1.1221422570497548, 0.0007056945343000137, 5941.077055708438],3.1475354013893684
<class 'problems.ANNOP.ANNOP'>,407834056,algorithms.AGA_4p,[97, 0.49480249480249483, 0.44813278008298757, 40, 'tournament_selection', 'crossover_weight', 0.919594942586481, 'ball_mutation', <mtrand.RandomState object at 0x184F0DC8>, None, 1.129477183527421, -0.04690550645019094, 6333.395459932589],3.1617080118638548
<class 'problems.ANNOP.ANNOP'>,407834056,algorithms.AGA_4p,[98, 0.49480249480249483, 0.44813278008298757, 40, 'tournament_selection', 'crossover_weight', 0.9196952007680567, 'ball_mutation', <mtrand.RandomState object at 0x184F0DC8>, None, 1.1288992827346431, 0.12669917740990533, 5919.410604084393],3.184555657235842
<class 'problems.ANNOP.ANNOP'>,407834056,algorithms.AGA_4p,[99, 0.49480249480249483, 0.44813278008298757, 40, 'tournament_selection', 'crossover_weight', 0.920069434282093, 'ball_mutation', <mtrand.RandomState object at 0x184F0DC8>, None, 1.1267542325239543, -0.049808308341339425, 5949.697467163776],3.2021030978885987
<class 'problems.ANNOP.ANNOP'>,407834056,algorithms.AGA_4p,[100, 0.49480249480249483, 0.43983402489626555, 40, 'tournament_selection', 'crossover_weight', 0.9203832070641523, 'ball_mutation', <mtrand.RandomState object at 0x184F0DC8>, None, 1.1249926242729853, 0.021896440555781216, 6062.749180462406],3.2257527808603568
<class 'problems.ANNOP.ANNOP'>,407834056,algorithms.AGA_4p,[101, 0.49480249480249483, 0.43983402489626555, 40, 'tournament_selection', 'crossover_weight', 0.9198420184740297, 'ball_mutation', <mtrand.RandomState object at 0x184F0DC8>, None, 1.1279795594020474, -0.021431924593981064, 6157.536390233386],3.253089349758574
<class 'problems.ANNOP.ANNOP'>,407834056,algorithms.AGA_4p,[102, 0.49584199584199584, 0.43568464730290457, 40, 'tournament_selection', 'crossover_weight', 0.9206562167301231, 'ball_mutation', <mtrand.RandomState object at 0x184F0DC8>, None, 1.123351003132048, 0.03804194641428561, 5994.049436135776],3.2568181876921076
<class 'problems.ANNOP.ANNOP'>,407834056,algorithms.AGA_4p,[103, 0.5072765072765073, 0.4605809128630705, 40, 'tournament_selection', 'crossover_weight', 0.9216272759010982, 'ball_mutation', <mtrand.RandomState object at 0x184F0DC8>, None, 1.118070073385486, 0.047472217549175466, 6240.009523524423],3.2692738353787014
<class 'problems.ANNOP.ANNOP'>,407834056,algorithms.AGA_4p,[104, 0.5072765072765073, 0.4605809128630705, 40, 'tournament_selection', 'crossover_weight', 0.9209232317266596, 'ball_mutation', <mtrand.RandomState object at 0x184F0DC8>, None, 1.1217097861508885, -0.04627385416720162, 6533.355519742279],3.2927384047425736
<class 'problems.ANNOP.ANNOP'>,407834056,algorithms.AGA_4p,[105, 0.5103950103950103, 0.45643153526970953, 40, 'tournament_selection', 'crossover_weight', 0.9207426367398733, 'ball_mutation', <mtrand.RandomState object at 0x184F0DC8>, None, 1.1226779691096893, 0.03970595914366987, 6320.671734958428],3.2891505311752796
<class 'problems.ANNOP.ANNOP'>,407834056,algorithms.AGA_4p,[106, 0.5124740124740125, 0.44398340248962653, 40, 'tournament_selection', 'crossover_weight', 0.9175620859342991, 'ball_mutation', <mtrand.RandomState object at 0x184F0DC8>, None, 1.1398924359290799, -0.075945920669842, 6266.1160313574055],3.30211304159863
<class 'problems.ANNOP.ANNOP'>,407834056,algorithms.AGA_4p,[107, 0.5176715176715176, 0.45643153526970953, 40, 'tournament_selection', 'crossover_weight', 0.9200291041821337, 'ball_mutation', <mtrand.RandomState object at 0x184F0DC8>, None, 1.123879899317393, 0.03922053479646441, 5305.307594065315],3.2935801601675414
<class 'problems.ANNOP.ANNOP'>,407834056,algorithms.AGA_4p,[108, 0.5176715176715176, 0.45643153526970953, 40, 'tournament_selection', 'crossover_weight', 0.9197539366353484, 'ball_mutation', <mtrand.RandomState object at 0x184F0DC8>, None, 1.1254239288055032, 0.012890793194098193, 6050.565913259186],3.3068396825445374
<class 'problems.ANNOP.ANNOP'>,407834056,algorithms.AGA_4p,[109, 0.5176715176715176, 0.45643153526970953, 40, 'tournament_selection', 'crossover_weight', 0.9208948186823308, 'ball_mutation', <mtrand.RandomState object at 0x184F0DC8>, None, 1.1189240802977327, -0.02891572027361769, 5967.440908572293],3.3191178002528225
<class 'problems.ANNOP.ANNOP'>,407834056,algorithms.AGA_4p,[110, 0.5176715176715176, 0.45643153526970953, 40, 'tournament_selection', 'crossover_weight', 0.9181335697893097, 'ball_mutation', <mtrand.RandomState object at 0x184F0DC8>, None, 1.1337106545440525, 0.05804700263928267, 6312.088475520331],3.317782179951924
<class 'problems.ANNOP.ANNOP'>,407834056,algorithms.AGA_4p,[111, 0.5197505197505198, 0.4605809128630705, 40, 'tournament_selection', 'crossover_weight', 0.9191125034000833, 'ball_mutation', <mtrand.RandomState object at 0x184F0DC8>, None, 1.1275903623041896, -0.040271168667288554, 5477.9464051505065],3.315109458903898
<class 'problems.ANNOP.ANNOP'>,407834056,algorithms.AGA_4p,[112, 0.5280665280665281, 0.4730290456431535, 40, 'tournament_selection', 'crossover_weight', 0.9166608377422911, 'ball_mutation', <mtrand.RandomState object at 0x184F0DC8>, None, 1.1420545824508115, -0.06758100846362067, 5773.6711805987115],3.3201153290361716
<class 'problems.ANNOP.ANNOP'>,407834056,algorithms.AGA_4p,[113, 0.5332640332640333, 0.46473029045643155, 40, 'tournament_selection', 'crossover_weight', 0.915452928056135, 'ball_mutation', <mtrand.RandomState object at 0x184F0DC8>, None, 1.1503344709750223, 0.002200037461346366, 5033.050705271719],3.3433435770832745
<class 'problems.ANNOP.ANNOP'>,407834056,algorithms.AGA_4p,[114, 0.5353430353430353, 0.46887966804979253, 40, 'tournament_selection', 'crossover_weight', 0.9171864347719034, 'ball_mutation', <mtrand.RandomState object at 0x184F0DC8>, None, 1.1374300393775196, 0.06778595132918777, 4668.154846380975],3.3549707030752467
<class 'problems.ANNOP.ANNOP'>,407834056,algorithms.AGA_4p,[115, 0.5353430353430353, 0.46887966804979253, 40, 'tournament_selection', 'crossover_weight', 0.9173991789081765, 'ball_mutation', <mtrand.RandomState object at 0x184F0DC8>, None, 1.1360220593368082, -0.016011522471459316, 5191.82762522602],3.3690134643355956
<class 'problems.ANNOP.ANNOP'>,407834056,algorithms.AGA_4p,[116, 0.5353430353430353, 0.46887966804979253, 40, 'tournament_selection', 'crossover_weight', 0.9173302659696771, 'ball_mutation', <mtrand.RandomState object at 0x184F0DC8>, None, 1.136472003663044, 0.031662799007646486, 5256.095223390849],3.3893745092622396
<class 'problems.ANNOP.ANNOP'>,407834056,algorithms.AGA_4p,[117, 0.5478170478170478, 0.49377593360995853, 40, 'tournament_selection', 'crossover_weight', 0.9158097902135972, 'ball_mutation', <mtrand.RandomState object at 0x184F0DC8>, None, 1.1464428727313936, -0.08477495606217973, 5235.277403838121],3.4041468290592007
<class 'problems.ANNOP.ANNOP'>,407834056,algorithms.AGA_4p,[118, 0.5478170478170478, 0.49377593360995853, 40, 'tournament_selection', 'crossover_weight', 0.9171701580565936, 'ball_mutation', <mtrand.RandomState object at 0x184F0DC8>, None, 1.136578200292192, 0.0006370839329798705, 4775.958869268785],3.417370226818062
<class 'problems.ANNOP.ANNOP'>,407834056,algorithms.AGA_4p,[119, 0.5478170478170478, 0.49377593360995853, 40, 'tournament_selection', 'crossover_weight', 0.9180013575735988, 'ball_mutation', <mtrand.RandomState object at 0x184F0DC8>, None, 1.1310760770851276, -0.04257337282862868, 5186.910613564503],3.43597590526824
<class 'problems.ANNOP.ANNOP'>,407834056,algorithms.AGA_4p,[120, 0.5478170478170478, 0.49377593360995853, 40, 'tournament_selection', 'crossover_weight', 0.9193523952822806, 'ball_mutation', <mtrand.RandomState object at 0x184F0DC8>, None, 1.1225871260419515, 0.09059555233012387, 5438.006589648901],3.4408098455293596
<class 'problems.ANNOP.ANNOP'>,407834056,algorithms.AGA_4p,[121, 0.5488565488565489, 0.4854771784232365, 40, 'tournament_selection', 'crossover_weight', 0.9168800282451933, 'ball_mutation', <mtrand.RandomState object at 0x184F0DC8>, None, 1.136928748183299, -0.10565615930953148, 5846.139805859816],3.448843878495035
<class 'problems.ANNOP.ANNOP'>,407834056,algorithms.AGA_4p,[122, 0.5488565488565489, 0.4854771784232365, 40, 'tournament_selection', 'crossover_weight', 0.9187555551189562, 'ball_mutation', <mtrand.RandomState object at 0x184F0DC8>, None, 1.1242964208566044, 0.10728939100196633, 5099.265677909071],3.452395766241549
<class 'problems.ANNOP.ANNOP'>,407834056,algorithms.AGA_4p,[123, 0.5488565488565489, 0.4854771784232365, 40, 'tournament_selection', 'crossover_weight', 0.9197178019180315, 'ball_mutation', <mtrand.RandomState object at 0x184F0DC8>, None, 1.1185282597687582, -0.09766699260977285, 5665.84114072551],3.454941409148866
<class 'problems.ANNOP.ANNOP'>,407834056,algorithms.AGA_4p,[124, 0.5488565488565489, 0.4854771784232365, 40, 'tournament_selection', 'crossover_weight', 0.9200983970830084, 'ball_mutation', <mtrand.RandomState object at 0x184F0DC8>, None, 1.1163692643121261, 0.09921492159033951, 5956.525019030045],3.4512026061042027
matplotlib.font_manager,findfont: Matching :family=sans-serif:style=normal:variant=normal:weight=normal:stretch=normal:size=10.0 to DejaVu Sans ('D:\\Python3.7\\lib\\site-packages\\matplotlib\\mpl-data\\fonts\\ttf\\DejaVuSans.ttf') with score of 0.050000.
matplotlib.axes._base,update_title_pos
matplotlib.font_manager,findfont: Matching :family=sans-serif:style=normal:variant=normal:weight=normal:stretch=normal:size=12.0 to DejaVu Sans ('D:\\Python3.7\\lib\\site-packages\\matplotlib\\mpl-data\\fonts\\ttf\\DejaVuSans.ttf') with score of 0.050000.
matplotlib.axes._base,update_title_pos
matplotlib.axes._base,update_title_pos
matplotlib.axes._base,update_title_pos
matplotlib.font_manager,findfont: Matching :family=sans-serif:style=normal:variant=normal:weight=normal:stretch=normal:size=8.33 to DejaVu Sans ('D:\\Python3.7\\lib\\site-packages\\matplotlib\\mpl-data\\fonts\\ttf\\DejaVuSans.ttf') with score of 0.050000.
matplotlib.axes._base,update_title_pos
matplotlib.axes._base,update_title_pos
matplotlib.axes._base,update_title_pos
matplotlib.axes._base,update_title_pos
matplotlib.axes._base,update_title_pos
matplotlib.axes._base,update_title_pos
matplotlib.axes._base,update_title_pos
matplotlib.font_manager,findfont: Matching :family=sans-serif:style=normal:variant=normal:weight=normal:stretch=normal:size=10.0 to Arial ('C:\\Windows\\Fonts\\arial.ttf') with score of 0.050000.
matplotlib.font_manager,findfont: Matching :family=sans-serif:style=normal:variant=normal:weight=normal:stretch=normal:size=12.0 to Arial ('C:\\Windows\\Fonts\\arial.ttf') with score of 0.050000.
matplotlib.axes._base,update_title_pos
matplotlib.axes._base,update_title_pos
matplotlib.axes._base,update_title_pos
matplotlib.font_manager,findfont: Matching :family=sans-serif:style=normal:variant=normal:weight=normal:stretch=normal:size=8.33 to Arial ('C:\\Windows\\Fonts\\arial.ttf') with score of 0.050000.
matplotlib.axes._base,update_title_pos
matplotlib.axes._base,update_title_pos
matplotlib.axes._base,update_title_pos
matplotlib.axes._base,update_title_pos
matplotlib.axes._base,update_title_pos
matplotlib.axes._base,update_title_pos
matplotlib.axes._base,update_title_pos
matplotlib.axes._base,update_title_pos
matplotlib.axes._base,update_title_pos
matplotlib.axes._base,update_title_pos
matplotlib.axes._base,update_title_pos
matplotlib.axes._base,update_title_pos
matplotlib.axes._base,update_title_pos
matplotlib.axes._base,update_title_pos
matplotlib.axes._base,update_title_pos
matplotlib.axes._base,update_title_pos
