<class 'problems.ANNOP.ANNOP'>,2391593692616,algorithms.genetic_algorithm,0,0.36382536382536385,0.3070539419087137,40,tournament_selection,two_point_crossover,0.95,random_percentage_ball_mutation,None,None,0.95,0.02480472685817464
<class 'problems.ANNOP.ANNOP'>,2391593692616,algorithms.genetic_algorithm,1,0.36382536382536385,0.3070539419087137,40,tournament_selection,two_point_crossover,0.95,random_percentage_ball_mutation,None,None,0.95,0.00028930485671285755
<class 'problems.ANNOP.ANNOP'>,2391593692616,algorithms.genetic_algorithm,2,0.36382536382536385,0.3070539419087137,40,tournament_selection,two_point_crossover,0.95,random_percentage_ball_mutation,None,None,0.95,-0.018582618868090622
<class 'problems.ANNOP.ANNOP'>,2391593692616,algorithms.genetic_algorithm,3,0.36382536382536385,0.3070539419087137,40,tournament_selection,two_point_crossover,0.95,random_percentage_ball_mutation,None,None,0.95,-0.0072248631615996345
<class 'problems.ANNOP.ANNOP'>,2391593692616,algorithms.genetic_algorithm,4,0.36382536382536385,0.3070539419087137,40,tournament_selection,two_point_crossover,0.95,random_percentage_ball_mutation,None,None,0.95,0.024480145889249405
<class 'problems.ANNOP.ANNOP'>,2391593692616,algorithms.genetic_algorithm,5,0.367983367983368,0.3070539419087137,40,tournament_selection,two_point_crossover,0.95,random_percentage_ball_mutation,None,None,0.95,-0.025981996490949233
<class 'problems.ANNOP.ANNOP'>,2391593692616,algorithms.genetic_algorithm,6,0.37214137214137216,0.31950207468879666,40,tournament_selection,two_point_crossover,0.95,random_percentage_ball_mutation,None,None,0.95,-0.026923892760466264
<class 'problems.ANNOP.ANNOP'>,2391593692616,algorithms.genetic_algorithm,7,0.3731808731808732,0.3153526970954357,40,tournament_selection,two_point_crossover,0.95,random_percentage_ball_mutation,None,None,0.95,-0.009213024567921925
<class 'problems.ANNOP.ANNOP'>,2391593692616,algorithms.genetic_algorithm,8,0.3762993762993763,0.3112033195020747,40,tournament_selection,two_point_crossover,0.95,random_percentage_ball_mutation,None,None,0.95,0.01423591067986877
<class 'problems.ANNOP.ANNOP'>,2391593692616,algorithms.genetic_algorithm,9,0.3762993762993763,0.3112033195020747,40,tournament_selection,two_point_crossover,0.95,random_percentage_ball_mutation,None,None,0.95,0.05201085970602118
<class 'problems.ANNOP.ANNOP'>,2391593692616,algorithms.genetic_algorithm,10,0.3762993762993763,0.3112033195020747,40,tournament_selection,two_point_crossover,0.95,random_percentage_ball_mutation,None,None,0.95,-0.05545490991958055
<class 'problems.ANNOP.ANNOP'>,2391593692616,algorithms.genetic_algorithm,11,0.3762993762993763,0.3112033195020747,40,tournament_selection,two_point_crossover,0.95,random_percentage_ball_mutation,None,None,0.95,0.01852279355012866
<class 'problems.ANNOP.ANNOP'>,2391593692616,algorithms.genetic_algorithm,12,0.3762993762993763,0.3112033195020747,40,tournament_selection,two_point_crossover,0.95,random_percentage_ball_mutation,None,None,0.95,-0.0007867737936963909
<class 'problems.ANNOP.ANNOP'>,2391593692616,algorithms.genetic_algorithm,13,0.3783783783783784,0.31950207468879666,40,tournament_selection,two_point_crossover,0.95,random_percentage_ball_mutation,None,None,0.95,0.009929340873503209
<class 'problems.ANNOP.ANNOP'>,2391593692616,algorithms.genetic_algorithm,14,0.3783783783783784,0.31950207468879666,40,tournament_selection,two_point_crossover,0.95,random_percentage_ball_mutation,None,None,0.95,-0.01255406510807379
<class 'problems.ANNOP.ANNOP'>,2391593692616,algorithms.genetic_algorithm,15,0.3783783783783784,0.31950207468879666,40,tournament_selection,two_point_crossover,0.95,random_percentage_ball_mutation,None,None,0.95,0.003942148584176422
<class 'problems.ANNOP.ANNOP'>,2391593692616,algorithms.genetic_algorithm,16,0.3794178794178794,0.3153526970954357,40,tournament_selection,two_point_crossover,0.95,random_percentage_ball_mutation,None,None,0.95,-0.04646398568085
<class 'problems.ANNOP.ANNOP'>,2391593692616,algorithms.genetic_algorithm,17,0.3794178794178794,0.3153526970954357,40,tournament_selection,two_point_crossover,0.95,random_percentage_ball_mutation,None,None,0.95,0.05807716928735367
<class 'problems.ANNOP.ANNOP'>,2391593692616,algorithms.genetic_algorithm,18,0.3804573804573805,0.3278008298755187,40,tournament_selection,two_point_crossover,0.95,random_percentage_ball_mutation,None,None,0.95,0.02114300531868818
<class 'problems.ANNOP.ANNOP'>,2391593692616,algorithms.genetic_algorithm,19,0.3804573804573805,0.3278008298755187,40,tournament_selection,two_point_crossover,0.95,random_percentage_ball_mutation,None,None,0.95,-0.057316971418278406
<class 'problems.ANNOP.ANNOP'>,2391593692616,algorithms.genetic_algorithm,20,0.38253638253638256,0.3153526970954357,40,tournament_selection,two_point_crossover,0.95,random_percentage_ball_mutation,None,None,0.95,0.023747573339994478
<class 'problems.ANNOP.ANNOP'>,2391593692616,algorithms.genetic_algorithm,21,0.38565488565488565,0.33195020746887965,40,tournament_selection,two_point_crossover,0.95,random_percentage_ball_mutation,None,None,0.95,-0.04589383871666089
<class 'problems.ANNOP.ANNOP'>,2391593692616,algorithms.genetic_algorithm,22,0.38565488565488565,0.33195020746887965,40,tournament_selection,two_point_crossover,0.95,random_percentage_ball_mutation,None,None,0.95,0.062439037532788844
<class 'problems.ANNOP.ANNOP'>,2391593692616,algorithms.genetic_algorithm,23,0.38565488565488565,0.33195020746887965,40,tournament_selection,two_point_crossover,0.95,random_percentage_ball_mutation,None,None,0.95,-0.006862793990048466
<class 'problems.ANNOP.ANNOP'>,2391593692616,algorithms.genetic_algorithm,24,0.39397089397089397,0.34439834024896265,40,tournament_selection,two_point_crossover,0.95,random_percentage_ball_mutation,None,None,0.95,-0.0045101010923707385
<class 'problems.ANNOP.ANNOP'>,2391593692616,algorithms.genetic_algorithm,25,0.4126819126819127,0.3775933609958506,40,tournament_selection,two_point_crossover,0.95,random_percentage_ball_mutation,None,None,0.95,-0.05367402964607848
<class 'problems.ANNOP.ANNOP'>,2391593692616,algorithms.genetic_algorithm,26,0.41476091476091476,0.37344398340248963,40,tournament_selection,two_point_crossover,0.95,random_percentage_ball_mutation,None,None,0.95,0.0503720564647049
<class 'problems.ANNOP.ANNOP'>,2391593692616,algorithms.genetic_algorithm,27,0.4178794178794179,0.3900414937759336,40,tournament_selection,two_point_crossover,0.95,random_percentage_ball_mutation,None,None,0.95,-0.039464135078742656
<class 'problems.ANNOP.ANNOP'>,2391593692616,algorithms.genetic_algorithm,28,0.41995841995842,0.3983402489626556,40,tournament_selection,two_point_crossover,0.95,random_percentage_ball_mutation,None,None,0.95,-0.00022612423152101185
<class 'problems.ANNOP.ANNOP'>,2391593692616,algorithms.genetic_algorithm,29,0.41995841995842,0.3983402489626556,40,tournament_selection,two_point_crossover,0.95,random_percentage_ball_mutation,None,None,0.95,0.015231811316670618
<class 'problems.ANNOP.ANNOP'>,2391593692616,algorithms.genetic_algorithm,30,0.41995841995842,0.3983402489626556,40,tournament_selection,two_point_crossover,0.95,random_percentage_ball_mutation,None,None,0.95,0.013801580432160981
<class 'problems.ANNOP.ANNOP'>,2391593692616,algorithms.genetic_algorithm,31,0.41995841995842,0.3983402489626556,40,tournament_selection,two_point_crossover,0.95,random_percentage_ball_mutation,None,None,0.95,-0.001483832723917583
<class 'problems.ANNOP.ANNOP'>,2391593692616,algorithms.genetic_algorithm,32,0.41995841995842,0.3983402489626556,40,tournament_selection,two_point_crossover,0.95,random_percentage_ball_mutation,None,None,0.95,0.0127273221956236
<class 'problems.ANNOP.ANNOP'>,2391593692616,algorithms.genetic_algorithm,33,0.41995841995842,0.3983402489626556,40,tournament_selection,two_point_crossover,0.95,random_percentage_ball_mutation,None,None,0.95,-0.009753184683569283
<class 'problems.ANNOP.ANNOP'>,2391593692616,algorithms.genetic_algorithm,34,0.42203742203742206,0.38589211618257263,40,tournament_selection,two_point_crossover,0.95,random_percentage_ball_mutation,None,None,0.95,0.004767784234640957
<class 'problems.ANNOP.ANNOP'>,2391593692616,algorithms.genetic_algorithm,35,0.42203742203742206,0.37344398340248963,40,tournament_selection,two_point_crossover,0.95,random_percentage_ball_mutation,None,None,0.95,-0.02936160286371644
<class 'problems.ANNOP.ANNOP'>,2391593692616,algorithms.genetic_algorithm,36,0.43243243243243246,0.3900414937759336,40,tournament_selection,two_point_crossover,0.95,random_percentage_ball_mutation,None,None,0.95,0.030191546579474614
<class 'problems.ANNOP.ANNOP'>,2391593692616,algorithms.genetic_algorithm,37,0.43555093555093555,0.3983402489626556,40,tournament_selection,two_point_crossover,0.95,random_percentage_ball_mutation,None,None,0.95,-0.012307732142058686
<class 'problems.ANNOP.ANNOP'>,2391593692616,algorithms.genetic_algorithm,38,0.448024948024948,0.4024896265560166,40,tournament_selection,two_point_crossover,0.95,random_percentage_ball_mutation,None,None,0.95,-0.04172138634697852
<class 'problems.ANNOP.ANNOP'>,2391593692616,algorithms.genetic_algorithm,39,0.448024948024948,0.4024896265560166,40,tournament_selection,two_point_crossover,0.95,random_percentage_ball_mutation,None,None,0.95,0.008524027099380951
<class 'problems.ANNOP.ANNOP'>,2391593692616,algorithms.genetic_algorithm,40,0.448024948024948,0.4024896265560166,40,tournament_selection,two_point_crossover,0.95,random_percentage_ball_mutation,None,None,0.95,0.0314058531100542
<class 'problems.ANNOP.ANNOP'>,2391593692616,algorithms.genetic_algorithm,41,0.448024948024948,0.4024896265560166,40,tournament_selection,two_point_crossover,0.95,random_percentage_ball_mutation,None,None,0.95,-0.04270401271945237
<class 'problems.ANNOP.ANNOP'>,2391593692616,algorithms.genetic_algorithm,42,0.448024948024948,0.4024896265560166,40,tournament_selection,two_point_crossover,0.95,random_percentage_ball_mutation,None,None,0.95,0.0075057492367181095
<class 'problems.ANNOP.ANNOP'>,2391593692616,algorithms.genetic_algorithm,43,0.448024948024948,0.4024896265560166,40,tournament_selection,two_point_crossover,0.95,random_percentage_ball_mutation,None,None,0.95,0.04609862120641652
<class 'problems.ANNOP.ANNOP'>,2391593692616,algorithms.genetic_algorithm,44,0.448024948024948,0.4024896265560166,40,tournament_selection,two_point_crossover,0.95,random_percentage_ball_mutation,None,None,0.95,0.02043571701642606
<class 'problems.ANNOP.ANNOP'>,2391593692616,algorithms.genetic_algorithm,45,0.448024948024948,0.4024896265560166,40,tournament_selection,two_point_crossover,0.95,random_percentage_ball_mutation,None,None,0.95,-0.024024750044442197
<class 'problems.ANNOP.ANNOP'>,2391593692616,algorithms.genetic_algorithm,46,0.448024948024948,0.4024896265560166,40,tournament_selection,two_point_crossover,0.95,random_percentage_ball_mutation,None,None,0.95,0.014365982137448288
<class 'problems.ANNOP.ANNOP'>,2391593692616,algorithms.genetic_algorithm,47,0.448024948024948,0.4024896265560166,40,tournament_selection,two_point_crossover,0.95,random_percentage_ball_mutation,None,None,0.95,-0.01916641990927412
<class 'problems.ANNOP.ANNOP'>,2391593692616,algorithms.genetic_algorithm,48,0.448024948024948,0.4024896265560166,40,tournament_selection,two_point_crossover,0.95,random_percentage_ball_mutation,None,None,0.95,0.03394082910410308
<class 'problems.ANNOP.ANNOP'>,2391593692616,algorithms.genetic_algorithm,49,0.448024948024948,0.4024896265560166,40,tournament_selection,two_point_crossover,0.95,random_percentage_ball_mutation,None,None,0.95,-0.0010815483979801782
<class 'problems.ANNOP.ANNOP'>,2391593692616,algorithms.genetic_algorithm,50,0.448024948024948,0.4024896265560166,40,tournament_selection,two_point_crossover,0.95,random_percentage_ball_mutation,None,None,0.95,-0.014318142988684626
<class 'problems.ANNOP.ANNOP'>,2391593692616,algorithms.genetic_algorithm,51,0.448024948024948,0.4024896265560166,40,tournament_selection,two_point_crossover,0.95,random_percentage_ball_mutation,None,None,0.95,-0.0029497819508173817
<class 'problems.ANNOP.ANNOP'>,2391593692616,algorithms.genetic_algorithm,52,0.448024948024948,0.4024896265560166,40,tournament_selection,two_point_crossover,0.95,random_percentage_ball_mutation,None,None,0.95,0.027494015191728352
<class 'problems.ANNOP.ANNOP'>,2391593692616,algorithms.genetic_algorithm,53,0.448024948024948,0.4024896265560166,40,tournament_selection,two_point_crossover,0.95,random_percentage_ball_mutation,None,None,0.95,0.017901296096708263
<class 'problems.ANNOP.ANNOP'>,2391593692616,algorithms.genetic_algorithm,54,0.448024948024948,0.4024896265560166,40,tournament_selection,two_point_crossover,0.95,random_percentage_ball_mutation,None,None,0.95,-0.007841501980543092
<class 'problems.ANNOP.ANNOP'>,2391593692616,algorithms.genetic_algorithm,55,0.448024948024948,0.4024896265560166,40,tournament_selection,two_point_crossover,0.95,random_percentage_ball_mutation,None,None,0.95,-0.0395877904479094
<class 'problems.ANNOP.ANNOP'>,2391593692616,algorithms.genetic_algorithm,56,0.448024948024948,0.4024896265560166,40,tournament_selection,two_point_crossover,0.95,random_percentage_ball_mutation,None,None,0.95,0.02941376436089839
<class 'problems.ANNOP.ANNOP'>,2391593692616,algorithms.genetic_algorithm,57,0.448024948024948,0.4024896265560166,40,tournament_selection,two_point_crossover,0.95,random_percentage_ball_mutation,None,None,0.95,-0.009025499702701431
<class 'problems.ANNOP.ANNOP'>,2391593692616,algorithms.genetic_algorithm,58,0.448024948024948,0.4024896265560166,40,tournament_selection,two_point_crossover,0.95,random_percentage_ball_mutation,None,None,0.95,0.004275133720087587
<class 'problems.ANNOP.ANNOP'>,2391593692616,algorithms.genetic_algorithm,59,0.448024948024948,0.4024896265560166,40,tournament_selection,two_point_crossover,0.95,random_percentage_ball_mutation,None,None,0.95,-0.014662915546264282
<class 'problems.ANNOP.ANNOP'>,2391593692616,algorithms.genetic_algorithm,60,0.448024948024948,0.4024896265560166,40,tournament_selection,two_point_crossover,0.95,random_percentage_ball_mutation,None,None,0.95,0.02049994152550702
<class 'problems.ANNOP.ANNOP'>,2391593692616,algorithms.genetic_algorithm,61,0.448024948024948,0.4024896265560166,40,tournament_selection,two_point_crossover,0.95,random_percentage_ball_mutation,None,None,0.95,-0.01572782449521669
<class 'problems.ANNOP.ANNOP'>,2391593692616,algorithms.genetic_algorithm,62,0.448024948024948,0.4024896265560166,40,tournament_selection,two_point_crossover,0.95,random_percentage_ball_mutation,None,None,0.95,-0.0015304914321656732
<class 'problems.ANNOP.ANNOP'>,2391593692616,algorithms.genetic_algorithm,63,0.448024948024948,0.4024896265560166,40,tournament_selection,two_point_crossover,0.95,random_percentage_ball_mutation,None,None,0.95,-0.008988552690369814
<class 'problems.ANNOP.ANNOP'>,2391593692616,algorithms.genetic_algorithm,64,0.448024948024948,0.4024896265560166,40,tournament_selection,two_point_crossover,0.95,random_percentage_ball_mutation,None,None,0.95,0.00861602921872387
<class 'problems.ANNOP.ANNOP'>,2391593692616,algorithms.genetic_algorithm,65,0.448024948024948,0.4024896265560166,40,tournament_selection,two_point_crossover,0.95,random_percentage_ball_mutation,None,None,0.95,-0.01978415752817904
<class 'problems.ANNOP.ANNOP'>,2391593692616,algorithms.genetic_algorithm,66,0.448024948024948,0.4024896265560166,40,tournament_selection,two_point_crossover,0.95,random_percentage_ball_mutation,None,None,0.95,0.034952423666077065
<class 'problems.ANNOP.ANNOP'>,2391593692616,algorithms.genetic_algorithm,67,0.448024948024948,0.4024896265560166,40,tournament_selection,two_point_crossover,0.95,random_percentage_ball_mutation,None,None,0.95,-0.014801392955462178
<class 'problems.ANNOP.ANNOP'>,2391593692616,algorithms.genetic_algorithm,68,0.448024948024948,0.4024896265560166,40,tournament_selection,two_point_crossover,0.95,random_percentage_ball_mutation,None,None,0.95,0.010765894961588779
<class 'problems.ANNOP.ANNOP'>,2391593692616,algorithms.genetic_algorithm,69,0.448024948024948,0.4024896265560166,40,tournament_selection,two_point_crossover,0.95,random_percentage_ball_mutation,None,None,0.95,-0.010784440977731236
<class 'problems.ANNOP.ANNOP'>,2391593692616,algorithms.genetic_algorithm,70,0.448024948024948,0.4024896265560166,40,tournament_selection,two_point_crossover,0.95,random_percentage_ball_mutation,None,None,0.95,-0.0017587141005981355
<class 'problems.ANNOP.ANNOP'>,2391593692616,algorithms.genetic_algorithm,71,0.448024948024948,0.4024896265560166,40,tournament_selection,two_point_crossover,0.95,random_percentage_ball_mutation,None,None,0.95,-0.02737922993723213
<class 'problems.ANNOP.ANNOP'>,2391593692616,algorithms.genetic_algorithm,72,0.448024948024948,0.4024896265560166,40,tournament_selection,two_point_crossover,0.95,random_percentage_ball_mutation,None,None,0.95,-0.004915333630436641
<class 'problems.ANNOP.ANNOP'>,2391593692616,algorithms.genetic_algorithm,73,0.448024948024948,0.4024896265560166,40,tournament_selection,two_point_crossover,0.95,random_percentage_ball_mutation,None,None,0.95,-0.007729545168594781
