<class 'problems.ANNOP.ANNOP'>,1851089695800,algorithms.GA_with_plotting_fitshare,[0, 0.21621621621621623, 0.18672199170124482, 40, 'tournament_selection', 'uniform_crossover', 0.95, 'ball_mutation', <mtrand.RandomState object at 0x000001AEFD8B3438>, None, 0.95, 0.002582535867272962, 32807.7981826224],1.1570168368340088
<class 'problems.ANNOP.ANNOP'>,1851089695800,algorithms.GA_with_plotting_fitshare,[1, 0.21621621621621623, 0.18672199170124482, 40, 'tournament_selection', 'uniform_crossover', 0.95, 'ball_mutation', <mtrand.RandomState object at 0x000001AEFD8B3438>, None, 0.95, 0.01178353469679213, 27311.86525002723],1.1864801677646672
<class 'problems.ANNOP.ANNOP'>,1851089695800,algorithms.GA_with_plotting_fitshare,[2, 0.21621621621621623, 0.18672199170124482, 40, 'tournament_selection', 'uniform_crossover', 0.95, 'ball_mutation', <mtrand.RandomState object at 0x000001AEFD8B3438>, None, 0.95, -0.0036079698697652623, 24083.7138536503],1.2163628363762962
<class 'problems.ANNOP.ANNOP'>,1851089695800,algorithms.GA_with_plotting_fitshare,[3, 0.21621621621621623, 0.18672199170124482, 40, 'tournament_selection', 'uniform_crossover', 0.95, 'ball_mutation', <mtrand.RandomState object at 0x000001AEFD8B3438>, None, 0.95, -0.0057439117942621985, 20502.871499140296],1.2370717530312396
<class 'problems.ANNOP.ANNOP'>,1851089695800,algorithms.GA_with_plotting_fitshare,[4, 0.21621621621621623, 0.18672199170124482, 40, 'tournament_selection', 'uniform_crossover', 0.95, 'ball_mutation', <mtrand.RandomState object at 0x000001AEFD8B3438>, None, 0.95, 0.006495731675688062, 12017.945484862488],1.2460982286839153
<class 'problems.ANNOP.ANNOP'>,1851089695800,algorithms.GA_with_plotting_fitshare,[5, 0.2234927234927235, 0.21991701244813278, 40, 'tournament_selection', 'uniform_crossover', 0.95, 'ball_mutation', <mtrand.RandomState object at 0x000001AEFD8B3438>, None, 0.95, -0.0008978087267626916, 10547.91741102987],1.2694955317900594
<class 'problems.ANNOP.ANNOP'>,1851089695800,algorithms.GA_with_plotting_fitshare,[6, 0.23284823284823286, 0.25311203319502074, 40, 'tournament_selection', 'uniform_crossover', 0.95, 'ball_mutation', <mtrand.RandomState object at 0x000001AEFD8B3438>, None, 0.95, 0.004682015604362932, 10455.6067306729],1.260399965781119
<class 'problems.ANNOP.ANNOP'>,1851089695800,algorithms.GA_with_plotting_fitshare,[7, 0.23492723492723494, 0.25311203319502074, 40, 'tournament_selection', 'uniform_crossover', 0.95, 'ball_mutation', <mtrand.RandomState object at 0x000001AEFD8B3438>, None, 0.95, 0.00031595664802893525, 11446.966264238763],1.283676489746447
<class 'problems.ANNOP.ANNOP'>,1851089695800,algorithms.GA_with_plotting_fitshare,[8, 0.23492723492723494, 0.24896265560165975, 40, 'tournament_selection', 'uniform_crossover', 0.95, 'ball_mutation', <mtrand.RandomState object at 0x000001AEFD8B3438>, None, 0.95, -0.005670490315651172, 12196.271426931517],1.3221861205960717
<class 'problems.ANNOP.ANNOP'>,1851089695800,algorithms.GA_with_plotting_fitshare,[9, 0.23804573804573806, 0.26556016597510373, 40, 'tournament_selection', 'uniform_crossover', 0.95, 'ball_mutation', <mtrand.RandomState object at 0x000001AEFD8B3438>, None, 0.95, 0.004779547958421761, 10709.461036606706],1.3785262643042457
<class 'problems.ANNOP.ANNOP'>,1851089695800,algorithms.GA_with_plotting_fitshare,[10, 0.26507276507276506, 0.2987551867219917, 40, 'tournament_selection', 'uniform_crossover', 0.95, 'ball_mutation', <mtrand.RandomState object at 0x000001AEFD8B3438>, None, 0.95, 0.0015934921215047665, 9762.672981713169],1.3974109966408983
<class 'problems.ANNOP.ANNOP'>,1851089695800,algorithms.GA_with_plotting_fitshare,[11, 0.2692307692307692, 0.3029045643153527, 40, 'tournament_selection', 'uniform_crossover', 0.95, 'ball_mutation', <mtrand.RandomState object at 0x000001AEFD8B3438>, None, 0.95, 0.00245372178421336, 9731.958972363454],1.4106170703346168
<class 'problems.ANNOP.ANNOP'>,1851089695800,algorithms.GA_with_plotting_fitshare,[12, 0.2869022869022869, 0.3070539419087137, 40, 'tournament_selection', 'uniform_crossover', 0.95, 'ball_mutation', <mtrand.RandomState object at 0x000001AEFD8B3438>, None, 0.95, -0.0015943262162805769, 9500.29509863513],1.4216716571754984
<class 'problems.ANNOP.ANNOP'>,1851089695800,algorithms.GA_with_plotting_fitshare,[13, 0.3108108108108108, 0.3070539419087137, 40, 'tournament_selection', 'uniform_crossover', 0.95, 'ball_mutation', <mtrand.RandomState object at 0x000001AEFD8B3438>, None, 0.95, 0.0046876809737506075, 9537.02112029605],1.4491319545878834
<class 'problems.ANNOP.ANNOP'>,1851089695800,algorithms.GA_with_plotting_fitshare,[14, 0.3191268191268191, 0.33195020746887965, 40, 'tournament_selection', 'uniform_crossover', 0.95, 'ball_mutation', <mtrand.RandomState object at 0x000001AEFD8B3438>, None, 0.95, -0.012487215910497527, 9032.981930247699],1.4789036368047308
<class 'problems.ANNOP.ANNOP'>,1851089695800,algorithms.GA_with_plotting_fitshare,[15, 0.3191268191268191, 0.33195020746887965, 40, 'tournament_selection', 'uniform_crossover', 0.95, 'ball_mutation', <mtrand.RandomState object at 0x000001AEFD8B3438>, None, 0.95, 0.0019307124425039165, 8453.091416593299],1.5048409654488395
<class 'problems.ANNOP.ANNOP'>,1851089695800,algorithms.GA_with_plotting_fitshare,[16, 0.3232848232848233, 0.34439834024896265, 40, 'tournament_selection', 'uniform_crossover', 0.95, 'ball_mutation', <mtrand.RandomState object at 0x000001AEFD8B3438>, None, 0.95, 0.0015393333494084643, 8303.253307523886],1.5220656534785844
<class 'problems.ANNOP.ANNOP'>,1851089695800,algorithms.GA_with_plotting_fitshare,[17, 0.3316008316008316, 0.31950207468879666, 40, 'tournament_selection', 'uniform_crossover', 0.95, 'ball_mutation', <mtrand.RandomState object at 0x000001AEFD8B3438>, None, 0.95, -0.0021803408098357013, 8099.782849401318],1.5346749224764469
<class 'problems.ANNOP.ANNOP'>,1851089695800,algorithms.GA_with_plotting_fitshare,[18, 0.3316008316008316, 0.31950207468879666, 40, 'tournament_selection', 'uniform_crossover', 0.95, 'ball_mutation', <mtrand.RandomState object at 0x000001AEFD8B3438>, None, 0.95, 0.0041169570018521895, 8303.895767888102],1.5508746776310818
<class 'problems.ANNOP.ANNOP'>,1851089695800,algorithms.GA_with_plotting_fitshare,[19, 0.3316008316008316, 0.31950207468879666, 40, 'tournament_selection', 'uniform_crossover', 0.95, 'ball_mutation', <mtrand.RandomState object at 0x000001AEFD8B3438>, None, 0.95, -0.00509592122982544, 9229.090198035667],1.5816408110471791
<class 'problems.ANNOP.ANNOP'>,1851089695800,algorithms.GA_with_plotting_fitshare,[20, 0.35135135135135137, 0.34854771784232363, 40, 'tournament_selection', 'uniform_crossover', 0.95, 'ball_mutation', <mtrand.RandomState object at 0x000001AEFD8B3438>, None, 0.95, 0.004387645589800343, 9933.685513318671],1.6147274451015008
<class 'problems.ANNOP.ANNOP'>,1851089695800,algorithms.GA_with_plotting_fitshare,[21, 0.35135135135135137, 0.34854771784232363, 40, 'tournament_selection', 'uniform_crossover', 0.95, 'ball_mutation', <mtrand.RandomState object at 0x000001AEFD8B3438>, None, 0.95, 0.021769025919268013, 8901.927650006151],1.644624218257307
<class 'problems.ANNOP.ANNOP'>,1851089695800,algorithms.GA_with_plotting_fitshare,[22, 0.35135135135135137, 0.34854771784232363, 40, 'tournament_selection', 'uniform_crossover', 0.95, 'ball_mutation', <mtrand.RandomState object at 0x000001AEFD8B3438>, None, 0.95, -0.02235505202282656, 10007.092171261576],1.663148248874268
<class 'problems.ANNOP.ANNOP'>,1851089695800,algorithms.GA_with_plotting_fitshare,[23, 0.35135135135135137, 0.34854771784232363, 40, 'tournament_selection', 'uniform_crossover', 0.95, 'ball_mutation', <mtrand.RandomState object at 0x000001AEFD8B3438>, None, 0.95, -0.0003830576201491326, 9732.379215196355],1.6616082419866502
<class 'problems.ANNOP.ANNOP'>,1851089695800,algorithms.GA_with_plotting_fitshare,[24, 0.35135135135135137, 0.34854771784232363, 40, 'tournament_selection', 'uniform_crossover', 0.95, 'ball_mutation', <mtrand.RandomState object at 0x000001AEFD8B3438>, None, 0.95, 0.001569511308405401, 9682.817736409106],1.6517368013129063
<class 'problems.ANNOP.ANNOP'>,1851089695800,algorithms.GA_with_plotting_fitshare,[25, 0.35135135135135137, 0.34854771784232363, 40, 'tournament_selection', 'uniform_crossover', 0.95, 'ball_mutation', <mtrand.RandomState object at 0x000001AEFD8B3438>, None, 0.95, 0.004737383848799459, 9915.155059156541],1.6707149883549193
<class 'problems.ANNOP.ANNOP'>,1851089695800,algorithms.GA_with_plotting_fitshare,[26, 0.35135135135135137, 0.34854771784232363, 40, 'tournament_selection', 'uniform_crossover', 0.95, 'ball_mutation', <mtrand.RandomState object at 0x000001AEFD8B3438>, None, 0.95, -0.008709026770247985, 10346.259400585128],1.6770001917877289
<class 'problems.ANNOP.ANNOP'>,1851089695800,algorithms.GA_with_plotting_fitshare,[27, 0.35135135135135137, 0.34854771784232363, 40, 'tournament_selection', 'uniform_crossover', 0.95, 'ball_mutation', <mtrand.RandomState object at 0x000001AEFD8B3438>, None, 0.95, 0.0067178252093507765, 9713.131289120303],1.6611921192094212
<class 'problems.ANNOP.ANNOP'>,1851089695800,algorithms.GA_with_plotting_fitshare,[28, 0.35135135135135137, 0.34854771784232363, 40, 'tournament_selection', 'uniform_crossover', 0.95, 'ball_mutation', <mtrand.RandomState object at 0x000001AEFD8B3438>, None, 0.95, 0.0034801981566697088, 9112.504409144974],1.6581957068816333
<class 'problems.ANNOP.ANNOP'>,1851089695800,algorithms.GA_with_plotting_fitshare,[29, 0.38357588357588357, 0.38589211618257263, 40, 'tournament_selection', 'uniform_crossover', 0.95, 'ball_mutation', <mtrand.RandomState object at 0x000001AEFD8B3438>, None, 0.95, -0.0004904335098854726, 9970.219841532287],1.6778590332958943
<class 'problems.ANNOP.ANNOP'>,1851089695800,algorithms.GA_with_plotting_fitshare,[30, 0.38357588357588357, 0.38589211618257263, 40, 'tournament_selection', 'uniform_crossover', 0.95, 'ball_mutation', <mtrand.RandomState object at 0x000001AEFD8B3438>, None, 0.95, 0.005528719353912748, 10648.530207556905],1.698879348474235
<class 'problems.ANNOP.ANNOP'>,1851089695800,algorithms.GA_with_plotting_fitshare,[31, 0.38357588357588357, 0.38589211618257263, 40, 'tournament_selection', 'uniform_crossover', 0.95, 'ball_mutation', <mtrand.RandomState object at 0x000001AEFD8B3438>, None, 0.95, -0.006820029835983649, 8244.525409629889],1.7533788910458477
<class 'problems.ANNOP.ANNOP'>,1851089695800,algorithms.GA_with_plotting_fitshare,[32, 0.38357588357588357, 0.38589211618257263, 40, 'tournament_selection', 'uniform_crossover', 0.95, 'ball_mutation', <mtrand.RandomState object at 0x000001AEFD8B3438>, None, 0.95, 0.01038857112080005, 8986.988341216249],1.7639960402841328
<class 'problems.ANNOP.ANNOP'>,1851089695800,algorithms.GA_with_plotting_fitshare,[33, 0.38357588357588357, 0.38589211618257263, 40, 'tournament_selection', 'uniform_crossover', 0.95, 'ball_mutation', <mtrand.RandomState object at 0x000001AEFD8B3438>, None, 0.95, 0.010188470485815136, 6711.134835060691],1.772140476615938
<class 'problems.ANNOP.ANNOP'>,1851089695800,algorithms.GA_with_plotting_fitshare,[34, 0.38357588357588357, 0.38589211618257263, 40, 'tournament_selection', 'uniform_crossover', 0.95, 'ball_mutation', <mtrand.RandomState object at 0x000001AEFD8B3438>, None, 0.95, -0.02277778155539817, 6054.936425315517],1.7680865632181357
<class 'problems.ANNOP.ANNOP'>,1851089695800,algorithms.GA_with_plotting_fitshare,[35, 0.38357588357588357, 0.38589211618257263, 40, 'tournament_selection', 'uniform_crossover', 0.95, 'ball_mutation', <mtrand.RandomState object at 0x000001AEFD8B3438>, None, 0.95, 0.0036646391204849596, 6039.653842103666],1.7666828454487318
<class 'problems.ANNOP.ANNOP'>,1851089695800,algorithms.GA_with_plotting_fitshare,[36, 0.38357588357588357, 0.38589211618257263, 40, 'tournament_selection', 'uniform_crossover', 0.95, 'ball_mutation', <mtrand.RandomState object at 0x000001AEFD8B3438>, None, 0.95, 0.003369990370967829, 6555.18039913358],1.7789397217625493
<class 'problems.ANNOP.ANNOP'>,1851089695800,algorithms.GA_with_plotting_fitshare,[37, 0.38357588357588357, 0.38589211618257263, 40, 'tournament_selection', 'uniform_crossover', 0.95, 'ball_mutation', <mtrand.RandomState object at 0x000001AEFD8B3438>, None, 0.95, 0.0013675060220231933, 7137.277230848895],1.7821808953691756
<class 'problems.ANNOP.ANNOP'>,1851089695800,algorithms.GA_with_plotting_fitshare,[38, 0.38357588357588357, 0.38589211618257263, 40, 'tournament_selection', 'uniform_crossover', 0.95, 'ball_mutation', <mtrand.RandomState object at 0x000001AEFD8B3438>, None, 0.95, 0.001854640719326478, 7278.916047639579],1.7840608988980635
<class 'problems.ANNOP.ANNOP'>,1851089695800,algorithms.GA_with_plotting_fitshare,[39, 0.38357588357588357, 0.3817427385892116, 40, 'tournament_selection', 'uniform_crossover', 0.95, 'ball_mutation', <mtrand.RandomState object at 0x000001AEFD8B3438>, None, 0.95, -0.006045853251858559, 7489.853092535227],1.778133771225401
<class 'problems.ANNOP.ANNOP'>,1851089695800,algorithms.GA_with_plotting_fitshare,[40, 0.38357588357588357, 0.38589211618257263, 40, 'tournament_selection', 'uniform_crossover', 0.95, 'ball_mutation', <mtrand.RandomState object at 0x000001AEFD8B3438>, None, 0.95, 0.002606594757162503, 8414.941270580055],1.7983472633621418
<class 'problems.ANNOP.ANNOP'>,1851089695800,algorithms.GA_with_plotting_fitshare,[41, 0.38357588357588357, 0.3817427385892116, 40, 'tournament_selection', 'uniform_crossover', 0.95, 'ball_mutation', <mtrand.RandomState object at 0x000001AEFD8B3438>, None, 0.95, 0.0039019704224606128, 8027.865990025094],1.7931446942578224
<class 'problems.ANNOP.ANNOP'>,1851089695800,algorithms.GA_with_plotting_fitshare,[42, 0.38357588357588357, 0.38589211618257263, 40, 'tournament_selection', 'uniform_crossover', 0.95, 'ball_mutation', <mtrand.RandomState object at 0x000001AEFD8B3438>, None, 0.95, -0.008731817611442996, 7898.598735851441],1.8004468113575463
<class 'problems.ANNOP.ANNOP'>,1851089695800,algorithms.GA_with_plotting_fitshare,[43, 0.38357588357588357, 0.38589211618257263, 40, 'tournament_selection', 'uniform_crossover', 0.95, 'ball_mutation', <mtrand.RandomState object at 0x000001AEFD8B3438>, None, 0.95, 0.00940721661751178, 7063.265504964719],1.7958290947970745
<class 'problems.ANNOP.ANNOP'>,1851089695800,algorithms.GA_with_plotting_fitshare,[44, 0.38357588357588357, 0.38589211618257263, 40, 'tournament_selection', 'uniform_crossover', 0.95, 'ball_mutation', <mtrand.RandomState object at 0x000001AEFD8B3438>, None, 0.95, -0.00504284775900752, 7231.606642914019],1.7929529699969895
<class 'problems.ANNOP.ANNOP'>,1851089695800,algorithms.GA_with_plotting_fitshare,[45, 0.38357588357588357, 0.38589211618257263, 40, 'tournament_selection', 'uniform_crossover', 0.95, 'ball_mutation', <mtrand.RandomState object at 0x000001AEFD8B3438>, None, 0.95, -0.0009738004602551364, 7494.409806355083],1.7925692216708446
<class 'problems.ANNOP.ANNOP'>,1851089695800,algorithms.GA_with_plotting_fitshare,[46, 0.38357588357588357, 0.38589211618257263, 40, 'tournament_selection', 'uniform_crossover', 0.95, 'ball_mutation', <mtrand.RandomState object at 0x000001AEFD8B3438>, None, 0.95, 0.007151483824748832, 8161.176317783011],1.8107296654419889
<class 'problems.ANNOP.ANNOP'>,1851089695800,algorithms.GA_with_plotting_fitshare,[47, 0.38461538461538464, 0.3817427385892116, 40, 'tournament_selection', 'uniform_crossover', 0.95, 'ball_mutation', <mtrand.RandomState object at 0x000001AEFD8B3438>, None, 0.95, 0.0026400477237077807, 8648.845344468551],1.815472223883965
<class 'problems.ANNOP.ANNOP'>,1851089695800,algorithms.GA_with_plotting_fitshare,[48, 0.38461538461538464, 0.3817427385892116, 40, 'tournament_selection', 'uniform_crossover', 0.95, 'ball_mutation', <mtrand.RandomState object at 0x000001AEFD8B3438>, None, 0.95, -0.014030415390459947, 7934.4200030020165],1.8058741089570087
<class 'problems.ANNOP.ANNOP'>,1851089695800,algorithms.GA_with_plotting_fitshare,[49, 0.38461538461538464, 0.3817427385892116, 40, 'tournament_selection', 'uniform_crossover', 0.95, 'ball_mutation', <mtrand.RandomState object at 0x000001AEFD8B3438>, None, 0.95, 0.00982569304004035, 7571.954869228525],1.82771728661694
<class 'problems.ANNOP.ANNOP'>,1851089695800,algorithms.GA_with_plotting_fitshare,[50, 0.38461538461538464, 0.3817427385892116, 40, 'tournament_selection', 'uniform_crossover', 0.95, 'ball_mutation', <mtrand.RandomState object at 0x000001AEFD8B3438>, None, 0.95, 0.005131933324130311, 7765.319067472974],1.8516328624751932
<class 'problems.ANNOP.ANNOP'>,1851089695800,algorithms.GA_with_plotting_fitshare,[51, 0.38461538461538464, 0.3817427385892116, 40, 'tournament_selection', 'uniform_crossover', 0.95, 'ball_mutation', <mtrand.RandomState object at 0x000001AEFD8B3438>, None, 0.95, -0.0025791529726293533, 7649.883433316462],1.8511142448799625
<class 'problems.ANNOP.ANNOP'>,1851089695800,algorithms.GA_with_plotting_fitshare,[52, 0.38461538461538464, 0.3817427385892116, 40, 'tournament_selection', 'uniform_crossover', 0.95, 'ball_mutation', <mtrand.RandomState object at 0x000001AEFD8B3438>, None, 0.95, -0.009374758728329997, 7107.472797344442],1.8641676222576646
<class 'problems.ANNOP.ANNOP'>,1851089695800,algorithms.GA_with_plotting_fitshare,[53, 0.38461538461538464, 0.3817427385892116, 40, 'tournament_selection', 'uniform_crossover', 0.95, 'ball_mutation', <mtrand.RandomState object at 0x000001AEFD8B3438>, None, 0.95, 0.005457465485952141, 7180.656727711808],1.8708072567596852
<class 'problems.ANNOP.ANNOP'>,1851089695800,algorithms.GA_with_plotting_fitshare,[54, 0.41164241164241167, 0.42323651452282157, 40, 'tournament_selection', 'uniform_crossover', 0.95, 'ball_mutation', <mtrand.RandomState object at 0x000001AEFD8B3438>, None, 0.95, -0.003767808236492441, 6619.064363430708],1.8598218133080904
<class 'problems.ANNOP.ANNOP'>,1851089695800,algorithms.GA_with_plotting_fitshare,[55, 0.41164241164241167, 0.42323651452282157, 40, 'tournament_selection', 'uniform_crossover', 0.95, 'ball_mutation', <mtrand.RandomState object at 0x000001AEFD8B3438>, None, 0.95, -0.0017819790890733697, 6818.880291669135],1.872027711775885
<class 'problems.ANNOP.ANNOP'>,1851089695800,algorithms.GA_with_plotting_fitshare,[56, 0.41164241164241167, 0.42323651452282157, 40, 'tournament_selection', 'uniform_crossover', 0.95, 'ball_mutation', <mtrand.RandomState object at 0x000001AEFD8B3438>, None, 0.95, 0.012703183393976261, 7355.323175807003],1.8776622560699447
<class 'problems.ANNOP.ANNOP'>,1851089695800,algorithms.GA_with_plotting_fitshare,[57, 0.41164241164241167, 0.42323651452282157, 40, 'tournament_selection', 'uniform_crossover', 0.95, 'ball_mutation', <mtrand.RandomState object at 0x000001AEFD8B3438>, None, 0.95, -0.019651782543958593, 7129.693626815378],1.8840172654768315
<class 'problems.ANNOP.ANNOP'>,1851089695800,algorithms.GA_with_plotting_fitshare,[58, 0.41164241164241167, 0.42323651452282157, 40, 'tournament_selection', 'uniform_crossover', 0.95, 'ball_mutation', <mtrand.RandomState object at 0x000001AEFD8B3438>, None, 0.95, 0.010882397144419895, 6134.060278970208],1.8780444525565851
<class 'problems.ANNOP.ANNOP'>,1851089695800,algorithms.GA_with_plotting_fitshare,[59, 0.41164241164241167, 0.4149377593360996, 40, 'tournament_selection', 'uniform_crossover', 0.95, 'ball_mutation', <mtrand.RandomState object at 0x000001AEFD8B3438>, None, 0.95, 0.004074908049806411, 6292.15380923731],1.8775309776645854
<class 'problems.ANNOP.ANNOP'>,1851089695800,algorithms.GA_with_plotting_fitshare,[60, 0.41164241164241167, 0.4149377593360996, 40, 'tournament_selection', 'uniform_crossover', 0.95, 'ball_mutation', <mtrand.RandomState object at 0x000001AEFD8B3438>, None, 0.95, -0.010719789811788241, 6315.456538446995],1.877245733698008
<class 'problems.ANNOP.ANNOP'>,1851089695800,algorithms.GA_with_plotting_fitshare,[61, 0.41164241164241167, 0.4149377593360996, 40, 'tournament_selection', 'uniform_crossover', 0.95, 'ball_mutation', <mtrand.RandomState object at 0x000001AEFD8B3438>, None, 0.95, 0.003111999370529153, 6892.13057226711],1.8982546823944737
<class 'problems.ANNOP.ANNOP'>,1851089695800,algorithms.GA_with_plotting_fitshare,[62, 0.41476091476091476, 0.4190871369294606, 40, 'tournament_selection', 'uniform_crossover', 0.95, 'ball_mutation', <mtrand.RandomState object at 0x000001AEFD8B3438>, None, 0.95, -0.006272258295084168, 7251.1714864661335],1.9043915560729798
<class 'problems.ANNOP.ANNOP'>,1851089695800,algorithms.GA_with_plotting_fitshare,[63, 0.41476091476091476, 0.4190871369294606, 40, 'tournament_selection', 'uniform_crossover', 0.95, 'ball_mutation', <mtrand.RandomState object at 0x000001AEFD8B3438>, None, 0.95, 0.017585566844868172, 7156.789963750921],1.9094332226529667
<class 'problems.ANNOP.ANNOP'>,1851089695800,algorithms.GA_with_plotting_fitshare,[64, 0.41476091476091476, 0.4190871369294606, 40, 'tournament_selection', 'uniform_crossover', 0.95, 'ball_mutation', <mtrand.RandomState object at 0x000001AEFD8B3438>, None, 0.95, -0.014032700959031412, 7733.5960243520785],1.9285497502852098
<class 'problems.ANNOP.ANNOP'>,1851089695800,algorithms.GA_with_plotting_fitshare,[65, 0.41476091476091476, 0.4190871369294606, 40, 'tournament_selection', 'uniform_crossover', 0.95, 'ball_mutation', <mtrand.RandomState object at 0x000001AEFD8B3438>, None, 0.95, 0.008220302030441627, 6470.387482747854],1.931813689374567
<class 'problems.ANNOP.ANNOP'>,1851089695800,algorithms.GA_with_plotting_fitshare,[66, 0.41476091476091476, 0.4190871369294606, 40, 'tournament_selection', 'uniform_crossover', 0.95, 'ball_mutation', <mtrand.RandomState object at 0x000001AEFD8B3438>, None, 0.95, -0.005176867267563751, 6740.192811768173],1.9505965018442422
<class 'problems.ANNOP.ANNOP'>,1851089695800,algorithms.GA_with_plotting_fitshare,[67, 0.4230769230769231, 0.4149377593360996, 40, 'tournament_selection', 'uniform_crossover', 0.95, 'ball_mutation', <mtrand.RandomState object at 0x000001AEFD8B3438>, None, 0.95, 0.005753662669737154, 7015.5446560446935],1.9507085568892968
<class 'problems.ANNOP.ANNOP'>,1851089695800,algorithms.GA_with_plotting_fitshare,[68, 0.4230769230769231, 0.4149377593360996, 40, 'tournament_selection', 'uniform_crossover', 0.95, 'ball_mutation', <mtrand.RandomState object at 0x000001AEFD8B3438>, None, 0.95, -0.005428670632402807, 6789.672431681584],1.9465167423055982
<class 'problems.ANNOP.ANNOP'>,1851089695800,algorithms.GA_with_plotting_fitshare,[69, 0.4230769230769231, 0.4149377593360996, 40, 'tournament_selection', 'uniform_crossover', 0.95, 'ball_mutation', <mtrand.RandomState object at 0x000001AEFD8B3438>, None, 0.95, 0.003772165298215259, 7159.6750641155595],1.9616202675122378
<class 'problems.ANNOP.ANNOP'>,1851089695800,algorithms.GA_with_plotting_fitshare,[70, 0.4230769230769231, 0.4149377593360996, 40, 'tournament_selection', 'uniform_crossover', 0.95, 'ball_mutation', <mtrand.RandomState object at 0x000001AEFD8B3438>, None, 0.95, 0.01837278842091905, 7880.187189514596],1.9733065616027137
<class 'problems.ANNOP.ANNOP'>,1851089695800,algorithms.GA_with_plotting_fitshare,[71, 0.4230769230769231, 0.4149377593360996, 40, 'tournament_selection', 'uniform_crossover', 0.95, 'ball_mutation', <mtrand.RandomState object at 0x000001AEFD8B3438>, None, 0.95, -0.02809643679019007, 7673.445210603799],1.9975732431739812
<class 'problems.ANNOP.ANNOP'>,1851089695800,algorithms.GA_with_plotting_fitshare,[72, 0.4230769230769231, 0.4149377593360996, 40, 'tournament_selection', 'uniform_crossover', 0.95, 'ball_mutation', <mtrand.RandomState object at 0x000001AEFD8B3438>, None, 0.95, 0.03155496751359689, 8230.997151075331],2.009855626594663
<class 'problems.ANNOP.ANNOP'>,1851089695800,algorithms.GA_with_plotting_fitshare,[73, 0.4230769230769231, 0.4149377593360996, 40, 'tournament_selection', 'uniform_crossover', 0.95, 'ball_mutation', <mtrand.RandomState object at 0x000001AEFD8B3438>, None, 0.95, -0.03089021392645773, 8853.445573843981],2.0179250091911247
<class 'problems.ANNOP.ANNOP'>,1851089695800,algorithms.GA_with_plotting_fitshare,[74, 0.4230769230769231, 0.4149377593360996, 40, 'tournament_selection', 'uniform_crossover', 0.95, 'ball_mutation', <mtrand.RandomState object at 0x000001AEFD8B3438>, None, 0.95, 0.012667519499758556, 8502.053269126383],2.0097182795365356
<class 'problems.ANNOP.ANNOP'>,1851089695800,algorithms.GA_with_plotting_fitshare,[75, 0.4230769230769231, 0.4149377593360996, 40, 'tournament_selection', 'uniform_crossover', 0.95, 'ball_mutation', <mtrand.RandomState object at 0x000001AEFD8B3438>, None, 0.95, -0.0034126259581592627, 9088.9439519156],2.013321668789085
<class 'problems.ANNOP.ANNOP'>,1851089695800,algorithms.GA_with_plotting_fitshare,[76, 0.46153846153846156, 0.4149377593360996, 40, 'tournament_selection', 'uniform_crossover', 0.95, 'ball_mutation', <mtrand.RandomState object at 0x000001AEFD8B3438>, None, 0.95, 0.0020476050256976533, 8997.643428404537],2.026369325201362
<class 'problems.ANNOP.ANNOP'>,1851089695800,algorithms.GA_with_plotting_fitshare,[77, 0.46153846153846156, 0.4149377593360996, 40, 'tournament_selection', 'uniform_crossover', 0.95, 'ball_mutation', <mtrand.RandomState object at 0x000001AEFD8B3438>, None, 0.95, 0.0029374889766136253, 8170.177227020803],2.032375178946047
<class 'problems.ANNOP.ANNOP'>,1851089695800,algorithms.GA_with_plotting_fitshare,[78, 0.46153846153846156, 0.4149377593360996, 40, 'tournament_selection', 'uniform_crossover', 0.95, 'ball_mutation', <mtrand.RandomState object at 0x000001AEFD8B3438>, None, 0.95, -0.007120797146654728, 8761.417864379677],2.038939673929334
<class 'problems.ANNOP.ANNOP'>,1851089695800,algorithms.GA_with_plotting_fitshare,[79, 0.46153846153846156, 0.4149377593360996, 40, 'tournament_selection', 'uniform_crossover', 0.95, 'ball_mutation', <mtrand.RandomState object at 0x000001AEFD8B3438>, None, 0.95, 0.025933391671318494, 6540.051069180105],2.008939006825585
<class 'problems.ANNOP.ANNOP'>,1851089695800,algorithms.GA_with_plotting_fitshare,[80, 0.46153846153846156, 0.4149377593360996, 40, 'tournament_selection', 'uniform_crossover', 0.95, 'ball_mutation', <mtrand.RandomState object at 0x000001AEFD8B3438>, None, 0.95, 0.017662790727696817, 8099.427848549316],2.0417991739057038
<class 'problems.ANNOP.ANNOP'>,1851089695800,algorithms.GA_with_plotting_fitshare,[81, 0.46153846153846156, 0.4149377593360996, 40, 'tournament_selection', 'uniform_crossover', 0.95, 'ball_mutation', <mtrand.RandomState object at 0x000001AEFD8B3438>, None, 0.95, 0.0186432778032168, 6962.503498208753],2.028468937552499
<class 'problems.ANNOP.ANNOP'>,1851089695800,algorithms.GA_with_plotting_fitshare,[82, 0.46153846153846156, 0.4149377593360996, 40, 'tournament_selection', 'uniform_crossover', 0.95, 'ball_mutation', <mtrand.RandomState object at 0x000001AEFD8B3438>, None, 0.95, -0.037401511811418, 6655.740133470636],2.027619993574538
<class 'problems.ANNOP.ANNOP'>,1851089695800,algorithms.GA_with_plotting_fitshare,[83, 0.46153846153846156, 0.4149377593360996, 40, 'tournament_selection', 'uniform_crossover', 0.95, 'ball_mutation', <mtrand.RandomState object at 0x000001AEFD8B3438>, None, 0.95, -0.013998287664223404, 5974.704206009328],2.0185265995630925
<class 'problems.ANNOP.ANNOP'>,1851089695800,algorithms.GA_with_plotting_fitshare,[84, 0.46153846153846156, 0.4149377593360996, 40, 'tournament_selection', 'uniform_crossover', 0.95, 'ball_mutation', <mtrand.RandomState object at 0x000001AEFD8B3438>, None, 0.95, 0.031377247722262906, 6026.759560948068],2.02027751648265
<class 'problems.ANNOP.ANNOP'>,1851089695800,algorithms.GA_with_plotting_fitshare,[85, 0.46153846153846156, 0.4149377593360996, 40, 'tournament_selection', 'uniform_crossover', 0.95, 'ball_mutation', <mtrand.RandomState object at 0x000001AEFD8B3438>, None, 0.95, 0.004186818952760588, 6820.5347451888265],2.0307645959346092
<class 'problems.ANNOP.ANNOP'>,1851089695800,algorithms.GA_with_plotting_fitshare,[86, 0.46153846153846156, 0.4149377593360996, 40, 'tournament_selection', 'uniform_crossover', 0.95, 'ball_mutation', <mtrand.RandomState object at 0x000001AEFD8B3438>, None, 0.95, -0.0014155984489781365, 6699.042808503568],2.019848599407709
<class 'problems.ANNOP.ANNOP'>,1851089695800,algorithms.GA_with_plotting_fitshare,[87, 0.46153846153846156, 0.4149377593360996, 40, 'tournament_selection', 'uniform_crossover', 0.95, 'ball_mutation', <mtrand.RandomState object at 0x000001AEFD8B3438>, None, 0.95, -0.031616502528350424, 6715.843319861458],2.0242111214237917
<class 'problems.ANNOP.ANNOP'>,1851089695800,algorithms.GA_with_plotting_fitshare,[88, 0.46153846153846156, 0.4149377593360996, 40, 'tournament_selection', 'uniform_crossover', 0.95, 'ball_mutation', <mtrand.RandomState object at 0x000001AEFD8B3438>, None, 0.95, 0.02354262647250878, 6178.388162308585],2.0175890449055593
<class 'problems.ANNOP.ANNOP'>,1851089695800,algorithms.GA_with_plotting_fitshare,[89, 0.46153846153846156, 0.4149377593360996, 40, 'tournament_selection', 'uniform_crossover', 0.95, 'ball_mutation', <mtrand.RandomState object at 0x000001AEFD8B3438>, None, 0.95, -0.012523094100707635, 6937.2988521570605],2.0273936000094808
<class 'problems.ANNOP.ANNOP'>,1851089695800,algorithms.GA_with_plotting_fitshare,[90, 0.46153846153846156, 0.4149377593360996, 40, 'tournament_selection', 'uniform_crossover', 0.95, 'ball_mutation', <mtrand.RandomState object at 0x000001AEFD8B3438>, None, 0.95, -0.01697018738250288, 6496.3883545976105],2.0214600275853125
<class 'problems.ANNOP.ANNOP'>,1851089695800,algorithms.GA_with_plotting_fitshare,[91, 0.46153846153846156, 0.4149377593360996, 40, 'tournament_selection', 'uniform_crossover', 0.95, 'ball_mutation', <mtrand.RandomState object at 0x000001AEFD8B3438>, None, 0.95, 0.02029861083202706, 7572.7442471388395],2.051278358791972
<class 'problems.ANNOP.ANNOP'>,1851089695800,algorithms.GA_with_plotting_fitshare,[92, 0.46153846153846156, 0.4149377593360996, 40, 'tournament_selection', 'uniform_crossover', 0.95, 'ball_mutation', <mtrand.RandomState object at 0x000001AEFD8B3438>, None, 0.95, 0.0009706428995187311, 7334.677213681101],2.044174100790857
<class 'problems.ANNOP.ANNOP'>,1851089695800,algorithms.GA_with_plotting_fitshare,[93, 0.46153846153846156, 0.4149377593360996, 40, 'tournament_selection', 'uniform_crossover', 0.95, 'ball_mutation', <mtrand.RandomState object at 0x000001AEFD8B3438>, None, 0.95, 0.023215333843285946, 7980.867133538405],2.0628648139853274
<class 'problems.ANNOP.ANNOP'>,1851089695800,algorithms.GA_with_plotting_fitshare,[94, 0.46153846153846156, 0.4149377593360996, 40, 'tournament_selection', 'uniform_crossover', 0.95, 'ball_mutation', <mtrand.RandomState object at 0x000001AEFD8B3438>, None, 0.95, -0.041847835493279695, 8130.72200996096],2.0740324178069733
<class 'problems.ANNOP.ANNOP'>,1851089695800,algorithms.GA_with_plotting_fitshare,[95, 0.4625779625779626, 0.42738589211618255, 40, 'tournament_selection', 'uniform_crossover', 0.95, 'ball_mutation', <mtrand.RandomState object at 0x000001AEFD8B3438>, None, 0.95, 0.023650367203728567, 6866.090689591616],2.0364308883664783
<class 'problems.ANNOP.ANNOP'>,1851089695800,algorithms.GA_with_plotting_fitshare,[96, 0.47297297297297297, 0.4190871369294606, 40, 'tournament_selection', 'uniform_crossover', 0.95, 'ball_mutation', <mtrand.RandomState object at 0x000001AEFD8B3438>, None, 0.95, 0.014140351855286545, 6321.675958762609],2.0316856909924232
<class 'problems.ANNOP.ANNOP'>,1851089695800,algorithms.GA_with_plotting_fitshare,[97, 0.47297297297297297, 0.4190871369294606, 40, 'tournament_selection', 'uniform_crossover', 0.95, 'ball_mutation', <mtrand.RandomState object at 0x000001AEFD8B3438>, None, 0.95, -0.014024296979383719, 5580.004529615425],2.0158651574942605
<class 'problems.ANNOP.ANNOP'>,1851089695800,algorithms.GA_with_plotting_fitshare,[98, 0.47297297297297297, 0.4190871369294606, 40, 'tournament_selection', 'uniform_crossover', 0.95, 'ball_mutation', <mtrand.RandomState object at 0x000001AEFD8B3438>, None, 0.95, -0.01832749241460245, 5318.918261121618],2.0116352737920207
<class 'problems.ANNOP.ANNOP'>,1851089695800,algorithms.GA_with_plotting_fitshare,[99, 0.47297297297297297, 0.4190871369294606, 40, 'tournament_selection', 'uniform_crossover', 0.95, 'ball_mutation', <mtrand.RandomState object at 0x000001AEFD8B3438>, None, 0.95, 0.0067468796943181975, 5898.545272079427],2.022111743754785
<class 'problems.ANNOP.ANNOP'>,1851089695800,algorithms.GA_with_plotting_fitshare,[100, 0.47297297297297297, 0.4190871369294606, 40, 'tournament_selection', 'uniform_crossover', 0.95, 'ball_mutation', <mtrand.RandomState object at 0x000001AEFD8B3438>, None, 0.95, 0.018173732369243634, 6630.8718684448795],2.026621277680005
<class 'problems.ANNOP.ANNOP'>,1851089695800,algorithms.GA_with_plotting_fitshare,[101, 0.47297297297297297, 0.4190871369294606, 40, 'tournament_selection', 'uniform_crossover', 0.95, 'ball_mutation', <mtrand.RandomState object at 0x000001AEFD8B3438>, None, 0.95, -0.03652037088237674, 7120.486367609659],2.0426690467255195
<class 'problems.ANNOP.ANNOP'>,1851089695800,algorithms.GA_with_plotting_fitshare,[102, 0.47297297297297297, 0.4190871369294606, 40, 'tournament_selection', 'uniform_crossover', 0.95, 'ball_mutation', <mtrand.RandomState object at 0x000001AEFD8B3438>, None, 0.95, 0.017386416604868532, 6747.194243111246],2.038515257784839
<class 'problems.ANNOP.ANNOP'>,1851089695800,algorithms.GA_with_plotting_fitshare,[103, 0.47297297297297297, 0.4190871369294606, 40, 'tournament_selection', 'uniform_crossover', 0.95, 'ball_mutation', <mtrand.RandomState object at 0x000001AEFD8B3438>, None, 0.95, 0.009251208973959146, 7569.19993861272],2.0620482374643685
<class 'problems.ANNOP.ANNOP'>,1851089695800,algorithms.GA_with_plotting_fitshare,[104, 0.47297297297297297, 0.4190871369294606, 40, 'tournament_selection', 'uniform_crossover', 0.95, 'ball_mutation', <mtrand.RandomState object at 0x000001AEFD8B3438>, None, 0.95, 0.03286611736555374, 7592.704111954281],2.0629012806472775
<class 'problems.ANNOP.ANNOP'>,1851089695800,algorithms.GA_with_plotting_fitshare,[105, 0.47297297297297297, 0.4190871369294606, 40, 'tournament_selection', 'uniform_crossover', 0.95, 'ball_mutation', <mtrand.RandomState object at 0x000001AEFD8B3438>, None, 0.95, -0.05078211396477212, 7187.804196731406],2.0745867272482257
<class 'problems.ANNOP.ANNOP'>,1851089695800,algorithms.GA_with_plotting_fitshare,[106, 0.47297297297297297, 0.4190871369294606, 40, 'tournament_selection', 'uniform_crossover', 0.95, 'ball_mutation', <mtrand.RandomState object at 0x000001AEFD8B3438>, None, 0.95, -0.0060866306478971, 6955.324973584494],2.099281432938164
<class 'problems.ANNOP.ANNOP'>,1851089695800,algorithms.GA_with_plotting_fitshare,[107, 0.47297297297297297, 0.4190871369294606, 40, 'tournament_selection', 'uniform_crossover', 0.95, 'ball_mutation', <mtrand.RandomState object at 0x000001AEFD8B3438>, None, 0.95, 0.019541425253561673, 7727.3805369857255],2.104618707716524
<class 'problems.ANNOP.ANNOP'>,1851089695800,algorithms.GA_with_plotting_fitshare,[108, 0.47297297297297297, 0.4190871369294606, 40, 'tournament_selection', 'uniform_crossover', 0.95, 'ball_mutation', <mtrand.RandomState object at 0x000001AEFD8B3438>, None, 0.95, 0.0033514400926687865, 7969.333252634989],2.0703094612542934
<class 'problems.ANNOP.ANNOP'>,1851089695800,algorithms.GA_with_plotting_fitshare,[109, 0.47297297297297297, 0.4190871369294606, 40, 'tournament_selection', 'uniform_crossover', 0.95, 'ball_mutation', <mtrand.RandomState object at 0x000001AEFD8B3438>, None, 0.95, -0.00879338054662425, 8214.945212245813],2.086171136602247
<class 'problems.ANNOP.ANNOP'>,1851089695800,algorithms.GA_with_plotting_fitshare,[110, 0.47297297297297297, 0.4190871369294606, 40, 'tournament_selection', 'uniform_crossover', 0.95, 'ball_mutation', <mtrand.RandomState object at 0x000001AEFD8B3438>, None, 0.95, 0.013020315430722351, 7861.92847615172],2.121576340148458
<class 'problems.ANNOP.ANNOP'>,1851089695800,algorithms.GA_with_plotting_fitshare,[111, 0.47297297297297297, 0.4190871369294606, 40, 'tournament_selection', 'uniform_crossover', 0.95, 'ball_mutation', <mtrand.RandomState object at 0x000001AEFD8B3438>, None, 0.95, -0.006608192362122928, 7545.197862841944],2.062865533582256
<class 'problems.ANNOP.ANNOP'>,1851089695800,algorithms.GA_with_plotting_fitshare,[112, 0.47297297297297297, 0.4190871369294606, 40, 'tournament_selection', 'uniform_crossover', 0.95, 'ball_mutation', <mtrand.RandomState object at 0x000001AEFD8B3438>, None, 0.95, 0.017431509935850006, 6988.604557870521],2.0475204615977862
<class 'problems.ANNOP.ANNOP'>,1851089695800,algorithms.GA_with_plotting_fitshare,[113, 0.47297297297297297, 0.4190871369294606, 40, 'tournament_selection', 'uniform_crossover', 0.95, 'ball_mutation', <mtrand.RandomState object at 0x000001AEFD8B3438>, None, 0.95, -0.029783017763681738, 7822.912127290338],2.0763910817779334
<class 'problems.ANNOP.ANNOP'>,1851089695800,algorithms.GA_with_plotting_fitshare,[114, 0.47297297297297297, 0.4190871369294606, 40, 'tournament_selection', 'uniform_crossover', 0.95, 'ball_mutation', <mtrand.RandomState object at 0x000001AEFD8B3438>, None, 0.95, -0.002160935393152645, 8152.201290305815],2.112697126186421
<class 'problems.ANNOP.ANNOP'>,1851089695800,algorithms.GA_with_plotting_fitshare,[115, 0.47297297297297297, 0.4190871369294606, 40, 'tournament_selection', 'uniform_crossover', 0.95, 'ball_mutation', <mtrand.RandomState object at 0x000001AEFD8B3438>, None, 0.95, -0.005605798027398454, 8254.5755247811],2.0928879886171727
<class 'problems.ANNOP.ANNOP'>,1851089695800,algorithms.GA_with_plotting_fitshare,[116, 0.47297297297297297, 0.4190871369294606, 40, 'tournament_selection', 'uniform_crossover', 0.95, 'ball_mutation', <mtrand.RandomState object at 0x000001AEFD8B3438>, None, 0.95, 0.033055328021984694, 6124.686144653616],2.0333386385565695
<class 'problems.ANNOP.ANNOP'>,1851089695800,algorithms.GA_with_plotting_fitshare,[117, 0.47297297297297297, 0.4190871369294606, 40, 'tournament_selection', 'uniform_crossover', 0.95, 'ball_mutation', <mtrand.RandomState object at 0x000001AEFD8B3438>, None, 0.95, -0.03576107369086972, 6678.874454420173],2.0449526356663856
<class 'problems.ANNOP.ANNOP'>,1851089695800,algorithms.GA_with_plotting_fitshare,[118, 0.47297297297297297, 0.4190871369294606, 40, 'tournament_selection', 'uniform_crossover', 0.95, 'ball_mutation', <mtrand.RandomState object at 0x000001AEFD8B3438>, None, 0.95, -0.002699184365709817, 7456.158200491076],2.061212415268837
<class 'problems.ANNOP.ANNOP'>,1851089695800,algorithms.GA_with_plotting_fitshare,[119, 0.47297297297297297, 0.4190871369294606, 40, 'tournament_selection', 'uniform_crossover', 0.95, 'ball_mutation', <mtrand.RandomState object at 0x000001AEFD8B3438>, None, 0.95, 0.00794240494359126, 7601.529148988293],2.059018588839457
<class 'problems.ANNOP.ANNOP'>,1851089695800,algorithms.GA_with_plotting_fitshare,[120, 0.4792099792099792, 0.4107883817427386, 40, 'tournament_selection', 'uniform_crossover', 0.95, 'ball_mutation', <mtrand.RandomState object at 0x000001AEFD8B3438>, None, 0.95, 0.026811726712957763, 7730.922298626047],2.070777644975914
<class 'problems.ANNOP.ANNOP'>,1851089695800,algorithms.GA_with_plotting_fitshare,[121, 0.4792099792099792, 0.4107883817427386, 40, 'tournament_selection', 'uniform_crossover', 0.95, 'ball_mutation', <mtrand.RandomState object at 0x000001AEFD8B3438>, None, 0.95, 0.01442451568571157, 7861.075951237477],2.068771271310577
<class 'problems.ANNOP.ANNOP'>,1851089695800,algorithms.GA_with_plotting_fitshare,[122, 0.4792099792099792, 0.4107883817427386, 40, 'tournament_selection', 'uniform_crossover', 0.95, 'ball_mutation', <mtrand.RandomState object at 0x000001AEFD8B3438>, None, 0.95, 0.014164991484404782, 8032.281762161143],2.0888746413514103
<class 'problems.ANNOP.ANNOP'>,1851089695800,algorithms.GA_with_plotting_fitshare,[123, 0.4792099792099792, 0.4107883817427386, 40, 'tournament_selection', 'uniform_crossover', 0.95, 'ball_mutation', <mtrand.RandomState object at 0x000001AEFD8B3438>, None, 0.95, 0.013293514926822014, 6794.074535115552],2.1054012520022303
<class 'problems.ANNOP.ANNOP'>,1851089695800,algorithms.GA_with_plotting_fitshare,[124, 0.4792099792099792, 0.4107883817427386, 40, 'tournament_selection', 'uniform_crossover', 0.95, 'ball_mutation', <mtrand.RandomState object at 0x000001AEFD8B3438>, None, 0.95, 0.007093462619427504, 6331.533975842668],2.1104687904405344
matplotlib.font_manager,findfont: Matching :family=sans-serif:style=normal:variant=normal:weight=normal:stretch=normal:size=10.0 to DejaVu Sans ('C:\\Users\\dominika.leszko\\PycharmProjects\\KonradBaseline\\venv\\lib\\site-packages\\matplotlib\\mpl-data\\fonts\\ttf\\DejaVuSans.ttf') with score of 0.050000.
matplotlib.axes._base,update_title_pos
matplotlib.font_manager,findfont: Matching :family=sans-serif:style=normal:variant=normal:weight=normal:stretch=normal:size=12.0 to DejaVu Sans ('C:\\Users\\dominika.leszko\\PycharmProjects\\KonradBaseline\\venv\\lib\\site-packages\\matplotlib\\mpl-data\\fonts\\ttf\\DejaVuSans.ttf') with score of 0.050000.
matplotlib.axes._base,update_title_pos
matplotlib.axes._base,update_title_pos
matplotlib.axes._base,update_title_pos
matplotlib.font_manager,findfont: Matching :family=sans-serif:style=normal:variant=normal:weight=normal:stretch=normal:size=8.33 to DejaVu Sans ('C:\\Users\\dominika.leszko\\PycharmProjects\\KonradBaseline\\venv\\lib\\site-packages\\matplotlib\\mpl-data\\fonts\\ttf\\DejaVuSans.ttf') with score of 0.050000.
matplotlib.axes._base,update_title_pos
matplotlib.axes._base,update_title_pos
matplotlib.axes._base,update_title_pos
matplotlib.axes._base,update_title_pos
matplotlib.axes._base,update_title_pos
matplotlib.axes._base,update_title_pos
matplotlib.axes._base,update_title_pos
matplotlib.axes._base,update_title_pos
matplotlib.axes._base,update_title_pos
matplotlib.axes._base,update_title_pos
matplotlib.axes._base,update_title_pos
matplotlib.axes._base,update_title_pos
matplotlib.axes._base,update_title_pos
matplotlib.axes._base,update_title_pos
matplotlib.axes._base,update_title_pos
matplotlib.axes._base,update_title_pos
matplotlib.axes._base,update_title_pos
matplotlib.axes._base,update_title_pos
matplotlib.axes._base,update_title_pos
matplotlib.axes._base,update_title_pos
matplotlib.axes._base,update_title_pos
matplotlib.axes._base,update_title_pos
matplotlib.axes._base,update_title_pos
matplotlib.axes._base,update_title_pos
matplotlib.axes._base,update_title_pos
matplotlib.axes._base,update_title_pos
matplotlib.axes._base,update_title_pos
matplotlib.axes._base,update_title_pos
matplotlib.axes._base,update_title_pos
matplotlib.axes._base,update_title_pos
matplotlib.axes._base,update_title_pos
matplotlib.axes._base,update_title_pos
