<class 'problems.ANNOP.ANNOP'>,3037410243640,algorithms.GA_with_plotting,[0, 0.21621621621621623, 0.18672199170124482, 40, 'tournament_selection', 'uniform_crossover', 0.95, 'ball_mutation', <mtrand.RandomState object at 0x000002C333C23438>, None, 0.95, 0.012688578280754533, 32807.7981826224],1.1570168368340088
<class 'problems.ANNOP.ANNOP'>,3037410243640,algorithms.GA_with_plotting,[1, 0.21621621621621623, 0.18672199170124482, 40, 'tournament_selection', 'uniform_crossover', 0.95, 'ball_mutation', <mtrand.RandomState object at 0x000002C333C23438>, None, 0.95, -0.006814398900277192, 28151.731652114082],1.189391197004663
<class 'problems.ANNOP.ANNOP'>,3037410243640,algorithms.GA_with_plotting,[2, 0.21621621621621623, 0.18672199170124482, 40, 'tournament_selection', 'uniform_crossover', 0.95, 'ball_mutation', <mtrand.RandomState object at 0x000002C333C23438>, None, 0.95, 0.0032096068863557703, 26391.500367814882],1.2276261299942852
<class 'problems.ANNOP.ANNOP'>,3037410243640,algorithms.GA_with_plotting,[3, 0.21621621621621623, 0.18672199170124482, 40, 'tournament_selection', 'uniform_crossover', 0.95, 'ball_mutation', <mtrand.RandomState object at 0x000002C333C23438>, None, 0.95, -0.0008070108061455292, 23004.96551866889],1.2672684900377873
<class 'problems.ANNOP.ANNOP'>,3037410243640,algorithms.GA_with_plotting,[4, 0.21621621621621623, 0.18672199170124482, 40, 'tournament_selection', 'uniform_crossover', 0.95, 'ball_mutation', <mtrand.RandomState object at 0x000002C333C23438>, None, 0.95, 0.00013092721627259996, 14632.201613507548],1.2953671208677144
<class 'problems.ANNOP.ANNOP'>,3037410243640,algorithms.GA_with_plotting,[5, 0.21621621621621623, 0.18672199170124482, 40, 'tournament_selection', 'uniform_crossover', 0.95, 'ball_mutation', <mtrand.RandomState object at 0x000002C333C23438>, None, 0.95, -0.006086140134487456, 13377.249041235753],1.3321958140079087
<class 'problems.ANNOP.ANNOP'>,3037410243640,algorithms.GA_with_plotting,[6, 0.21621621621621623, 0.18672199170124482, 40, 'tournament_selection', 'uniform_crossover', 0.95, 'ball_mutation', <mtrand.RandomState object at 0x000002C333C23438>, None, 0.95, -0.002177167100059812, 13394.534455738216],1.3516081753073212
<class 'problems.ANNOP.ANNOP'>,3037410243640,algorithms.GA_with_plotting,[7, 0.21621621621621623, 0.18672199170124482, 40, 'tournament_selection', 'uniform_crossover', 0.95, 'ball_mutation', <mtrand.RandomState object at 0x000002C333C23438>, None, 0.95, 0.005170502561606852, 13661.54443501525],1.3925082842359044
<class 'problems.ANNOP.ANNOP'>,3037410243640,algorithms.GA_with_plotting,[8, 0.21621621621621623, 0.18672199170124482, 40, 'tournament_selection', 'uniform_crossover', 0.95, 'ball_mutation', <mtrand.RandomState object at 0x000002C333C23438>, None, 0.95, -0.0042103602557791026, 12045.387217460888],1.4231936693632596
<class 'problems.ANNOP.ANNOP'>,2479036511360,algorithms.GA_with_plotting,[0, 0.21621621621621623, 0.18672199170124482, 40, 'tournament_selection', 'uniform_crossover', 0.95, 'ball_mutation', <mtrand.RandomState object at 0x0000024132173480>, None, 0.95, 0.012688578280754533, 32807.7981826224],1.1570168368340088
<class 'problems.ANNOP.ANNOP'>,2479036511360,algorithms.GA_with_plotting,[1, 0.21621621621621623, 0.18672199170124482, 40, 'tournament_selection', 'uniform_crossover', 0.95, 'ball_mutation', <mtrand.RandomState object at 0x0000024132173480>, None, 0.95, -0.006814398900277192, 28151.731652114082],1.189391197004663
<class 'problems.ANNOP.ANNOP'>,2479036511360,algorithms.GA_with_plotting,[2, 0.21621621621621623, 0.18672199170124482, 40, 'tournament_selection', 'uniform_crossover', 0.95, 'ball_mutation', <mtrand.RandomState object at 0x0000024132173480>, None, 0.95, 0.0032096068863557703, 26391.500367814882],1.2276261299942852
<class 'problems.ANNOP.ANNOP'>,2479036511360,algorithms.GA_with_plotting,[3, 0.21621621621621623, 0.18672199170124482, 40, 'tournament_selection', 'uniform_crossover', 0.95, 'ball_mutation', <mtrand.RandomState object at 0x0000024132173480>, None, 0.95, -0.0008070108061455292, 23004.96551866889],1.2672684900377873
<class 'problems.ANNOP.ANNOP'>,2479036511360,algorithms.GA_with_plotting,[4, 0.21621621621621623, 0.18672199170124482, 40, 'tournament_selection', 'uniform_crossover', 0.95, 'ball_mutation', <mtrand.RandomState object at 0x0000024132173480>, None, 0.95, 0.00013092721627259996, 14632.201613507548],1.2953671208677144
<class 'problems.ANNOP.ANNOP'>,2479036511360,algorithms.GA_with_plotting,[5, 0.21621621621621623, 0.18672199170124482, 40, 'tournament_selection', 'uniform_crossover', 0.95, 'ball_mutation', <mtrand.RandomState object at 0x0000024132173480>, None, 0.95, -0.006086140134487456, 13377.249041235753],1.3321958140079087
<class 'problems.ANNOP.ANNOP'>,2479036511360,algorithms.GA_with_plotting,[6, 0.21621621621621623, 0.18672199170124482, 40, 'tournament_selection', 'uniform_crossover', 0.95, 'ball_mutation', <mtrand.RandomState object at 0x0000024132173480>, None, 0.95, -0.002177167100059812, 13394.534455738216],1.3516081753073212
<class 'problems.ANNOP.ANNOP'>,2479036511360,algorithms.GA_with_plotting,[7, 0.21621621621621623, 0.18672199170124482, 40, 'tournament_selection', 'uniform_crossover', 0.95, 'ball_mutation', <mtrand.RandomState object at 0x0000024132173480>, None, 0.95, 0.005170502561606852, 13661.54443501525],1.3925082842359044
<class 'problems.ANNOP.ANNOP'>,2479036511360,algorithms.GA_with_plotting,[8, 0.21621621621621623, 0.18672199170124482, 40, 'tournament_selection', 'uniform_crossover', 0.95, 'ball_mutation', <mtrand.RandomState object at 0x0000024132173480>, None, 0.95, -0.0042103602557791026, 12045.387217460888],1.4231936693632596
<class 'problems.ANNOP.ANNOP'>,2479036511360,algorithms.GA_with_plotting,[9, 0.21621621621621623, 0.18672199170124482, 40, 'tournament_selection', 'uniform_crossover', 0.95, 'ball_mutation', <mtrand.RandomState object at 0x0000024132173480>, None, 0.95, 0.0019274492942762574, 12123.884767438603],1.4500029926456228
<class 'problems.ANNOP.ANNOP'>,2479036511360,algorithms.GA_with_plotting,[10, 0.21621621621621623, 0.18672199170124482, 40, 'tournament_selection', 'uniform_crossover', 0.95, 'ball_mutation', <mtrand.RandomState object at 0x0000024132173480>, None, 0.95, -0.003731545399798409, 13554.942968876887],1.4671310981229504
<class 'problems.ANNOP.ANNOP'>,2479036511360,algorithms.GA_with_plotting,[11, 0.21621621621621623, 0.18672199170124482, 40, 'tournament_selection', 'uniform_crossover', 0.95, 'ball_mutation', <mtrand.RandomState object at 0x0000024132173480>, None, 0.95, 0.007148659372712925, 12165.188949976604],1.4971484907767758
<class 'problems.ANNOP.ANNOP'>,2479036511360,algorithms.GA_with_plotting,[12, 0.21621621621621623, 0.18672199170124482, 40, 'tournament_selection', 'uniform_crossover', 0.95, 'ball_mutation', <mtrand.RandomState object at 0x0000024132173480>, None, 0.95, 0.001009852293886851, 12684.897477535495],1.5318677939105514
<class 'problems.ANNOP.ANNOP'>,2479036511360,algorithms.GA_with_plotting,[13, 0.21621621621621623, 0.18672199170124482, 40, 'tournament_selection', 'uniform_crossover', 0.95, 'ball_mutation', <mtrand.RandomState object at 0x0000024132173480>, None, 0.95, -0.003008273514590612, 12400.132343988396],1.5483011966672733
<class 'problems.ANNOP.ANNOP'>,2479036511360,algorithms.GA_with_plotting,[14, 0.21621621621621623, 0.18672199170124482, 40, 'tournament_selection', 'uniform_crossover', 0.95, 'ball_mutation', <mtrand.RandomState object at 0x0000024132173480>, None, 0.95, -0.003579752641417411, 10566.092951027877],1.5375040488324216
<class 'problems.ANNOP.ANNOP'>,2479036511360,algorithms.GA_with_plotting,[15, 0.24220374220374222, 0.22406639004149378, 40, 'tournament_selection', 'uniform_crossover', 0.95, 'ball_mutation', <mtrand.RandomState object at 0x0000024132173480>, None, 0.95, 0.0066020979761865495, 9780.069868949466],1.5447199373930074
<class 'problems.ANNOP.ANNOP'>,2479036511360,algorithms.GA_with_plotting,[16, 0.24220374220374222, 0.22406639004149378, 40, 'tournament_selection', 'uniform_crossover', 0.95, 'ball_mutation', <mtrand.RandomState object at 0x0000024132173480>, None, 0.95, -0.007075402961641716, 9780.913025967015],1.5589988035962279
<class 'problems.ANNOP.ANNOP'>,2479036511360,algorithms.GA_with_plotting,[17, 0.24220374220374222, 0.22406639004149378, 40, 'tournament_selection', 'uniform_crossover', 0.95, 'ball_mutation', <mtrand.RandomState object at 0x0000024132173480>, None, 0.95, -0.004198017889582427, 11157.778089515677],1.5853391911492516
<class 'problems.ANNOP.ANNOP'>,2479036511360,algorithms.GA_with_plotting,[18, 0.24220374220374222, 0.22406639004149378, 40, 'tournament_selection', 'uniform_crossover', 0.95, 'ball_mutation', <mtrand.RandomState object at 0x0000024132173480>, None, 0.95, 0.010547983761947082, 11337.56386613736],1.6123430142093067
<class 'problems.ANNOP.ANNOP'>,2479036511360,algorithms.GA_with_plotting,[19, 0.2494802494802495, 0.2572614107883817, 40, 'tournament_selection', 'uniform_crossover', 0.95, 'ball_mutation', <mtrand.RandomState object at 0x0000024132173480>, None, 0.95, -0.0024816479054138516, 11631.388466501434],1.6304076384738104
<class 'problems.ANNOP.ANNOP'>,2479036511360,algorithms.GA_with_plotting,[20, 0.2494802494802495, 0.2572614107883817, 40, 'tournament_selection', 'uniform_crossover', 0.95, 'ball_mutation', <mtrand.RandomState object at 0x0000024132173480>, None, 0.95, -0.008331414569963669, 11265.798385581047],1.6635273644186324
<class 'problems.ANNOP.ANNOP'>,2479036511360,algorithms.GA_with_plotting,[21, 0.30353430353430355, 0.31950207468879666, 40, 'tournament_selection', 'uniform_crossover', 0.95, 'ball_mutation', <mtrand.RandomState object at 0x0000024132173480>, None, 0.95, 0.02553771088082358, 9429.534394449078],1.6670555159112852
<class 'problems.ANNOP.ANNOP'>,2479036511360,algorithms.GA_with_plotting,[22, 0.30353430353430355, 0.31950207468879666, 40, 'tournament_selection', 'uniform_crossover', 0.95, 'ball_mutation', <mtrand.RandomState object at 0x0000024132173480>, None, 0.95, -0.018351169602979066, 10249.509856993256],1.6961525352713762
<class 'problems.ANNOP.ANNOP'>,2479036511360,algorithms.GA_with_plotting,[23, 0.31392931392931395, 0.3112033195020747, 40, 'tournament_selection', 'uniform_crossover', 0.95, 'ball_mutation', <mtrand.RandomState object at 0x0000024132173480>, None, 0.95, 0.011975148724127287, 10621.39235018472],1.7308713993074367
<class 'problems.ANNOP.ANNOP'>,2479036511360,algorithms.GA_with_plotting,[24, 0.31392931392931395, 0.3112033195020747, 40, 'tournament_selection', 'uniform_crossover', 0.95, 'ball_mutation', <mtrand.RandomState object at 0x0000024132173480>, None, 0.95, -0.010339782094385196, 10428.791173933323],1.7540176740905395
<class 'problems.ANNOP.ANNOP'>,2479036511360,algorithms.GA_with_plotting,[25, 0.31392931392931395, 0.3112033195020747, 40, 'tournament_selection', 'uniform_crossover', 0.95, 'ball_mutation', <mtrand.RandomState object at 0x0000024132173480>, None, 0.95, 0.006182335700853043, 9672.281307824082],1.7881554055307554
<class 'problems.ANNOP.ANNOP'>,2479036511360,algorithms.GA_with_plotting,[26, 0.32224532224532226, 0.3278008298755187, 40, 'tournament_selection', 'uniform_crossover', 0.95, 'ball_mutation', <mtrand.RandomState object at 0x0000024132173480>, None, 0.95, -0.003948997428135696, 10214.752692504462],1.800848990802526
<class 'problems.ANNOP.ANNOP'>,2479036511360,algorithms.GA_with_plotting,[27, 0.32224532224532226, 0.3278008298755187, 40, 'tournament_selection', 'uniform_crossover', 0.95, 'ball_mutation', <mtrand.RandomState object at 0x0000024132173480>, None, 0.95, 0.0019522591551917878, 9742.975368843167],1.8087513302212166
<class 'problems.ANNOP.ANNOP'>,2479036511360,algorithms.GA_with_plotting,[28, 0.3367983367983368, 0.3983402489626556, 40, 'tournament_selection', 'uniform_crossover', 0.95, 'ball_mutation', <mtrand.RandomState object at 0x0000024132173480>, None, 0.95, -0.0008199728419999927, 10284.887037725039],1.8302453535713175
<class 'problems.ANNOP.ANNOP'>,2479036511360,algorithms.GA_with_plotting,[29, 0.3367983367983368, 0.3983402489626556, 40, 'tournament_selection', 'uniform_crossover', 0.95, 'ball_mutation', <mtrand.RandomState object at 0x0000024132173480>, None, 0.95, -0.0007262704595150174, 9744.3659789761],1.859162857010344
<class 'problems.ANNOP.ANNOP'>,2479036511360,algorithms.GA_with_plotting,[30, 0.3367983367983368, 0.3983402489626556, 40, 'tournament_selection', 'uniform_crossover', 0.95, 'ball_mutation', <mtrand.RandomState object at 0x0000024132173480>, None, 0.95, 0.03616340993864913, 9590.255635366997],1.8775130888063056
<class 'problems.ANNOP.ANNOP'>,2479036511360,algorithms.GA_with_plotting,[31, 0.3367983367983368, 0.3983402489626556, 40, 'tournament_selection', 'uniform_crossover', 0.95, 'ball_mutation', <mtrand.RandomState object at 0x0000024132173480>, None, 0.95, -0.010110914779376486, 9062.089211061091],1.8964125946369508
<class 'problems.ANNOP.ANNOP'>,2479036511360,algorithms.GA_with_plotting,[32, 0.3367983367983368, 0.3983402489626556, 40, 'tournament_selection', 'uniform_crossover', 0.95, 'ball_mutation', <mtrand.RandomState object at 0x0000024132173480>, None, 0.95, -0.0019312721771467395, 8837.30078911583],1.9169751803927848
<class 'problems.ANNOP.ANNOP'>,2479036511360,algorithms.GA_with_plotting,[33, 0.3367983367983368, 0.3983402489626556, 40, 'tournament_selection', 'uniform_crossover', 0.95, 'ball_mutation', <mtrand.RandomState object at 0x0000024132173480>, None, 0.95, 0.005702461014329245, 9162.214767819245],1.9303446159978832
<class 'problems.ANNOP.ANNOP'>,2479036511360,algorithms.GA_with_plotting,[34, 0.3367983367983368, 0.34854771784232363, 40, 'tournament_selection', 'uniform_crossover', 0.95, 'ball_mutation', <mtrand.RandomState object at 0x0000024132173480>, None, 0.95, -0.020953129337538443, 8966.892777536608],1.9464322955132047
<class 'problems.ANNOP.ANNOP'>,2479036511360,algorithms.GA_with_plotting,[35, 0.3482328482328482, 0.3112033195020747, 40, 'tournament_selection', 'uniform_crossover', 0.95, 'ball_mutation', <mtrand.RandomState object at 0x0000024132173480>, None, 0.95, -0.008848608295594078, 8502.91083709881],1.9638675215801515
<class 'problems.ANNOP.ANNOP'>,2479036511360,algorithms.GA_with_plotting,[36, 0.3482328482328482, 0.3360995850622407, 40, 'tournament_selection', 'uniform_crossover', 0.95, 'ball_mutation', <mtrand.RandomState object at 0x0000024132173480>, None, 0.95, -0.005265756806646316, 8373.71999392472],2.0029728647518192
<class 'problems.ANNOP.ANNOP'>,2479036511360,algorithms.GA_with_plotting,[37, 0.3627858627858628, 0.34854771784232363, 40, 'tournament_selection', 'uniform_crossover', 0.95, 'ball_mutation', <mtrand.RandomState object at 0x0000024132173480>, None, 0.95, 0.020830587173297943, 8942.957754721703],2.0293704178285332
<class 'problems.ANNOP.ANNOP'>,2479036511360,algorithms.GA_with_plotting,[38, 0.3627858627858628, 0.34854771784232363, 40, 'tournament_selection', 'uniform_crossover', 0.95, 'ball_mutation', <mtrand.RandomState object at 0x0000024132173480>, None, 0.95, -0.00473793274589631, 8819.855291018637],2.0465026772381543
<class 'problems.ANNOP.ANNOP'>,2479036511360,algorithms.GA_with_plotting,[39, 0.38253638253638256, 0.4107883817427386, 40, 'tournament_selection', 'uniform_crossover', 0.95, 'ball_mutation', <mtrand.RandomState object at 0x0000024132173480>, None, 0.95, 0.0026975090028800094, 8636.208720281977],2.0708641178699585
<class 'problems.ANNOP.ANNOP'>,2479036511360,algorithms.GA_with_plotting,[40, 0.38253638253638256, 0.4107883817427386, 40, 'tournament_selection', 'uniform_crossover', 0.95, 'ball_mutation', <mtrand.RandomState object at 0x0000024132173480>, None, 0.95, -0.0056200658061454425, 8467.147545221536],2.0876756721277765
<class 'problems.ANNOP.ANNOP'>,2479036511360,algorithms.GA_with_plotting,[41, 0.3866943866943867, 0.3941908713692946, 40, 'tournament_selection', 'uniform_crossover', 0.95, 'ball_mutation', <mtrand.RandomState object at 0x0000024132173480>, None, 0.95, 0.00650783280897467, 8439.840585589995],2.106478496207323
<class 'problems.ANNOP.ANNOP'>,2479036511360,algorithms.GA_with_plotting,[42, 0.39604989604989604, 0.4190871369294606, 40, 'tournament_selection', 'uniform_crossover', 0.95, 'ball_mutation', <mtrand.RandomState object at 0x0000024132173480>, None, 0.95, -0.011123740431729513, 7905.200752388022],2.1141640812822677
<class 'problems.ANNOP.ANNOP'>,2479036511360,algorithms.GA_with_plotting,[43, 0.3991683991683992, 0.38589211618257263, 40, 'tournament_selection', 'uniform_crossover', 0.95, 'ball_mutation', <mtrand.RandomState object at 0x0000024132173480>, None, 0.95, -0.0015325415377758708, 7970.799621513823],2.133127212674445
<class 'problems.ANNOP.ANNOP'>,2479036511360,algorithms.GA_with_plotting,[44, 0.40540540540540543, 0.3941908713692946, 40, 'tournament_selection', 'uniform_crossover', 0.95, 'ball_mutation', <mtrand.RandomState object at 0x0000024132173480>, None, 0.95, 0.002113484169884765, 7707.2375872051325],2.1641623067863436
<class 'problems.ANNOP.ANNOP'>,2479036511360,algorithms.GA_with_plotting,[45, 0.40540540540540543, 0.3941908713692946, 40, 'tournament_selection', 'uniform_crossover', 0.95, 'ball_mutation', <mtrand.RandomState object at 0x0000024132173480>, None, 0.95, 0.029862528463515052, 7073.18694699733],2.1930539273699923
<class 'problems.ANNOP.ANNOP'>,2479036511360,algorithms.GA_with_plotting,[46, 0.40540540540540543, 0.3941908713692946, 40, 'tournament_selection', 'uniform_crossover', 0.95, 'ball_mutation', <mtrand.RandomState object at 0x0000024132173480>, None, 0.95, -0.01723962298042213, 7785.351505918676],2.2205426535195834
<class 'problems.ANNOP.ANNOP'>,2479036511360,algorithms.GA_with_plotting,[47, 0.42203742203742206, 0.42738589211618255, 40, 'tournament_selection', 'uniform_crossover', 0.95, 'ball_mutation', <mtrand.RandomState object at 0x0000024132173480>, None, 0.95, -0.001884062862602058, 8335.539730649889],2.241393947953353
<class 'problems.ANNOP.ANNOP'>,2479036511360,algorithms.GA_with_plotting,[48, 0.42203742203742206, 0.42738589211618255, 40, 'tournament_selection', 'uniform_crossover', 0.95, 'ball_mutation', <mtrand.RandomState object at 0x0000024132173480>, None, 0.95, 0.0007187177622534277, 8427.328046163728],2.263249553164837
<class 'problems.ANNOP.ANNOP'>,2479036511360,algorithms.GA_with_plotting,[49, 0.42203742203742206, 0.42738589211618255, 40, 'tournament_selection', 'uniform_crossover', 0.95, 'ball_mutation', <mtrand.RandomState object at 0x0000024132173480>, None, 0.95, 0.03738519142113991, 8248.040068358685],2.2968294899872936
<class 'problems.ANNOP.ANNOP'>,2479036511360,algorithms.GA_with_plotting,[50, 0.4313929313929314, 0.44398340248962653, 40, 'tournament_selection', 'uniform_crossover', 0.95, 'ball_mutation', <mtrand.RandomState object at 0x0000024132173480>, None, 0.95, -0.015871029347004947, 7960.094263607553],2.3045127179358866
<class 'problems.ANNOP.ANNOP'>,2479036511360,algorithms.GA_with_plotting,[51, 0.4313929313929314, 0.44398340248962653, 40, 'tournament_selection', 'uniform_crossover', 0.95, 'ball_mutation', <mtrand.RandomState object at 0x0000024132173480>, None, 0.95, 0.0018930183978500409, 8482.93054477371],2.3351615863047304
<class 'problems.ANNOP.ANNOP'>,2479036511360,algorithms.GA_with_plotting,[52, 0.4313929313929314, 0.44398340248962653, 40, 'tournament_selection', 'uniform_crossover', 0.95, 'ball_mutation', <mtrand.RandomState object at 0x0000024132173480>, None, 0.95, -0.034601531299732306, 8209.229382410014],2.349474600173756
<class 'problems.ANNOP.ANNOP'>,2479036511360,algorithms.GA_with_plotting,[53, 0.4313929313929314, 0.44398340248962653, 40, 'tournament_selection', 'uniform_crossover', 0.95, 'ball_mutation', <mtrand.RandomState object at 0x0000024132173480>, None, 0.95, 0.008753313616522831, 8898.153913118464],2.359774505721742
<class 'problems.ANNOP.ANNOP'>,2479036511360,algorithms.GA_with_plotting,[54, 0.4313929313929314, 0.44398340248962653, 40, 'tournament_selection', 'uniform_crossover', 0.95, 'ball_mutation', <mtrand.RandomState object at 0x0000024132173480>, None, 0.95, -0.005029438048864125, 8551.020369337693],2.371821151838771
<class 'problems.ANNOP.ANNOP'>,2479036511360,algorithms.GA_with_plotting,[55, 0.4313929313929314, 0.44398340248962653, 40, 'tournament_selection', 'uniform_crossover', 0.95, 'ball_mutation', <mtrand.RandomState object at 0x0000024132173480>, None, 0.95, -0.0004955777918457735, 8562.704636584624],2.39005227039556
<class 'problems.ANNOP.ANNOP'>,2479036511360,algorithms.GA_with_plotting,[56, 0.43555093555093555, 0.44398340248962653, 40, 'tournament_selection', 'uniform_crossover', 0.95, 'ball_mutation', <mtrand.RandomState object at 0x0000024132173480>, None, 0.95, 0.0033485840525248126, 8510.238958623788],2.4031861877804515
<class 'problems.ANNOP.ANNOP'>,2479036511360,algorithms.GA_with_plotting,[57, 0.44282744282744285, 0.46473029045643155, 40, 'tournament_selection', 'uniform_crossover', 0.95, 'ball_mutation', <mtrand.RandomState object at 0x0000024132173480>, None, 0.95, -0.011933932389243472, 7644.657962164921],2.4193725042666543
<class 'problems.ANNOP.ANNOP'>,2479036511360,algorithms.GA_with_plotting,[58, 0.44282744282744285, 0.46473029045643155, 40, 'tournament_selection', 'uniform_crossover', 0.95, 'ball_mutation', <mtrand.RandomState object at 0x0000024132173480>, None, 0.95, 0.03709647154569402, 7188.39776592108],2.430163130218359
<class 'problems.ANNOP.ANNOP'>,2479036511360,algorithms.GA_with_plotting,[59, 0.44282744282744285, 0.46473029045643155, 40, 'tournament_selection', 'uniform_crossover', 0.95, 'ball_mutation', <mtrand.RandomState object at 0x0000024132173480>, None, 0.95, -0.033345574710530755, 7831.790854158275],2.441652376186763
<class 'problems.ANNOP.ANNOP'>,2479036511360,algorithms.GA_with_plotting,[60, 0.44282744282744285, 0.46473029045643155, 40, 'tournament_selection', 'uniform_crossover', 0.95, 'ball_mutation', <mtrand.RandomState object at 0x0000024132173480>, None, 0.95, 0.031075676202900034, 7800.425245065717],2.454640109517575
<class 'problems.ANNOP.ANNOP'>,2479036511360,algorithms.GA_with_plotting,[61, 0.44386694386694386, 0.42738589211618255, 40, 'tournament_selection', 'uniform_crossover', 0.95, 'ball_mutation', <mtrand.RandomState object at 0x0000024132173480>, None, 0.95, -0.025749209998722537, 7736.4843629364],2.46363892766607
<class 'problems.ANNOP.ANNOP'>,2479036511360,algorithms.GA_with_plotting,[62, 0.44386694386694386, 0.42738589211618255, 40, 'tournament_selection', 'uniform_crossover', 0.95, 'ball_mutation', <mtrand.RandomState object at 0x0000024132173480>, None, 0.95, -0.0065371801546575264, 7596.887521075789],2.479114478784248
<class 'problems.ANNOP.ANNOP'>,2479036511360,algorithms.GA_with_plotting,[63, 0.44386694386694386, 0.42738589211618255, 40, 'tournament_selection', 'uniform_crossover', 0.95, 'ball_mutation', <mtrand.RandomState object at 0x0000024132173480>, None, 0.95, -0.0008796077433301658, 6918.158334415556],2.491271870879755
<class 'problems.ANNOP.ANNOP'>,2479036511360,algorithms.GA_with_plotting,[64, 0.4521829521829522, 0.48132780082987553, 40, 'tournament_selection', 'uniform_crossover', 0.95, 'ball_mutation', <mtrand.RandomState object at 0x0000024132173480>, None, 0.95, 0.03856672983188381, 7585.412354855394],2.5123850268506986
<class 'problems.ANNOP.ANNOP'>,2479036511360,algorithms.GA_with_plotting,[65, 0.4521829521829522, 0.48132780082987553, 40, 'tournament_selection', 'uniform_crossover', 0.95, 'ball_mutation', <mtrand.RandomState object at 0x0000024132173480>, None, 0.95, -0.020049792455842846, 7974.375561219746],2.5170343556436423
<class 'problems.ANNOP.ANNOP'>,2479036511360,algorithms.GA_with_plotting,[66, 0.4521829521829522, 0.48132780082987553, 40, 'tournament_selection', 'uniform_crossover', 0.95, 'ball_mutation', <mtrand.RandomState object at 0x0000024132173480>, None, 0.95, 0.0029606110596467825, 8306.895935533901],2.5329451024371417
<class 'problems.ANNOP.ANNOP'>,2479036511360,algorithms.GA_with_plotting,[67, 0.4521829521829522, 0.48132780082987553, 40, 'tournament_selection', 'uniform_crossover', 0.95, 'ball_mutation', <mtrand.RandomState object at 0x0000024132173480>, None, 0.95, 0.03696499548023122, 8444.913671326301],2.5560975228385696
<class 'problems.ANNOP.ANNOP'>,2479036511360,algorithms.GA_with_plotting,[68, 0.4521829521829522, 0.48132780082987553, 40, 'tournament_selection', 'uniform_crossover', 0.95, 'ball_mutation', <mtrand.RandomState object at 0x0000024132173480>, None, 0.95, -0.013710195744112821, 7962.087713969363],2.578592169514638
<class 'problems.ANNOP.ANNOP'>,2479036511360,algorithms.GA_with_plotting,[69, 0.4573804573804574, 0.49377593360995853, 40, 'tournament_selection', 'uniform_crossover', 0.95, 'ball_mutation', <mtrand.RandomState object at 0x0000024132173480>, None, 0.95, 0.012979717814584915, 8558.154762869577],2.5737211449124477
<class 'problems.ANNOP.ANNOP'>,2479036511360,algorithms.GA_with_plotting,[70, 0.4573804573804574, 0.49377593360995853, 40, 'tournament_selection', 'uniform_crossover', 0.95, 'ball_mutation', <mtrand.RandomState object at 0x0000024132173480>, None, 0.95, -0.04900087012115499, 7952.688358425158],2.5559607072771073
<class 'problems.ANNOP.ANNOP'>,2479036511360,algorithms.GA_with_plotting,[71, 0.46153846153846156, 0.5062240663900415, 40, 'tournament_selection', 'uniform_crossover', 0.95, 'ball_mutation', <mtrand.RandomState object at 0x0000024132173480>, None, 0.95, -0.012063593072736984, 7340.940587648847],2.5563935418484274
<class 'problems.ANNOP.ANNOP'>,2479036511360,algorithms.GA_with_plotting,[72, 0.46153846153846156, 0.5062240663900415, 40, 'tournament_selection', 'uniform_crossover', 0.95, 'ball_mutation', <mtrand.RandomState object at 0x0000024132173480>, None, 0.95, 0.009512058128732789, 6012.236699707606],2.5766187463721963
<class 'problems.ANNOP.ANNOP'>,2479036511360,algorithms.GA_with_plotting,[73, 0.4656964656964657, 0.4896265560165975, 40, 'tournament_selection', 'uniform_crossover', 0.95, 'ball_mutation', <mtrand.RandomState object at 0x0000024132173480>, None, 0.95, -0.000752940041546829, 6216.778703893325],2.5906589377453524
<class 'problems.ANNOP.ANNOP'>,2479036511360,algorithms.GA_with_plotting,[74, 0.4656964656964657, 0.4896265560165975, 40, 'tournament_selection', 'uniform_crossover', 0.95, 'ball_mutation', <mtrand.RandomState object at 0x0000024132173480>, None, 0.95, -0.004806347034763202, 6940.576226913326],2.606339635871106
<class 'problems.ANNOP.ANNOP'>,2479036511360,algorithms.GA_with_plotting,[75, 0.4656964656964657, 0.4896265560165975, 40, 'tournament_selection', 'uniform_crossover', 0.95, 'ball_mutation', <mtrand.RandomState object at 0x0000024132173480>, None, 0.95, 0.011591293101613588, 7252.869142507232],2.6229016795833364
<class 'problems.ANNOP.ANNOP'>,2479036511360,algorithms.GA_with_plotting,[76, 0.4656964656964657, 0.4896265560165975, 40, 'tournament_selection', 'uniform_crossover', 0.95, 'ball_mutation', <mtrand.RandomState object at 0x0000024132173480>, None, 0.95, 0.0013594331617503563, 7318.377809369184],2.6347209699876757
<class 'problems.ANNOP.ANNOP'>,2479036511360,algorithms.GA_with_plotting,[77, 0.4656964656964657, 0.4896265560165975, 40, 'tournament_selection', 'uniform_crossover', 0.95, 'ball_mutation', <mtrand.RandomState object at 0x0000024132173480>, None, 0.95, -0.006550256016501908, 7301.996743902235],2.629112422809609
<class 'problems.ANNOP.ANNOP'>,2479036511360,algorithms.GA_with_plotting,[78, 0.4656964656964657, 0.4896265560165975, 40, 'tournament_selection', 'uniform_crossover', 0.95, 'ball_mutation', <mtrand.RandomState object at 0x0000024132173480>, None, 0.95, -0.008643662349692438, 6539.42439442752],2.6173069974781273
<class 'problems.ANNOP.ANNOP'>,2479036511360,algorithms.GA_with_plotting,[79, 0.4656964656964657, 0.4896265560165975, 40, 'tournament_selection', 'uniform_crossover', 0.95, 'ball_mutation', <mtrand.RandomState object at 0x0000024132173480>, None, 0.95, 0.016624687173655374, 6385.015665300361],2.619939903807249
<class 'problems.ANNOP.ANNOP'>,2479036511360,algorithms.GA_with_plotting,[80, 0.4656964656964657, 0.5103734439834025, 40, 'tournament_selection', 'uniform_crossover', 0.95, 'ball_mutation', <mtrand.RandomState object at 0x0000024132173480>, None, 0.95, -0.014090194536015531, 6795.268819953752],2.6329361671844738
<class 'problems.ANNOP.ANNOP'>,2479036511360,algorithms.GA_with_plotting,[81, 0.4656964656964657, 0.5103734439834025, 40, 'tournament_selection', 'uniform_crossover', 0.95, 'ball_mutation', <mtrand.RandomState object at 0x0000024132173480>, None, 0.95, -0.007949422312824365, 6820.763619619156],2.646607199225038
<class 'problems.ANNOP.ANNOP'>,2479036511360,algorithms.GA_with_plotting,[82, 0.4656964656964657, 0.5103734439834025, 40, 'tournament_selection', 'uniform_crossover', 0.95, 'ball_mutation', <mtrand.RandomState object at 0x0000024132173480>, None, 0.95, 0.00013877645199045913, 6158.07677636693],2.655587853905754
<class 'problems.ANNOP.ANNOP'>,2479036511360,algorithms.GA_with_plotting,[83, 0.4656964656964657, 0.5103734439834025, 40, 'tournament_selection', 'uniform_crossover', 0.95, 'ball_mutation', <mtrand.RandomState object at 0x0000024132173480>, None, 0.95, 0.006670174613207808, 6575.637560846876],2.6738097780430383
<class 'problems.ANNOP.ANNOP'>,2479036511360,algorithms.GA_with_plotting,[84, 0.4656964656964657, 0.5103734439834025, 40, 'tournament_selection', 'uniform_crossover', 0.95, 'ball_mutation', <mtrand.RandomState object at 0x0000024132173480>, None, 0.95, 0.0041042998179013634, 7039.9526693790285],2.687300544679621
<class 'problems.ANNOP.ANNOP'>,2479036511360,algorithms.GA_with_plotting,[85, 0.4656964656964657, 0.5103734439834025, 40, 'tournament_selection', 'uniform_crossover', 0.95, 'ball_mutation', <mtrand.RandomState object at 0x0000024132173480>, None, 0.95, -0.000585779159269148, 7376.49870991634],2.7139748216220676
<class 'problems.ANNOP.ANNOP'>,2479036511360,algorithms.GA_with_plotting,[86, 0.4656964656964657, 0.5103734439834025, 40, 'tournament_selection', 'uniform_crossover', 0.95, 'ball_mutation', <mtrand.RandomState object at 0x0000024132173480>, None, 0.95, 0.0012199876515301133, 7496.328718674633],2.7404581719193315
<class 'problems.ANNOP.ANNOP'>,2479036511360,algorithms.GA_with_plotting,[87, 0.4656964656964657, 0.48132780082987553, 40, 'tournament_selection', 'uniform_crossover', 0.95, 'ball_mutation', <mtrand.RandomState object at 0x0000024132173480>, None, 0.95, -0.005655120821184072, 8075.450648037096],2.752991626687227
<class 'problems.ANNOP.ANNOP'>,2479036511360,algorithms.GA_with_plotting,[88, 0.47297297297297297, 0.5020746887966805, 40, 'tournament_selection', 'uniform_crossover', 0.95, 'ball_mutation', <mtrand.RandomState object at 0x0000024132173480>, None, 0.95, 0.003047026598177481, 7606.842523956007],2.7685046424101647
<class 'problems.ANNOP.ANNOP'>,2479036511360,algorithms.GA_with_plotting,[89, 0.4760914760914761, 0.4979253112033195, 40, 'tournament_selection', 'uniform_crossover', 0.95, 'ball_mutation', <mtrand.RandomState object at 0x0000024132173480>, None, 0.95, 9.922964570645981e-05, 7404.047608862329],2.7797118574964834
<class 'problems.ANNOP.ANNOP'>,2479036511360,algorithms.GA_with_plotting,[90, 0.4760914760914761, 0.4979253112033195, 40, 'tournament_selection', 'uniform_crossover', 0.95, 'ball_mutation', <mtrand.RandomState object at 0x0000024132173480>, None, 0.95, 0.008080285990555623, 7415.4234259274035],2.7944020623370123
<class 'problems.ANNOP.ANNOP'>,2479036511360,algorithms.GA_with_plotting,[91, 0.4760914760914761, 0.4979253112033195, 40, 'tournament_selection', 'uniform_crossover', 0.95, 'ball_mutation', <mtrand.RandomState object at 0x0000024132173480>, None, 0.95, -0.001606758696752017, 7971.168390733669],2.814681943661122
<class 'problems.ANNOP.ANNOP'>,2479036511360,algorithms.GA_with_plotting,[92, 0.4760914760914761, 0.4979253112033195, 40, 'tournament_selection', 'uniform_crossover', 0.95, 'ball_mutation', <mtrand.RandomState object at 0x0000024132173480>, None, 0.95, 0.0012698352259293624, 7945.820825358489],2.824210419782508
<class 'problems.ANNOP.ANNOP'>,2479036511360,algorithms.GA_with_plotting,[93, 0.4760914760914761, 0.4979253112033195, 40, 'tournament_selection', 'uniform_crossover', 0.95, 'ball_mutation', <mtrand.RandomState object at 0x0000024132173480>, None, 0.95, -0.019794296404284973, 6861.314783459542],2.84262358112569
<class 'problems.ANNOP.ANNOP'>,2479036511360,algorithms.GA_with_plotting,[94, 0.4760914760914761, 0.4979253112033195, 40, 'tournament_selection', 'uniform_crossover', 0.95, 'ball_mutation', <mtrand.RandomState object at 0x0000024132173480>, None, 0.95, 0.0029839093605706704, 5405.208597417313],2.8608990251790924
<class 'problems.ANNOP.ANNOP'>,2479036511360,algorithms.GA_with_plotting,[95, 0.4760914760914761, 0.4979253112033195, 40, 'tournament_selection', 'uniform_crossover', 0.95, 'ball_mutation', <mtrand.RandomState object at 0x0000024132173480>, None, 0.95, 0.0018449598224545422, 5973.916079565933],2.874456945271879
<class 'problems.ANNOP.ANNOP'>,2479036511360,algorithms.GA_with_plotting,[96, 0.4802494802494803, 0.4730290456431535, 40, 'tournament_selection', 'uniform_crossover', 0.95, 'ball_mutation', <mtrand.RandomState object at 0x0000024132173480>, None, 0.95, -0.0013249421921153297, 6406.233027615422],2.8809785950475604
<class 'problems.ANNOP.ANNOP'>,2479036511360,algorithms.GA_with_plotting,[97, 0.4802494802494803, 0.4730290456431535, 40, 'tournament_selection', 'uniform_crossover', 0.95, 'ball_mutation', <mtrand.RandomState object at 0x0000024132173480>, None, 0.95, 0.04670187528712969, 6113.468619731157],2.885199432444595
<class 'problems.ANNOP.ANNOP'>,2479036511360,algorithms.GA_with_plotting,[98, 0.4802494802494803, 0.4730290456431535, 40, 'tournament_selection', 'uniform_crossover', 0.95, 'ball_mutation', <mtrand.RandomState object at 0x0000024132173480>, None, 0.95, -0.03881922592126269, 6132.547840728435],2.8906950905422706
<class 'problems.ANNOP.ANNOP'>,2479036511360,algorithms.GA_with_plotting,[99, 0.4802494802494803, 0.4730290456431535, 40, 'tournament_selection', 'uniform_crossover', 0.95, 'ball_mutation', <mtrand.RandomState object at 0x0000024132173480>, None, 0.95, 0.005024577638546898, 6153.071286948043],2.895734211284564
<class 'problems.ANNOP.ANNOP'>,2479036511360,algorithms.GA_with_plotting,[100, 0.4802494802494803, 0.4730290456431535, 40, 'tournament_selection', 'uniform_crossover', 0.95, 'ball_mutation', <mtrand.RandomState object at 0x0000024132173480>, None, 0.95, -0.00956416423397416, 6349.788224371697],2.911304302350271
<class 'problems.ANNOP.ANNOP'>,2479036511360,algorithms.GA_with_plotting,[101, 0.4802494802494803, 0.4730290456431535, 40, 'tournament_selection', 'uniform_crossover', 0.95, 'ball_mutation', <mtrand.RandomState object at 0x0000024132173480>, None, 0.95, 0.003656378951526998, 6826.803099397857],2.918915071995697
<class 'problems.ANNOP.ANNOP'>,2479036511360,algorithms.GA_with_plotting,[102, 0.4802494802494803, 0.4730290456431535, 40, 'tournament_selection', 'uniform_crossover', 0.95, 'ball_mutation', <mtrand.RandomState object at 0x0000024132173480>, None, 0.95, -0.0004439608418087826, 7088.8493603806655],2.92926190411614
<class 'problems.ANNOP.ANNOP'>,2479036511360,algorithms.GA_with_plotting,[103, 0.4802494802494803, 0.4730290456431535, 40, 'tournament_selection', 'uniform_crossover', 0.95, 'ball_mutation', <mtrand.RandomState object at 0x0000024132173480>, None, 0.95, 0.0029715369472964187, 6682.300297753553],2.9460275698113367
<class 'problems.ANNOP.ANNOP'>,2479036511360,algorithms.GA_with_plotting,[104, 0.4802494802494803, 0.4730290456431535, 40, 'tournament_selection', 'uniform_crossover', 0.95, 'ball_mutation', <mtrand.RandomState object at 0x0000024132173480>, None, 0.95, -0.012418318510575822, 6331.195087691604],2.9516717037009594
<class 'problems.ANNOP.ANNOP'>,2479036511360,algorithms.GA_with_plotting,[105, 0.48440748440748443, 0.49377593360995853, 40, 'tournament_selection', 'uniform_crossover', 0.95, 'ball_mutation', <mtrand.RandomState object at 0x0000024132173480>, None, 0.95, 0.010457355007858882, 6307.262288918537],2.9563479432267576
<class 'problems.ANNOP.ANNOP'>,2479036511360,algorithms.GA_with_plotting,[106, 0.48440748440748443, 0.49377593360995853, 40, 'tournament_selection', 'uniform_crossover', 0.95, 'ball_mutation', <mtrand.RandomState object at 0x0000024132173480>, None, 0.95, 0.0021348816643287777, 6867.907863319599],2.9702392551811636
<class 'problems.ANNOP.ANNOP'>,2479036511360,algorithms.GA_with_plotting,[107, 0.48440748440748443, 0.49377593360995853, 40, 'tournament_selection', 'uniform_crossover', 0.95, 'ball_mutation', <mtrand.RandomState object at 0x0000024132173480>, None, 0.95, -0.0061011479207941435, 7543.992288320856],2.9786238800830147
<class 'problems.ANNOP.ANNOP'>,2479036511360,algorithms.GA_with_plotting,[108, 0.48440748440748443, 0.49377593360995853, 40, 'tournament_selection', 'uniform_crossover', 0.95, 'ball_mutation', <mtrand.RandomState object at 0x0000024132173480>, None, 0.95, 0.06403728907081849, 7503.854146590955],2.982494358775753
<class 'problems.ANNOP.ANNOP'>,2479036511360,algorithms.GA_with_plotting,[109, 0.48440748440748443, 0.49377593360995853, 40, 'tournament_selection', 'uniform_crossover', 0.95, 'ball_mutation', <mtrand.RandomState object at 0x0000024132173480>, None, 0.95, -0.02398353661308074, 6822.395715375971],2.990241310213344
<class 'problems.ANNOP.ANNOP'>,2479036511360,algorithms.GA_with_plotting,[110, 0.48440748440748443, 0.49377593360995853, 40, 'tournament_selection', 'uniform_crossover', 0.95, 'ball_mutation', <mtrand.RandomState object at 0x0000024132173480>, None, 0.95, -0.0381140513444749, 6379.889550135857],2.994429036317009
<class 'problems.ANNOP.ANNOP'>,2479036511360,algorithms.GA_with_plotting,[111, 0.48440748440748443, 0.49377593360995853, 40, 'tournament_selection', 'uniform_crossover', 0.95, 'ball_mutation', <mtrand.RandomState object at 0x0000024132173480>, None, 0.95, -0.0026142134621724225, 7104.718193075329],3.0052891763396956
<class 'problems.ANNOP.ANNOP'>,2479036511360,algorithms.GA_with_plotting,[112, 0.48440748440748443, 0.49377593360995853, 40, 'tournament_selection', 'uniform_crossover', 0.95, 'ball_mutation', <mtrand.RandomState object at 0x0000024132173480>, None, 0.95, 0.04460934648773892, 7411.962479715752],3.017409061911842
<class 'problems.ANNOP.ANNOP'>,2479036511360,algorithms.GA_with_plotting,[113, 0.48440748440748443, 0.49377593360995853, 40, 'tournament_selection', 'uniform_crossover', 0.95, 'ball_mutation', <mtrand.RandomState object at 0x0000024132173480>, None, 0.95, -0.049220229577412164, 7269.382067644102],3.0253456742509446
<class 'problems.ANNOP.ANNOP'>,2479036511360,algorithms.GA_with_plotting,[114, 0.48440748440748443, 0.49377593360995853, 40, 'tournament_selection', 'uniform_crossover', 0.95, 'ball_mutation', <mtrand.RandomState object at 0x0000024132173480>, None, 0.95, 0.0067304908339612494, 6563.552298292485],3.048169021482
<class 'problems.ANNOP.ANNOP'>,2479036511360,algorithms.GA_with_plotting,[115, 0.48440748440748443, 0.49377593360995853, 40, 'tournament_selection', 'uniform_crossover', 0.95, 'ball_mutation', <mtrand.RandomState object at 0x0000024132173480>, None, 0.95, 0.04604538723685262, 6777.789782426005],3.0602114863002168
<class 'problems.ANNOP.ANNOP'>,2479036511360,algorithms.GA_with_plotting,[116, 0.48440748440748443, 0.49377593360995853, 40, 'tournament_selection', 'uniform_crossover', 0.95, 'ball_mutation', <mtrand.RandomState object at 0x0000024132173480>, None, 0.95, -0.044593209013382505, 6905.195348729741],3.0845857441534776
<class 'problems.ANNOP.ANNOP'>,2479036511360,algorithms.GA_with_plotting,[117, 0.48440748440748443, 0.49377593360995853, 40, 'tournament_selection', 'uniform_crossover', 0.95, 'ball_mutation', <mtrand.RandomState object at 0x0000024132173480>, None, 0.95, -0.004460483676026961, 6620.015958056349],3.0923063658060377
<class 'problems.ANNOP.ANNOP'>,2479036511360,algorithms.GA_with_plotting,[118, 0.48440748440748443, 0.49377593360995853, 40, 'tournament_selection', 'uniform_crossover', 0.95, 'ball_mutation', <mtrand.RandomState object at 0x0000024132173480>, None, 0.95, 0.012090765678150508, 6531.2856593205],3.101203738701221
<class 'problems.ANNOP.ANNOP'>,2479036511360,algorithms.GA_with_plotting,[119, 0.48440748440748443, 0.49377593360995853, 40, 'tournament_selection', 'uniform_crossover', 0.95, 'ball_mutation', <mtrand.RandomState object at 0x0000024132173480>, None, 0.95, -0.0028389405286227617, 6735.826661895679],3.105220113018763
<class 'problems.ANNOP.ANNOP'>,2479036511360,algorithms.GA_with_plotting,[120, 0.48440748440748443, 0.49377593360995853, 40, 'tournament_selection', 'uniform_crossover', 0.95, 'ball_mutation', <mtrand.RandomState object at 0x0000024132173480>, None, 0.95, -0.000325578866730597, 6618.742257798281],3.126381448992805
<class 'problems.ANNOP.ANNOP'>,2479036511360,algorithms.GA_with_plotting,[121, 0.48440748440748443, 0.49377593360995853, 40, 'tournament_selection', 'uniform_crossover', 0.95, 'ball_mutation', <mtrand.RandomState object at 0x0000024132173480>, None, 0.95, -0.0034980852485474168, 6290.747050972594],3.143100949565636
<class 'problems.ANNOP.ANNOP'>,2479036511360,algorithms.GA_with_plotting,[122, 0.48440748440748443, 0.49377593360995853, 40, 'tournament_selection', 'uniform_crossover', 0.95, 'ball_mutation', <mtrand.RandomState object at 0x0000024132173480>, None, 0.95, -0.0009205422647681205, 6914.328648312358],3.1554423170547867
<class 'problems.ANNOP.ANNOP'>,2479036511360,algorithms.GA_with_plotting,[123, 0.48440748440748443, 0.49377593360995853, 40, 'tournament_selection', 'uniform_crossover', 0.95, 'ball_mutation', <mtrand.RandomState object at 0x0000024132173480>, None, 0.95, -0.004635546774276026, 6870.559304431696],3.165419097779917
<class 'problems.ANNOP.ANNOP'>,2479036511360,algorithms.GA_with_plotting,[124, 0.48440748440748443, 0.49377593360995853, 40, 'tournament_selection', 'uniform_crossover', 0.95, 'ball_mutation', <mtrand.RandomState object at 0x0000024132173480>, None, 0.95, 0.007132188197342387, 6858.822660770448],3.16454753159779
matplotlib.font_manager,findfont: Matching :family=sans-serif:style=normal:variant=normal:weight=normal:stretch=normal:size=10.0 to DejaVu Sans ('C:\\Users\\dominika.leszko\\PycharmProjects\\KonradBaseline\\venv\\lib\\site-packages\\matplotlib\\mpl-data\\fonts\\ttf\\DejaVuSans.ttf') with score of 0.050000.
matplotlib.axes._base,update_title_pos
matplotlib.font_manager,findfont: Matching :family=sans-serif:style=normal:variant=normal:weight=normal:stretch=normal:size=12.0 to DejaVu Sans ('C:\\Users\\dominika.leszko\\PycharmProjects\\KonradBaseline\\venv\\lib\\site-packages\\matplotlib\\mpl-data\\fonts\\ttf\\DejaVuSans.ttf') with score of 0.050000.
matplotlib.axes._base,update_title_pos
matplotlib.axes._base,update_title_pos
matplotlib.axes._base,update_title_pos
matplotlib.font_manager,findfont: Matching :family=sans-serif:style=normal:variant=normal:weight=normal:stretch=normal:size=8.33 to DejaVu Sans ('C:\\Users\\dominika.leszko\\PycharmProjects\\KonradBaseline\\venv\\lib\\site-packages\\matplotlib\\mpl-data\\fonts\\ttf\\DejaVuSans.ttf') with score of 0.050000.
matplotlib.axes._base,update_title_pos
matplotlib.axes._base,update_title_pos
matplotlib.axes._base,update_title_pos
matplotlib.axes._base,update_title_pos
matplotlib.axes._base,update_title_pos
matplotlib.axes._base,update_title_pos
matplotlib.axes._base,update_title_pos
matplotlib.axes._base,update_title_pos
matplotlib.axes._base,update_title_pos
matplotlib.axes._base,update_title_pos
matplotlib.axes._base,update_title_pos
matplotlib.axes._base,update_title_pos
matplotlib.axes._base,update_title_pos
matplotlib.axes._base,update_title_pos
matplotlib.axes._base,update_title_pos
matplotlib.axes._base,update_title_pos
matplotlib.axes._base,update_title_pos
matplotlib.axes._base,update_title_pos
matplotlib.axes._base,update_title_pos
matplotlib.axes._base,update_title_pos
