<class 'problems.ANNOP.ANNOP'>,1741298347824,algorithms.adaptive_selection_GA,[0, 0.19542619542619544, 0.16597510373443983, 40, 'tournament_selection', 'two_point_crossover', 0.95, 'ball_mutation', <mtrand.RandomState object at 0x000001956D782F30>, None, 0.95, 0.15, 1.01, 0.004150443593676546, 32805.7342111278],1.1585566530806266
<class 'problems.ANNOP.ANNOP'>,1741298347824,algorithms.adaptive_selection_GA,[1, 0.19542619542619544, 0.16597510373443983, 40, 'tournament_selection', 'two_point_crossover', 0.95, 'ball_mutation', <mtrand.RandomState object at 0x000001956D782F30>, None, 0.95, 0.15, 1.01, -0.005394774948870876, 30731.310445603736],1.188870814155369
<class 'problems.ANNOP.ANNOP'>,1741298347824,algorithms.adaptive_selection_GA,[2, 0.19542619542619544, 0.16597510373443983, 40, 'tournament_selection', 'two_point_crossover', 0.95, 'ball_mutation', <mtrand.RandomState object at 0x000001956D782F30>, None, 0.95, 0.15, 1.01, 0.0039185033366379955, 29615.64006005416],1.22701240686133
<class 'problems.ANNOP.ANNOP'>,1741298347824,algorithms.adaptive_selection_GA,[3, 0.19542619542619544, 0.16597510373443983, 40, 'tournament_selection', 'two_point_crossover', 0.95, 'ball_mutation', <mtrand.RandomState object at 0x000001956D782F30>, None, 0.95, 0.15, 1.01, -0.004606663429542527, 26455.7006243601],1.2649555819023177
<class 'problems.ANNOP.ANNOP'>,1741298347824,algorithms.adaptive_selection_GA,[4, 0.19542619542619544, 0.16597510373443983, 40, 'tournament_selection', 'two_point_crossover', 0.95, 'ball_mutation', <mtrand.RandomState object at 0x000001956D782F30>, None, 0.95, 0.15, 1.01, 0.004754700915931588, 24109.930801597005],1.2774871251049016
<class 'problems.ANNOP.ANNOP'>,1741298347824,algorithms.adaptive_selection_GA,[5, 0.19542619542619544, 0.16597510373443983, 40, 'tournament_selection', 'two_point_crossover', 0.95, 'ball_mutation', <mtrand.RandomState object at 0x000001956D782F30>, None, 0.95, 0.15, 1.01, 0.006180543465662814, 23187.393830076187],1.3065253531980328
<class 'problems.ANNOP.ANNOP'>,1741298347824,algorithms.adaptive_selection_GA,[6, 0.19542619542619544, 0.16597510373443983, 40, 'tournament_selection', 'two_point_crossover', 0.95, 'ball_mutation', <mtrand.RandomState object at 0x000001956D782F30>, None, 0.95, 0.15, 1.01, 0.0032170149764075007, 22787.005099628666],1.3332970388189662
<class 'problems.ANNOP.ANNOP'>,1741298347824,algorithms.adaptive_selection_GA,[7, 0.20582120582120583, 0.1950207468879668, 40, 'tournament_selection', 'two_point_crossover', 0.95, 'ball_mutation', <mtrand.RandomState object at 0x000001956D782F30>, None, 0.95, 0.15, 1.01, -0.00692035352262315, 21130.815786745592],1.3869084404613954
<class 'problems.ANNOP.ANNOP'>,1741298347824,algorithms.adaptive_selection_GA,[8, 0.2338877338877339, 0.24896265560165975, 40, 'tournament_selection', 'two_point_crossover', 0.95, 'ball_mutation', <mtrand.RandomState object at 0x000001956D782F30>, None, 0.95, 0.15, 1.01, 0.0005421119860551521, 16598.311949517996],1.417800641730334
<class 'problems.ANNOP.ANNOP'>,1741298347824,algorithms.adaptive_selection_GA,[9, 0.24324324324324326, 0.25311203319502074, 40, 'tournament_selection', 'two_point_crossover', 0.95, 'ball_mutation', <mtrand.RandomState object at 0x000001956D782F30>, None, 0.95, 0.15, 1.01, -0.004424673268325553, 15531.279594740718],1.4605946147650233
<class 'problems.ANNOP.ANNOP'>,1741298347824,algorithms.adaptive_selection_GA,[10, 0.24324324324324326, 0.25311203319502074, 40, 'tournament_selection', 'two_point_crossover', 0.95, 'ball_mutation', <mtrand.RandomState object at 0x000001956D782F30>, None, 0.95, 0.15, 1.01, 0.009623141549604919, 14178.235561122885],1.484646696801674
<class 'problems.ANNOP.ANNOP'>,1741298347824,algorithms.adaptive_selection_GA,[11, 0.24324324324324326, 0.2074688796680498, 40, 'tournament_selection', 'two_point_crossover', 0.95, 'ball_mutation', <mtrand.RandomState object at 0x000001956D782F30>, None, 0.95, 0.15, 1.01, -0.003561315112332923, 13871.50811579513],1.5044161789938186
<class 'problems.ANNOP.ANNOP'>,1741298347824,algorithms.adaptive_selection_GA,[12, 0.24636174636174638, 0.21991701244813278, 40, 'tournament_selection', 'two_point_crossover', 0.95, 'ball_mutation', <mtrand.RandomState object at 0x000001956D782F30>, None, 0.95, 0.15, 1.01, 0.006635897279800594, 13624.512904276815],1.5265465148007837
<class 'problems.ANNOP.ANNOP'>,1741298347824,algorithms.adaptive_selection_GA,[13, 0.24636174636174638, 0.21991701244813278, 40, 'tournament_selection', 'two_point_crossover', 0.95, 'ball_mutation', <mtrand.RandomState object at 0x000001956D782F30>, None, 0.95, 0.15, 1.01, -0.002435706043873026, 13545.097109062],1.5441624464223662
<class 'problems.ANNOP.ANNOP'>,1741298347824,algorithms.adaptive_selection_GA,[14, 0.24636174636174638, 0.21991701244813278, 40, 'tournament_selection', 'two_point_crossover', 0.95, 'ball_mutation', <mtrand.RandomState object at 0x000001956D782F30>, None, 0.95, 0.15, 1.01, -0.0030698415233323534, 13852.31444352462],1.5634122291387151
<class 'problems.ANNOP.ANNOP'>,1741298347824,algorithms.adaptive_selection_GA,[15, 0.2577962577962578, 0.26556016597510373, 40, 'tournament_selection', 'two_point_crossover', 0.95, 'ball_mutation', <mtrand.RandomState object at 0x000001956D782F30>, None, 0.95, 0.15, 1.01, -0.0024878615866789494, 14316.789271184804],1.5803216130059023
<class 'problems.ANNOP.ANNOP'>,1741298347824,algorithms.adaptive_selection_GA,[16, 0.2577962577962578, 0.26556016597510373, 40, 'tournament_selection', 'two_point_crossover', 0.95, 'ball_mutation', <mtrand.RandomState object at 0x000001956D782F30>, None, 0.95, 0.15, 1.01, 0.005643366999462232, 14047.272547615094],1.611263100533938
<class 'problems.ANNOP.ANNOP'>,1741298347824,algorithms.adaptive_selection_GA,[17, 0.2577962577962578, 0.24066390041493776, 40, 'tournament_selection', 'two_point_crossover', 0.95, 'ball_mutation', <mtrand.RandomState object at 0x000001956D782F30>, None, 0.95, 0.15, 1.01, 0.007249486414345273, 14277.385345718714],1.6369205257161648
<class 'problems.ANNOP.ANNOP'>,1741298347824,algorithms.adaptive_selection_GA,[18, 0.2692307692307692, 0.24066390041493776, 40, 'tournament_selection', 'two_point_crossover', 0.95, 'ball_mutation', <mtrand.RandomState object at 0x000001956D782F30>, None, 0.95, 0.15, 1.01, -0.010010016450511632, 13936.925020712924],1.6506013133267599
<class 'problems.ANNOP.ANNOP'>,1741298347824,algorithms.adaptive_selection_GA,[19, 0.28378378378378377, 0.2821576763485477, 40, 'tournament_selection', 'two_point_crossover', 0.95, 'ball_mutation', <mtrand.RandomState object at 0x000001956D782F30>, None, 0.95, 0.15, 1.01, 0.003981094080782767, 12853.329094797411],1.6728061044427873
<class 'problems.ANNOP.ANNOP'>,1741298347824,algorithms.adaptive_selection_GA,[20, 0.28378378378378377, 0.2821576763485477, 40, 'tournament_selection', 'two_point_crossover', 0.95, 'ball_mutation', <mtrand.RandomState object at 0x000001956D782F30>, None, 0.95, 0.1515, 1.01, -0.005576762158764598, 13651.010852791755],1.7028512758425605
<class 'problems.ANNOP.ANNOP'>,1741298347824,algorithms.adaptive_selection_GA,[21, 0.28378378378378377, 0.2821576763485477, 40, 'tournament_selection', 'two_point_crossover', 0.95, 'ball_mutation', <mtrand.RandomState object at 0x000001956D782F30>, None, 0.95, 0.15301499999999998, 1.01, 0.008806225672689696, 13325.036440545824],1.7362871398150077
<class 'problems.ANNOP.ANNOP'>,1741298347824,algorithms.adaptive_selection_GA,[22, 0.29417879417879417, 0.29045643153526973, 40, 'tournament_selection', 'two_point_crossover', 0.95, 'ball_mutation', <mtrand.RandomState object at 0x000001956D782F30>, None, 0.95, 0.15454515, 1.01, -0.0012529199698872173, 11779.178466613712],1.7518886862365546
<class 'problems.ANNOP.ANNOP'>,1741298347824,algorithms.adaptive_selection_GA,[23, 0.3191268191268191, 0.3153526970954357, 40, 'tournament_selection', 'two_point_crossover', 0.95, 'ball_mutation', <mtrand.RandomState object at 0x000001956D782F30>, None, 0.95, 0.15609060149999998, 1.01, -0.0043561487495764745, 10728.660197456067],1.7804098669044388
<class 'problems.ANNOP.ANNOP'>,1741298347824,algorithms.adaptive_selection_GA,[24, 0.3191268191268191, 0.3153526970954357, 40, 'tournament_selection', 'two_point_crossover', 0.95, 'ball_mutation', <mtrand.RandomState object at 0x000001956D782F30>, None, 0.95, 0.15765150751499998, 1.01, 0.004840493026595588, 10503.261159526644],1.805346923776471
<class 'problems.ANNOP.ANNOP'>,1741298347824,algorithms.adaptive_selection_GA,[25, 0.3191268191268191, 0.3153526970954357, 40, 'tournament_selection', 'two_point_crossover', 0.95, 'ball_mutation', <mtrand.RandomState object at 0x000001956D782F30>, None, 0.95, 0.15922802259014998, 1.01, -0.010847995110271447, 11049.860683787909],1.8322630250970118
<class 'problems.ANNOP.ANNOP'>,1741298347824,algorithms.adaptive_selection_GA,[26, 0.3191268191268191, 0.3153526970954357, 40, 'tournament_selection', 'two_point_crossover', 0.95, 'ball_mutation', <mtrand.RandomState object at 0x000001956D782F30>, None, 0.95, 0.16082030281605147, 1.01, 0.009364237783546999, 11280.41996707566],1.8633083934576637
<class 'problems.ANNOP.ANNOP'>,1741298347824,algorithms.adaptive_selection_GA,[27, 0.3191268191268191, 0.3153526970954357, 40, 'tournament_selection', 'two_point_crossover', 0.95, 'ball_mutation', <mtrand.RandomState object at 0x000001956D782F30>, None, 0.95, 0.16242850584421198, 1.01, -0.006009522603454581, 11275.773085273508],1.8904621836548676
<class 'problems.ANNOP.ANNOP'>,1741298347824,algorithms.adaptive_selection_GA,[28, 0.32744282744282743, 0.29045643153526973, 40, 'tournament_selection', 'two_point_crossover', 0.95, 'ball_mutation', <mtrand.RandomState object at 0x000001956D782F30>, None, 0.95, 0.1640527909026541, 1.01, 7.664776690070874e-05, 11463.365353771209],1.9127579979502614
<class 'problems.ANNOP.ANNOP'>,1741298347824,algorithms.adaptive_selection_GA,[29, 0.32744282744282743, 0.29045643153526973, 40, 'tournament_selection', 'two_point_crossover', 0.95, 'ball_mutation', <mtrand.RandomState object at 0x000001956D782F30>, None, 0.95, 0.16569331881168065, 1.01, 0.0015565986591682401, 10207.234810138858],1.9335245403702659
<class 'problems.ANNOP.ANNOP'>,1741298347824,algorithms.adaptive_selection_GA,[30, 0.32744282744282743, 0.3236514522821577, 40, 'tournament_selection', 'two_point_crossover', 0.95, 'ball_mutation', <mtrand.RandomState object at 0x000001956D782F30>, None, 0.95, 0.16735025199979744, 1.01, -5.593430117460663e-06, 9634.92647314437],1.9512727627490607
<class 'problems.ANNOP.ANNOP'>,1741298347824,algorithms.adaptive_selection_GA,[31, 0.32744282744282743, 0.3112033195020747, 40, 'tournament_selection', 'two_point_crossover', 0.95, 'ball_mutation', <mtrand.RandomState object at 0x000001956D782F30>, None, 0.95, 0.16902375451979543, 1.01, 0.001455488076043017, 9982.604978735906],1.970315006594111
<class 'problems.ANNOP.ANNOP'>,1741298347824,algorithms.adaptive_selection_GA,[32, 0.33783783783783783, 0.3112033195020747, 40, 'tournament_selection', 'two_point_crossover', 0.95, 'ball_mutation', <mtrand.RandomState object at 0x000001956D782F30>, None, 0.95, 0.17071399206499338, 1.01, -0.0030092446269766177, 10726.331574722408],1.984349487289203
<class 'problems.ANNOP.ANNOP'>,1741298347824,algorithms.adaptive_selection_GA,[33, 0.33783783783783783, 0.3112033195020747, 40, 'tournament_selection', 'two_point_crossover', 0.95, 'ball_mutation', <mtrand.RandomState object at 0x000001956D782F30>, None, 0.95, 0.17242113198564332, 1.01, -0.004216493746432563, 10392.465122399464],2.0110381706632707
<class 'problems.ANNOP.ANNOP'>,1741298347824,algorithms.adaptive_selection_GA,[34, 0.3659043659043659, 0.36929460580912865, 40, 'tournament_selection', 'two_point_crossover', 0.95, 'ball_mutation', <mtrand.RandomState object at 0x000001956D782F30>, None, 0.95, 0.17414534330549974, 1.01, 0.0040638827596296, 10198.533369330158],2.0379422451418003
<class 'problems.ANNOP.ANNOP'>,1741298347824,algorithms.adaptive_selection_GA,[35, 0.3659043659043659, 0.35269709543568467, 40, 'tournament_selection', 'two_point_crossover', 0.95, 'ball_mutation', <mtrand.RandomState object at 0x000001956D782F30>, None, 0.95, 0.17588679673855476, 1.01, 0.0075905458224202055, 10138.24200228273],2.061568405402073
<class 'problems.ANNOP.ANNOP'>,1741298347824,algorithms.adaptive_selection_GA,[36, 0.3700623700623701, 0.35269709543568467, 40, 'tournament_selection', 'two_point_crossover', 0.95, 'ball_mutation', <mtrand.RandomState object at 0x000001956D782F30>, None, 0.95, 0.17764566470594031, 1.01, -0.0073420338501683224, 10125.532139398021],2.0953341385249367
<class 'problems.ANNOP.ANNOP'>,1741298347824,algorithms.adaptive_selection_GA,[37, 0.3918918918918919, 0.3817427385892116, 40, 'tournament_selection', 'two_point_crossover', 0.95, 'ball_mutation', <mtrand.RandomState object at 0x000001956D782F30>, None, 0.95, 0.17942212135299973, 1.01, -3.7149176696525676e-05, 9038.268798968149],2.117132212540129
<class 'problems.ANNOP.ANNOP'>,1741298347824,algorithms.adaptive_selection_GA,[38, 0.3918918918918919, 0.3817427385892116, 40, 'tournament_selection', 'two_point_crossover', 0.95, 'ball_mutation', <mtrand.RandomState object at 0x000001956D782F30>, None, 0.95, 0.18121634256652974, 1.01, -0.007006460185590813, 8152.071243846311],2.138473350450813
<class 'problems.ANNOP.ANNOP'>,1741298347824,algorithms.adaptive_selection_GA,[39, 0.3918918918918919, 0.3817427385892116, 40, 'tournament_selection', 'two_point_crossover', 0.95, 'ball_mutation', <mtrand.RandomState object at 0x000001956D782F30>, None, 0.95, 0.18302850599219503, 1.01, 0.008002228420145974, 7418.1562546905025],2.1645337987282804
<class 'problems.ANNOP.ANNOP'>,1741298347824,algorithms.adaptive_selection_GA,[40, 0.39501039501039503, 0.37344398340248963, 40, 'tournament_selection', 'two_point_crossover', 0.95, 'ball_mutation', <mtrand.RandomState object at 0x000001956D782F30>, None, 0.95, 0.18485879105211697, 1.01, 0.004632313696014544, 8044.917289213013],2.1711817318626023
<class 'problems.ANNOP.ANNOP'>,1741298347824,algorithms.adaptive_selection_GA,[41, 0.4022869022869023, 0.36929460580912865, 40, 'tournament_selection', 'two_point_crossover', 0.95, 'ball_mutation', <mtrand.RandomState object at 0x000001956D782F30>, None, 0.95, 0.18670737896263814, 1.01, -0.004366692165485207, 8065.641581131754],2.1860249771478744
<class 'problems.ANNOP.ANNOP'>,1741298347824,algorithms.adaptive_selection_GA,[42, 0.4022869022869023, 0.36929460580912865, 40, 'tournament_selection', 'two_point_crossover', 0.95, 'ball_mutation', <mtrand.RandomState object at 0x000001956D782F30>, None, 0.95, 0.18857445275226453, 1.01, -0.005768636611165789, 7582.297445041703],2.2000826541038037
<class 'problems.ANNOP.ANNOP'>,1741298347824,algorithms.adaptive_selection_GA,[43, 0.41683991683991684, 0.38589211618257263, 40, 'tournament_selection', 'two_point_crossover', 0.95, 'ball_mutation', <mtrand.RandomState object at 0x000001956D782F30>, None, 0.95, 0.1904601972797872, 1.01, 0.009174028016131226, 7856.296727559021],2.2145878108757473
<class 'problems.ANNOP.ANNOP'>,1741298347824,algorithms.adaptive_selection_GA,[44, 0.41683991683991684, 0.38589211618257263, 40, 'tournament_selection', 'two_point_crossover', 0.95, 'ball_mutation', <mtrand.RandomState object at 0x000001956D782F30>, None, 0.95, 0.19236479925258507, 1.01, -0.0076312615879094645, 7052.445968059057],2.2243747183657665
<class 'problems.ANNOP.ANNOP'>,1741298347824,algorithms.adaptive_selection_GA,[45, 0.4178794178794179, 0.4024896265560166, 40, 'tournament_selection', 'two_point_crossover', 0.95, 'ball_mutation', <mtrand.RandomState object at 0x000001956D782F30>, None, 0.95, 0.1942884472451109, 1.01, 6.528212531935196e-05, 6727.421827186691],2.2425304710607032
<class 'problems.ANNOP.ANNOP'>,1741298347824,algorithms.adaptive_selection_GA,[46, 0.4178794178794179, 0.38589211618257263, 40, 'tournament_selection', 'two_point_crossover', 0.95, 'ball_mutation', <mtrand.RandomState object at 0x000001956D782F30>, None, 0.95, 0.19623133171756202, 1.01, 0.031799270966028616, 7022.673870472085],2.2579756012888925
<class 'problems.ANNOP.ANNOP'>,1741298347824,algorithms.adaptive_selection_GA,[47, 0.4178794178794179, 0.38589211618257263, 40, 'tournament_selection', 'two_point_crossover', 0.95, 'ball_mutation', <mtrand.RandomState object at 0x000001956D782F30>, None, 0.95, 0.19819364503473763, 1.01, -0.030340215853471734, 7867.577672299904],2.2802438380225003
<class 'problems.ANNOP.ANNOP'>,1741298347824,algorithms.adaptive_selection_GA,[48, 0.41995841995842, 0.3651452282157676, 40, 'tournament_selection', 'two_point_crossover', 0.95, 'ball_mutation', <mtrand.RandomState object at 0x000001956D782F30>, None, 0.95, 0.20017558148508502, 1.01, -0.0034249789112519996, 8526.833473713603],2.2916784356674222
<class 'problems.ANNOP.ANNOP'>,1741298347824,algorithms.adaptive_selection_GA,[49, 0.43451143451143454, 0.4107883817427386, 40, 'tournament_selection', 'two_point_crossover', 0.95, 'ball_mutation', <mtrand.RandomState object at 0x000001956D782F30>, None, 0.95, 0.20217733729993587, 1.01, 0.0022873582897925127, 8285.96220995738],2.3023355786804505
<class 'problems.ANNOP.ANNOP'>,1741298347824,algorithms.adaptive_selection_GA,[50, 0.43451143451143454, 0.4107883817427386, 40, 'tournament_selection', 'two_point_crossover', 0.95, 'ball_mutation', <mtrand.RandomState object at 0x000001956D782F30>, None, 0.95, 0.20419911067293522, 1.01, 0.0538254884634756, 8466.81933651847],2.3261518459797847
<class 'problems.ANNOP.ANNOP'>,1741298347824,algorithms.adaptive_selection_GA,[51, 0.4397089397089397, 0.45643153526970953, 40, 'tournament_selection', 'two_point_crossover', 0.95, 'ball_mutation', <mtrand.RandomState object at 0x000001956D782F30>, None, 0.95, 0.20624110177966457, 1.01, -0.05495950912528668, 7613.624508794381],2.356485380457648
<class 'problems.ANNOP.ANNOP'>,1741298347824,algorithms.adaptive_selection_GA,[52, 0.4397089397089397, 0.45643153526970953, 40, 'tournament_selection', 'two_point_crossover', 0.95, 'ball_mutation', <mtrand.RandomState object at 0x000001956D782F30>, None, 0.95, 0.2083035127974612, 1.01, -0.0007371838658448981, 7616.753054381857],2.3855413595242605
<class 'problems.ANNOP.ANNOP'>,1741298347824,algorithms.adaptive_selection_GA,[53, 0.4397089397089397, 0.45643153526970953, 40, 'tournament_selection', 'two_point_crossover', 0.95, 'ball_mutation', <mtrand.RandomState object at 0x000001956D782F30>, None, 0.95, 0.21038654792543582, 1.01, -0.0005641855772644672, 8049.390444368323],2.4067317419363965
<class 'problems.ANNOP.ANNOP'>,1741298347824,algorithms.adaptive_selection_GA,[54, 0.4397089397089397, 0.45643153526970953, 40, 'tournament_selection', 'two_point_crossover', 0.95, 'ball_mutation', <mtrand.RandomState object at 0x000001956D782F30>, None, 0.95, 0.2124904134046902, 1.01, 0.006302429712362362, 8215.945667871922],2.4301122400710153
<class 'problems.ANNOP.ANNOP'>,1741298347824,algorithms.adaptive_selection_GA,[55, 0.4397089397089397, 0.45643153526970953, 40, 'tournament_selection', 'two_point_crossover', 0.95, 'ball_mutation', <mtrand.RandomState object at 0x000001956D782F30>, None, 0.95, 0.21461531753873708, 1.01, 0.0023246199587591276, 7322.220613392214],2.464217338346542
<class 'problems.ANNOP.ANNOP'>,1741298347824,algorithms.adaptive_selection_GA,[56, 0.4397089397089397, 0.45643153526970953, 40, 'tournament_selection', 'two_point_crossover', 0.95, 'ball_mutation', <mtrand.RandomState object at 0x000001956D782F30>, None, 0.95, 0.21676147071412447, 1.01, -0.012646710946282367, 7370.418078277354],2.483963396800272
<class 'problems.ANNOP.ANNOP'>,1741298347824,algorithms.adaptive_selection_GA,[57, 0.4407484407484408, 0.43568464730290457, 40, 'tournament_selection', 'two_point_crossover', 0.95, 'ball_mutation', <mtrand.RandomState object at 0x000001956D782F30>, None, 0.95, 0.2189290854212657, 1.01, 0.0052642529010594775, 7995.586405089008],2.4981344339698435
<class 'problems.ANNOP.ANNOP'>,1741298347824,algorithms.adaptive_selection_GA,[58, 0.45114345114345117, 0.42738589211618255, 40, 'tournament_selection', 'two_point_crossover', 0.95, 'ball_mutation', <mtrand.RandomState object at 0x000001956D782F30>, None, 0.95, 0.22111837627547837, 1.01, 0.008476510623693756, 7794.191695723956],2.5180001699598087
<class 'problems.ANNOP.ANNOP'>,1741298347824,algorithms.adaptive_selection_GA,[59, 0.45114345114345117, 0.42323651452282157, 40, 'tournament_selection', 'two_point_crossover', 0.95, 'ball_mutation', <mtrand.RandomState object at 0x000001956D782F30>, None, 0.95, 0.22332956003823315, 1.01, -0.0013046381603648433, 7423.862323489475],2.529364475689158
<class 'problems.ANNOP.ANNOP'>,1741298347824,algorithms.adaptive_selection_GA,[60, 0.4573804573804574, 0.4149377593360996, 40, 'tournament_selection', 'two_point_crossover', 0.95, 'ball_mutation', <mtrand.RandomState object at 0x000001956D782F30>, None, 0.95, 0.22556285563861547, 1.01, -0.0020258278653852713, 7267.732805643534],2.5494943400137307
<class 'problems.ANNOP.ANNOP'>,1741298347824,algorithms.adaptive_selection_GA,[61, 0.4573804573804574, 0.4149377593360996, 40, 'tournament_selection', 'two_point_crossover', 0.95, 'ball_mutation', <mtrand.RandomState object at 0x000001956D782F30>, None, 0.95, 0.22781848419500164, 1.01, 0.0036847519214783866, 6236.6657613007665],2.5565023069557915
<class 'problems.ANNOP.ANNOP'>,1741298347824,algorithms.adaptive_selection_GA,[62, 0.4573804573804574, 0.4149377593360996, 40, 'tournament_selection', 'two_point_crossover', 0.95, 'ball_mutation', <mtrand.RandomState object at 0x000001956D782F30>, None, 0.95, 0.23009666903695167, 1.01, -0.010088710240104812, 6572.455469466787],2.5620938219007194
<class 'problems.ANNOP.ANNOP'>,1741298347824,algorithms.adaptive_selection_GA,[63, 0.4573804573804574, 0.4149377593360996, 40, 'tournament_selection', 'two_point_crossover', 0.95, 'ball_mutation', <mtrand.RandomState object at 0x000001956D782F30>, None, 0.95, 0.2323976357273212, 1.01, -7.369064304578107e-05, 6769.661383264371],2.573174199258431
<class 'problems.ANNOP.ANNOP'>,1741298347824,algorithms.adaptive_selection_GA,[64, 0.4573804573804574, 0.4149377593360996, 40, 'tournament_selection', 'two_point_crossover', 0.95, 'ball_mutation', <mtrand.RandomState object at 0x000001956D782F30>, None, 0.95, 0.2347216120845944, 1.01, 0.009600733281478351, 7097.989498716587],2.560452137130023
<class 'problems.ANNOP.ANNOP'>,1741298347824,algorithms.adaptive_selection_GA,[65, 0.4573804573804574, 0.4149377593360996, 40, 'tournament_selection', 'two_point_crossover', 0.95, 'ball_mutation', <mtrand.RandomState object at 0x000001956D782F30>, None, 0.95, 0.23706882820544037, 1.01, -0.0058774477966807084, 7617.707982029519],2.565453466362172
<class 'problems.ANNOP.ANNOP'>,1741298347824,algorithms.adaptive_selection_GA,[66, 0.4573804573804574, 0.4149377593360996, 40, 'tournament_selection', 'two_point_crossover', 0.95, 'ball_mutation', <mtrand.RandomState object at 0x000001956D782F30>, None, 0.95, 0.23943951648749479, 1.01, -0.004060805310608484, 7698.85027692072],2.5796008844162137
<class 'problems.ANNOP.ANNOP'>,1741298347824,algorithms.adaptive_selection_GA,[67, 0.4573804573804574, 0.4149377593360996, 40, 'tournament_selection', 'two_point_crossover', 0.95, 'ball_mutation', <mtrand.RandomState object at 0x000001956D782F30>, None, 0.95, 0.24183391165236973, 1.01, 0.0039274503976172645, 8004.390751184068],2.5924966922564514
<class 'problems.ANNOP.ANNOP'>,1741298347824,algorithms.adaptive_selection_GA,[68, 0.4573804573804574, 0.4149377593360996, 40, 'tournament_selection', 'two_point_crossover', 0.95, 'ball_mutation', <mtrand.RandomState object at 0x000001956D782F30>, None, 0.95, 0.24425225076889343, 1.01, 0.0035926815712789967, 8000.12535855358],2.6054196549275432
<class 'problems.ANNOP.ANNOP'>,1741298347824,algorithms.adaptive_selection_GA,[69, 0.4573804573804574, 0.4149377593360996, 40, 'tournament_selection', 'two_point_crossover', 0.95, 'ball_mutation', <mtrand.RandomState object at 0x000001956D782F30>, None, 0.95, 0.24669477327658237, 1.01, 0.03326554616406277, 8617.730438910297],2.622078681600233
<class 'problems.ANNOP.ANNOP'>,1741298347824,algorithms.adaptive_selection_GA,[70, 0.4573804573804574, 0.4149377593360996, 40, 'tournament_selection', 'two_point_crossover', 0.95, 'ball_mutation', <mtrand.RandomState object at 0x000001956D782F30>, None, 0.95, 0.2491617210093482, 1.01, -0.022741257813170324, 8341.998019775305],2.6283538367015704
<class 'problems.ANNOP.ANNOP'>,1741298347824,algorithms.adaptive_selection_GA,[71, 0.4573804573804574, 0.4149377593360996, 40, 'tournament_selection', 'two_point_crossover', 0.95, 'ball_mutation', <mtrand.RandomState object at 0x000001956D782F30>, None, 0.95, 0.2516533382194417, 1.01, 0.00034211003795006634, 7762.408616864909],2.6512202571671897
<class 'problems.ANNOP.ANNOP'>,1741298347824,algorithms.adaptive_selection_GA,[72, 0.46361746361746364, 0.4896265560165975, 40, 'tournament_selection', 'two_point_crossover', 0.95, 'ball_mutation', <mtrand.RandomState object at 0x000001956D782F30>, None, 0.95, 0.2541698716016361, 1.01, -0.007248949884350549, 6663.363438929299],2.6767777680123324
<class 'problems.ANNOP.ANNOP'>,1741298347824,algorithms.adaptive_selection_GA,[73, 0.46673596673596673, 0.4730290456431535, 40, 'tournament_selection', 'two_point_crossover', 0.95, 'ball_mutation', <mtrand.RandomState object at 0x000001956D782F30>, None, 0.95, 0.25671157031765246, 1.01, -0.0024890518852491023, 5930.793410434431],2.693731096596808
<class 'problems.ANNOP.ANNOP'>,1741298347824,algorithms.adaptive_selection_GA,[74, 0.4760914760914761, 0.47717842323651455, 40, 'tournament_selection', 'two_point_crossover', 0.95, 'ball_mutation', <mtrand.RandomState object at 0x000001956D782F30>, None, 0.95, 0.259278686020829, 1.01, -0.0055810228047057375, 6177.622112623008],2.7100635778964595
<class 'problems.ANNOP.ANNOP'>,1741298347824,algorithms.adaptive_selection_GA,[75, 0.4760914760914761, 0.47717842323651455, 40, 'tournament_selection', 'two_point_crossover', 0.95, 'ball_mutation', <mtrand.RandomState object at 0x000001956D782F30>, None, 0.95, 0.2618714728810373, 1.01, 0.0021985132621938977, 6637.447834515535],2.718452948542976
<class 'problems.ANNOP.ANNOP'>,1741298347824,algorithms.adaptive_selection_GA,[76, 0.4760914760914761, 0.47717842323651455, 40, 'tournament_selection', 'two_point_crossover', 0.95, 'ball_mutation', <mtrand.RandomState object at 0x000001956D782F30>, None, 0.95, 0.26449018760984766, 1.01, 0.002332396386205471, 6485.49918145666],2.7303467249463025
<class 'problems.ANNOP.ANNOP'>,1741298347824,algorithms.adaptive_selection_GA,[77, 0.4760914760914761, 0.47717842323651455, 40, 'tournament_selection', 'two_point_crossover', 0.95, 'ball_mutation', <mtrand.RandomState object at 0x000001956D782F30>, None, 0.95, 0.26713508948594616, 1.01, -0.00024888515097689495, 6479.494572813268],2.749443677959445
<class 'problems.ANNOP.ANNOP'>,1741298347824,algorithms.adaptive_selection_GA,[78, 0.4875259875259875, 0.4854771784232365, 40, 'tournament_selection', 'two_point_crossover', 0.95, 'ball_mutation', <mtrand.RandomState object at 0x000001956D782F30>, None, 0.95, 0.26980644038080565, 1.01, -0.0006187859590866124, 6582.628745518768],2.7625923625122772
<class 'problems.ANNOP.ANNOP'>,1741298347824,algorithms.adaptive_selection_GA,[79, 0.4875259875259875, 0.4854771784232365, 40, 'tournament_selection', 'two_point_crossover', 0.95, 'ball_mutation', <mtrand.RandomState object at 0x000001956D782F30>, None, 0.95, 0.2725045047846137, 1.01, 0.0033319592858324434, 6779.391693269244],2.7821716013442424
<class 'problems.ANNOP.ANNOP'>,1741298347824,algorithms.adaptive_selection_GA,[80, 0.4875259875259875, 0.4854771784232365, 40, 'tournament_selection', 'two_point_crossover', 0.95, 'ball_mutation', <mtrand.RandomState object at 0x000001956D782F30>, None, 0.95, 0.27522954983245984, 1.01, -0.005699516206054557, 7090.874136914373],2.794424449053174
<class 'problems.ANNOP.ANNOP'>,1741298347824,algorithms.adaptive_selection_GA,[81, 0.4875259875259875, 0.4854771784232365, 40, 'tournament_selection', 'two_point_crossover', 0.95, 'ball_mutation', <mtrand.RandomState object at 0x000001956D782F30>, None, 0.95, 0.27798184533078446, 1.01, -0.0005900074866265828, 7069.941362024137],2.8192767765670506
<class 'problems.ANNOP.ANNOP'>,1741298347824,algorithms.adaptive_selection_GA,[82, 0.4885654885654886, 0.49377593360995853, 40, 'tournament_selection', 'two_point_crossover', 0.95, 'ball_mutation', <mtrand.RandomState object at 0x000001956D782F30>, None, 0.95, 0.2807616637840923, 1.01, 0.003622835088902973, 6852.977801296155],2.8197770159445374
<class 'problems.ANNOP.ANNOP'>,1741298347824,algorithms.adaptive_selection_GA,[83, 0.5041580041580042, 0.5145228215767634, 40, 'tournament_selection', 'two_point_crossover', 0.95, 'ball_mutation', <mtrand.RandomState object at 0x000001956D782F30>, None, 0.95, 0.2835692804219332, 1.01, -0.00016432346772822515, 7164.374120943146],2.8329030992220066
<class 'problems.ANNOP.ANNOP'>,1741298347824,algorithms.adaptive_selection_GA,[84, 0.5041580041580042, 0.5145228215767634, 40, 'tournament_selection', 'two_point_crossover', 0.95, 'ball_mutation', <mtrand.RandomState object at 0x000001956D782F30>, None, 0.95, 0.28640497322615255, 1.01, 0.004170186545595138, 6518.760964933981],2.832983397925918
<class 'problems.ANNOP.ANNOP'>,1741298347824,algorithms.adaptive_selection_GA,[85, 0.5041580041580042, 0.5145228215767634, 40, 'tournament_selection', 'two_point_crossover', 0.95, 'ball_mutation', <mtrand.RandomState object at 0x000001956D782F30>, None, 0.95, 0.28926902295841406, 1.01, -0.014539571932205786, 6665.794999558659],2.844135234314343
<class 'problems.ANNOP.ANNOP'>,1741298347824,algorithms.adaptive_selection_GA,[86, 0.5041580041580042, 0.5145228215767634, 40, 'tournament_selection', 'two_point_crossover', 0.95, 'ball_mutation', <mtrand.RandomState object at 0x000001956D782F30>, None, 0.95, 0.2921617131879982, 1.01, 0.04861602443869286, 6127.671276484657],2.862680868119873
<class 'problems.ANNOP.ANNOP'>,1741298347824,algorithms.adaptive_selection_GA,[87, 0.5041580041580042, 0.5145228215767634, 40, 'tournament_selection', 'two_point_crossover', 0.95, 'ball_mutation', <mtrand.RandomState object at 0x000001956D782F30>, None, 0.95, 0.2950833303198782, 1.01, -0.03929363274583383, 6477.358301496905],2.866528836840118
<class 'problems.ANNOP.ANNOP'>,1741298347824,algorithms.adaptive_selection_GA,[88, 0.5041580041580042, 0.5145228215767634, 40, 'tournament_selection', 'two_point_crossover', 0.95, 'ball_mutation', <mtrand.RandomState object at 0x000001956D782F30>, None, 0.95, 0.298034163623077, 1.01, 0.005732018625297236, 6168.023980850701],2.8961549520841574
<class 'problems.ANNOP.ANNOP'>,1741298347824,algorithms.adaptive_selection_GA,[89, 0.5062370062370062, 0.5311203319502075, 40, 'tournament_selection', 'two_point_crossover', 0.95, 'ball_mutation', <mtrand.RandomState object at 0x000001956D782F30>, None, 0.95, 0.3, 1.01, -0.00316627811880231, 6017.146748016139],2.9157002310182225
<class 'problems.ANNOP.ANNOP'>,1741298347824,algorithms.adaptive_selection_GA,[90, 0.5062370062370062, 0.5311203319502075, 40, 'tournament_selection', 'two_point_crossover', 0.95, 'ball_mutation', <mtrand.RandomState object at 0x000001956D782F30>, None, 0.95, 0.3, 1.01, 0.04052378598814082, 6022.600665315739],2.9414108111544075
<class 'problems.ANNOP.ANNOP'>,1741298347824,algorithms.adaptive_selection_GA,[91, 0.5062370062370062, 0.5311203319502075, 40, 'tournament_selection', 'two_point_crossover', 0.95, 'ball_mutation', <mtrand.RandomState object at 0x000001956D782F30>, None, 0.95, 0.3, 1.01, 0.000259259975209869, 6095.932814148164],2.96393130318638
<class 'problems.ANNOP.ANNOP'>,1741298347824,algorithms.adaptive_selection_GA,[92, 0.5062370062370062, 0.5311203319502075, 40, 'tournament_selection', 'two_point_crossover', 0.95, 'ball_mutation', <mtrand.RandomState object at 0x000001956D782F30>, None, 0.95, 0.3, 1.01, -0.04120491335637932, 5700.350730218383],2.9700171310815677
<class 'problems.ANNOP.ANNOP'>,1741298347824,algorithms.adaptive_selection_GA,[93, 0.5062370062370062, 0.5311203319502075, 40, 'tournament_selection', 'two_point_crossover', 0.95, 'ball_mutation', <mtrand.RandomState object at 0x000001956D782F30>, None, 0.95, 0.3, 1.01, -0.01009860041973143, 5037.106785186487],2.9817471941155365
<class 'problems.ANNOP.ANNOP'>,1741298347824,algorithms.adaptive_selection_GA,[94, 0.5062370062370062, 0.5311203319502075, 40, 'tournament_selection', 'two_point_crossover', 0.95, 'ball_mutation', <mtrand.RandomState object at 0x000001956D782F30>, None, 0.95, 0.3, 1.01, 0.05198684386990667, 5269.807086961517],2.987496335956533
<class 'problems.ANNOP.ANNOP'>,1741298347824,algorithms.adaptive_selection_GA,[95, 0.5062370062370062, 0.5311203319502075, 40, 'tournament_selection', 'two_point_crossover', 0.95, 'ball_mutation', <mtrand.RandomState object at 0x000001956D782F30>, None, 0.95, 0.3, 1.01, -0.04962320224503081, 5279.6542893179885],2.986599243282347
<class 'problems.ANNOP.ANNOP'>,1741298347824,algorithms.adaptive_selection_GA,[96, 0.5114345114345115, 0.5601659751037344, 40, 'tournament_selection', 'two_point_crossover', 0.95, 'ball_mutation', <mtrand.RandomState object at 0x000001956D782F30>, None, 0.95, 0.3, 1.01, 0.00901224296225299, 5314.031515354485],3.009836056858081
<class 'problems.ANNOP.ANNOP'>,1741298347824,algorithms.adaptive_selection_GA,[97, 0.5166320166320166, 0.5269709543568465, 40, 'tournament_selection', 'two_point_crossover', 0.95, 'ball_mutation', <mtrand.RandomState object at 0x000001956D782F30>, None, 0.95, 0.3, 1.01, -0.010886391952999685, 5660.489134133602],3.01374963966505
<class 'problems.ANNOP.ANNOP'>,1741298347824,algorithms.adaptive_selection_GA,[98, 0.5166320166320166, 0.5269709543568465, 40, 'tournament_selection', 'two_point_crossover', 0.95, 'ball_mutation', <mtrand.RandomState object at 0x000001956D782F30>, None, 0.95, 0.3, 1.01, 0.004383589666570504, 5741.4676168923925],3.0305077515002963
<class 'problems.ANNOP.ANNOP'>,1741298347824,algorithms.adaptive_selection_GA,[99, 0.5187110187110187, 0.5228215767634855, 40, 'tournament_selection', 'two_point_crossover', 0.95, 'ball_mutation', <mtrand.RandomState object at 0x000001956D782F30>, None, 0.95, 0.3, 1.01, -0.009618671965021013, 5727.822090028747],3.054541102898701
<class 'problems.ANNOP.ANNOP'>,1741298347824,algorithms.adaptive_selection_GA,[100, 0.5187110187110187, 0.5228215767634855, 40, 'tournament_selection', 'two_point_crossover', 0.95, 'ball_mutation', <mtrand.RandomState object at 0x000001956D782F30>, None, 0.95, 0.3, 1.01, 0.004316972354361147, 5298.111189062218],3.0864358007435886
<class 'problems.ANNOP.ANNOP'>,1741298347824,algorithms.adaptive_selection_GA,[101, 0.5228690228690228, 0.5186721991701245, 40, 'tournament_selection', 'two_point_crossover', 0.95, 'ball_mutation', <mtrand.RandomState object at 0x000001956D782F30>, None, 0.95, 0.3, 1.01, 0.058423293463797585, 6029.63799307736],3.090129936824204
<class 'problems.ANNOP.ANNOP'>,1741298347824,algorithms.adaptive_selection_GA,[102, 0.5322245322245323, 0.5228215767634855, 40, 'tournament_selection', 'two_point_crossover', 0.95, 'ball_mutation', <mtrand.RandomState object at 0x000001956D782F30>, None, 0.95, 0.3, 1.01, -0.05014764952348593, 6388.016433595485],3.1055294152916275
<class 'problems.ANNOP.ANNOP'>,1741298347824,algorithms.adaptive_selection_GA,[103, 0.5322245322245323, 0.5228215767634855, 40, 'tournament_selection', 'two_point_crossover', 0.95, 'ball_mutation', <mtrand.RandomState object at 0x000001956D782F30>, None, 0.95, 0.3, 1.01, -0.0073922323707869275, 6258.838365018753],3.1066443994635144
<class 'problems.ANNOP.ANNOP'>,1741298347824,algorithms.adaptive_selection_GA,[104, 0.5343035343035343, 0.5352697095435685, 40, 'tournament_selection', 'two_point_crossover', 0.95, 'ball_mutation', <mtrand.RandomState object at 0x000001956D782F30>, None, 0.95, 0.3, 1.01, -0.006351393977873449, 5824.887594783113],3.1294899252620376
<class 'problems.ANNOP.ANNOP'>,1741298347824,algorithms.adaptive_selection_GA,[105, 0.5405405405405406, 0.5394190871369294, 40, 'tournament_selection', 'two_point_crossover', 0.95, 'ball_mutation', <mtrand.RandomState object at 0x000001956D782F30>, None, 0.95, 0.3, 1.01, 0.008912636353542714, 5196.742872058799],3.149975344580557
<class 'problems.ANNOP.ANNOP'>,1741298347824,algorithms.adaptive_selection_GA,[106, 0.5457380457380457, 0.5269709543568465, 40, 'tournament_selection', 'two_point_crossover', 0.95, 'ball_mutation', <mtrand.RandomState object at 0x000001956D782F30>, None, 0.95, 0.3, 1.01, 0.0005380714352736342, 4825.57557360573],3.1697703388581817
<class 'problems.ANNOP.ANNOP'>,1741298347824,algorithms.adaptive_selection_GA,[107, 0.5457380457380457, 0.5269709543568465, 40, 'tournament_selection', 'two_point_crossover', 0.95, 'ball_mutation', <mtrand.RandomState object at 0x000001956D782F30>, None, 0.95, 0.3, 1.01, -0.003650003635464319, 4666.840355383481],3.178599365999026
<class 'problems.ANNOP.ANNOP'>,1741298347824,algorithms.adaptive_selection_GA,[108, 0.5457380457380457, 0.5269709543568465, 40, 'tournament_selection', 'two_point_crossover', 0.95, 'ball_mutation', <mtrand.RandomState object at 0x000001956D782F30>, None, 0.95, 0.3, 1.01, 0.00518754339780678, 5207.40198456235],3.1933701630823044
<class 'problems.ANNOP.ANNOP'>,1741298347824,algorithms.adaptive_selection_GA,[109, 0.5457380457380457, 0.5269709543568465, 40, 'tournament_selection', 'two_point_crossover', 0.95, 'ball_mutation', <mtrand.RandomState object at 0x000001956D782F30>, None, 0.95, 0.3, 1.01, -0.0019448814245776012, 5461.315904212397],3.201561118253151
<class 'problems.ANNOP.ANNOP'>,1741298347824,algorithms.adaptive_selection_GA,[110, 0.5498960498960499, 0.5394190871369294, 40, 'tournament_selection', 'two_point_crossover', 0.95, 'ball_mutation', <mtrand.RandomState object at 0x000001956D782F30>, None, 0.95, 0.3, 1.01, 0.006496166078886468, 5583.397329526906],3.203206201380363
<class 'problems.ANNOP.ANNOP'>,1741298347824,algorithms.adaptive_selection_GA,[111, 0.5498960498960499, 0.5394190871369294, 40, 'tournament_selection', 'two_point_crossover', 0.95, 'ball_mutation', <mtrand.RandomState object at 0x000001956D782F30>, None, 0.95, 0.3, 1.01, -0.008404895638780344, 4025.5838644317664],3.185687987565975
<class 'problems.ANNOP.ANNOP'>,1741298347824,algorithms.adaptive_selection_GA,[112, 0.5498960498960499, 0.5394190871369294, 40, 'tournament_selection', 'two_point_crossover', 0.95, 'ball_mutation', <mtrand.RandomState object at 0x000001956D782F30>, None, 0.95, 0.3, 1.01, -0.0011334040110578675, 4518.500718737049],3.209046665796651
<class 'problems.ANNOP.ANNOP'>,1741298347824,algorithms.adaptive_selection_GA,[113, 0.5498960498960499, 0.5394190871369294, 40, 'tournament_selection', 'two_point_crossover', 0.95, 'ball_mutation', <mtrand.RandomState object at 0x000001956D782F30>, None, 0.95, 0.3, 1.01, 0.01173343558753924, 4868.753299213377],3.2182993969435723
<class 'problems.ANNOP.ANNOP'>,1741298347824,algorithms.adaptive_selection_GA,[114, 0.5498960498960499, 0.5394190871369294, 40, 'tournament_selection', 'two_point_crossover', 0.95, 'ball_mutation', <mtrand.RandomState object at 0x000001956D782F30>, None, 0.95, 0.3, 1.01, -0.008890010394595905, 5425.0797386580425],3.2227407986045247
<class 'problems.ANNOP.ANNOP'>,1741298347824,algorithms.adaptive_selection_GA,[115, 0.5498960498960499, 0.5394190871369294, 40, 'tournament_selection', 'two_point_crossover', 0.95, 'ball_mutation', <mtrand.RandomState object at 0x000001956D782F30>, None, 0.95, 0.3, 1.01, -0.002632739908270683, 5473.889885506778],3.2443933343902853
<class 'problems.ANNOP.ANNOP'>,1741298347824,algorithms.adaptive_selection_GA,[116, 0.5498960498960499, 0.5394190871369294, 40, 'tournament_selection', 'two_point_crossover', 0.95, 'ball_mutation', <mtrand.RandomState object at 0x000001956D782F30>, None, 0.95, 0.3, 1.01, 0.05425298050944846, 5359.465347002644],3.2505885594018675
<class 'problems.ANNOP.ANNOP'>,1741298347824,algorithms.adaptive_selection_GA,[117, 0.5498960498960499, 0.5394190871369294, 40, 'tournament_selection', 'two_point_crossover', 0.95, 'ball_mutation', <mtrand.RandomState object at 0x000001956D782F30>, None, 0.95, 0.3, 1.01, -0.047441815163398876, 5328.6610264861865],3.2666268069716584
<class 'problems.ANNOP.ANNOP'>,1741298347824,algorithms.adaptive_selection_GA,[118, 0.5654885654885655, 0.5477178423236515, 40, 'tournament_selection', 'two_point_crossover', 0.95, 'ball_mutation', <mtrand.RandomState object at 0x000001956D782F30>, None, 0.95, 0.3, 1.01, -0.004327206241527236, 5847.765860142527],3.2772555727271766
<class 'problems.ANNOP.ANNOP'>,1741298347824,algorithms.adaptive_selection_GA,[119, 0.5654885654885655, 0.5477178423236515, 40, 'tournament_selection', 'two_point_crossover', 0.95, 'ball_mutation', <mtrand.RandomState object at 0x000001956D782F30>, None, 0.95, 0.3, 1.01, 0.009364407156697632, 6167.02785235948],3.283939353749275
<class 'problems.ANNOP.ANNOP'>,1741298347824,algorithms.adaptive_selection_GA,[120, 0.5654885654885655, 0.5477178423236515, 40, 'tournament_selection', 'two_point_crossover', 0.95, 'ball_mutation', <mtrand.RandomState object at 0x000001956D782F30>, None, 0.95, 0.3, 1.01, 0.004944196976374132, 5176.316198319809],3.3073250687090185
<class 'problems.ANNOP.ANNOP'>,1741298347824,algorithms.adaptive_selection_GA,[121, 0.5654885654885655, 0.5477178423236515, 40, 'tournament_selection', 'two_point_crossover', 0.95, 'ball_mutation', <mtrand.RandomState object at 0x000001956D782F30>, None, 0.95, 0.3, 1.01, -0.005952995039462165, 4467.825306930141],3.318437792744479
<class 'problems.ANNOP.ANNOP'>,1741298347824,algorithms.adaptive_selection_GA,[122, 0.5654885654885655, 0.5477178423236515, 40, 'tournament_selection', 'two_point_crossover', 0.95, 'ball_mutation', <mtrand.RandomState object at 0x000001956D782F30>, None, 0.95, 0.3, 1.01, 0.007206479084371761, 4951.52618106128],3.328215923412538
<class 'problems.ANNOP.ANNOP'>,1741298347824,algorithms.adaptive_selection_GA,[123, 0.5654885654885655, 0.5477178423236515, 40, 'tournament_selection', 'two_point_crossover', 0.95, 'ball_mutation', <mtrand.RandomState object at 0x000001956D782F30>, None, 0.95, 0.3, 1.01, -0.0054998014798828335, 4745.126945850128],3.332306386802434
<class 'problems.ANNOP.ANNOP'>,1741298347824,algorithms.adaptive_selection_GA,[124, 0.5654885654885655, 0.5477178423236515, 40, 'tournament_selection', 'two_point_crossover', 0.95, 'ball_mutation', <mtrand.RandomState object at 0x000001956D782F30>, None, 0.95, 0.3, 1.01, 6.882210688543416e-05, 4851.310844117235],3.3485321188726114
matplotlib.font_manager,findfont: Matching :family=sans-serif:style=normal:variant=normal:weight=normal:stretch=normal:size=10.0 to DejaVu Sans ('C:\\Users\\jojo\\PycharmProjects\\OfficialBaseline\\venv\\lib\\site-packages\\matplotlib\\mpl-data\\fonts\\ttf\\DejaVuSans.ttf') with score of 0.050000.
matplotlib.axes._base,update_title_pos
matplotlib.font_manager,findfont: Matching :family=sans-serif:style=normal:variant=normal:weight=normal:stretch=normal:size=12.0 to DejaVu Sans ('C:\\Users\\jojo\\PycharmProjects\\OfficialBaseline\\venv\\lib\\site-packages\\matplotlib\\mpl-data\\fonts\\ttf\\DejaVuSans.ttf') with score of 0.050000.
matplotlib.axes._base,update_title_pos
matplotlib.axes._base,update_title_pos
matplotlib.axes._base,update_title_pos
matplotlib.font_manager,findfont: Matching :family=sans-serif:style=normal:variant=normal:weight=normal:stretch=normal:size=8.33 to DejaVu Sans ('C:\\Users\\jojo\\PycharmProjects\\OfficialBaseline\\venv\\lib\\site-packages\\matplotlib\\mpl-data\\fonts\\ttf\\DejaVuSans.ttf') with score of 0.050000.
matplotlib.axes._base,update_title_pos
matplotlib.axes._base,update_title_pos
matplotlib.axes._base,update_title_pos
matplotlib.axes._base,update_title_pos
matplotlib.axes._base,update_title_pos
matplotlib.axes._base,update_title_pos
