<class 'problems.ANNOP.ANNOP'>,2420789948136,algorithms.adaptive_selection_GA,[0, 0.19542619542619544, 0.16597510373443983, 40, 'tournament_selection', 'uniform_crossover', 0.95, 'ball_mutation', <mtrand.RandomState object at 0x00000233A2532EE8>, None, 0.95, 0.15, 1.01, 0.0008491976622427115, 32805.7342111278],1.1585566530806266
<class 'problems.ANNOP.ANNOP'>,2420789948136,algorithms.adaptive_selection_GA,[1, 0.19542619542619544, 0.16597510373443983, 40, 'tournament_selection', 'uniform_crossover', 0.95, 'ball_mutation', <mtrand.RandomState object at 0x00000233A2532EE8>, None, 0.95, 0.15, 1.01, 0.004509133671796364, 29834.237132029688],1.1913219347325608
<class 'problems.ANNOP.ANNOP'>,2420789948136,algorithms.adaptive_selection_GA,[2, 0.19542619542619544, 0.16597510373443983, 40, 'tournament_selection', 'uniform_crossover', 0.95, 'ball_mutation', <mtrand.RandomState object at 0x00000233A2532EE8>, None, 0.95, 0.15, 1.01, -0.0012395812412989253, 26904.72965921219],1.2106791735913027
<class 'problems.ANNOP.ANNOP'>,2420789948136,algorithms.adaptive_selection_GA,[3, 0.20374220374220375, 0.22821576763485477, 40, 'tournament_selection', 'uniform_crossover', 0.95, 'ball_mutation', <mtrand.RandomState object at 0x00000233A2532EE8>, None, 0.95, 0.15, 1.01, 0.00208739576939743, 24458.566230436074],1.2423145913448523
<class 'problems.ANNOP.ANNOP'>,2420789948136,algorithms.adaptive_selection_GA,[4, 0.20374220374220375, 0.22821576763485477, 40, 'tournament_selection', 'uniform_crossover', 0.95, 'ball_mutation', <mtrand.RandomState object at 0x00000233A2532EE8>, None, 0.95, 0.15, 1.01, 0.0032732412042472334, 22935.166626328668],1.2756617258725331
<class 'problems.ANNOP.ANNOP'>,2420789948136,algorithms.adaptive_selection_GA,[5, 0.20997920997921, 0.24481327800829875, 40, 'tournament_selection', 'uniform_crossover', 0.95, 'ball_mutation', <mtrand.RandomState object at 0x00000233A2532EE8>, None, 0.95, 0.15, 1.01, -0.004547001109175143, 17532.149782568562],1.3110800686269835
<class 'problems.ANNOP.ANNOP'>,2420789948136,algorithms.adaptive_selection_GA,[6, 0.2182952182952183, 0.24066390041493776, 40, 'tournament_selection', 'uniform_crossover', 0.95, 'ball_mutation', <mtrand.RandomState object at 0x00000233A2532EE8>, None, 0.95, 0.15, 1.01, 0.004179508965732402, 13401.672696000303],1.3368515156295018
<class 'problems.ANNOP.ANNOP'>,2420789948136,algorithms.adaptive_selection_GA,[7, 0.2182952182952183, 0.24066390041493776, 40, 'tournament_selection', 'uniform_crossover', 0.95, 'ball_mutation', <mtrand.RandomState object at 0x00000233A2532EE8>, None, 0.95, 0.15, 1.01, -0.006077229500018672, 12430.406570405747],1.3593361017746948
<class 'problems.ANNOP.ANNOP'>,2420789948136,algorithms.adaptive_selection_GA,[8, 0.2286902286902287, 0.22821576763485477, 40, 'tournament_selection', 'uniform_crossover', 0.95, 'ball_mutation', <mtrand.RandomState object at 0x00000233A2532EE8>, None, 0.95, 0.15, 1.01, -0.00621163707765068, 12376.753115983609],1.3951586902506543
<class 'problems.ANNOP.ANNOP'>,2420789948136,algorithms.adaptive_selection_GA,[9, 0.24324324324324326, 0.25311203319502074, 40, 'tournament_selection', 'uniform_crossover', 0.95, 'ball_mutation', <mtrand.RandomState object at 0x00000233A2532EE8>, None, 0.95, 0.15, 1.01, 0.005039924202518732, 11963.83651609291],1.4143041827900686
<class 'problems.ANNOP.ANNOP'>,2420789948136,algorithms.adaptive_selection_GA,[10, 0.24324324324324326, 0.2697095435684647, 40, 'tournament_selection', 'uniform_crossover', 0.95, 'ball_mutation', <mtrand.RandomState object at 0x00000233A2532EE8>, None, 0.95, 0.15, 1.01, 0.010780297750048254, 11204.912909147972],1.4427649577304638
<class 'problems.ANNOP.ANNOP'>,2420789948136,algorithms.adaptive_selection_GA,[11, 0.2442827442827443, 0.24481327800829875, 40, 'tournament_selection', 'uniform_crossover', 0.95, 'ball_mutation', <mtrand.RandomState object at 0x00000233A2532EE8>, None, 0.95, 0.15, 1.01, -0.007864673582412059, 11886.809863857814],1.4730707068700537
<class 'problems.ANNOP.ANNOP'>,2420789948136,algorithms.adaptive_selection_GA,[12, 0.2598752598752599, 0.2863070539419087, 40, 'tournament_selection', 'uniform_crossover', 0.95, 'ball_mutation', <mtrand.RandomState object at 0x00000233A2532EE8>, None, 0.95, 0.15, 1.01, 0.008029437039331858, 12233.59188954182],1.4980619408803193
<class 'problems.ANNOP.ANNOP'>,2420789948136,algorithms.adaptive_selection_GA,[13, 0.2598752598752599, 0.2863070539419087, 40, 'tournament_selection', 'uniform_crossover', 0.95, 'ball_mutation', <mtrand.RandomState object at 0x00000233A2532EE8>, None, 0.95, 0.15, 1.01, 0.010438144097752046, 12787.072784797703],1.5264330514117201
<class 'problems.ANNOP.ANNOP'>,2420789948136,algorithms.adaptive_selection_GA,[14, 0.2598752598752599, 0.2863070539419087, 40, 'tournament_selection', 'uniform_crossover', 0.95, 'ball_mutation', <mtrand.RandomState object at 0x00000233A2532EE8>, None, 0.95, 0.15, 1.01, -0.00654546337429128, 12572.103193580244],1.5662385046809733
<class 'problems.ANNOP.ANNOP'>,2420789948136,algorithms.adaptive_selection_GA,[15, 0.26715176715176714, 0.27385892116182575, 40, 'tournament_selection', 'uniform_crossover', 0.95, 'ball_mutation', <mtrand.RandomState object at 0x00000233A2532EE8>, None, 0.95, 0.15, 1.01, -0.013178083555570246, 12608.312337673193],1.5931098357856226
<class 'problems.ANNOP.ANNOP'>,2420789948136,algorithms.adaptive_selection_GA,[16, 0.29313929313929316, 0.24896265560165975, 40, 'tournament_selection', 'uniform_crossover', 0.95, 'ball_mutation', <mtrand.RandomState object at 0x00000233A2532EE8>, None, 0.95, 0.15, 1.01, 0.009132514171977284, 12346.267172648651],1.6168848915401457
<class 'problems.ANNOP.ANNOP'>,2420789948136,algorithms.adaptive_selection_GA,[17, 0.29625779625779625, 0.3112033195020747, 40, 'tournament_selection', 'uniform_crossover', 0.95, 'ball_mutation', <mtrand.RandomState object at 0x00000233A2532EE8>, None, 0.95, 0.15, 1.01, 0.011933254551594497, 12329.419512115019],1.640733522721865
<class 'problems.ANNOP.ANNOP'>,2420789948136,algorithms.adaptive_selection_GA,[18, 0.29625779625779625, 0.3112033195020747, 40, 'tournament_selection', 'uniform_crossover', 0.95, 'ball_mutation', <mtrand.RandomState object at 0x00000233A2532EE8>, None, 0.95, 0.15, 1.01, -0.010132480110480832, 12056.970749403908],1.675685325311167
<class 'problems.ANNOP.ANNOP'>,2420789948136,algorithms.adaptive_selection_GA,[19, 0.29625779625779625, 0.3112033195020747, 40, 'tournament_selection', 'uniform_crossover', 0.95, 'ball_mutation', <mtrand.RandomState object at 0x00000233A2532EE8>, None, 0.95, 0.15, 1.01, -0.007096510645318806, 11649.696936535254],1.7111022046491722
<class 'problems.ANNOP.ANNOP'>,2420789948136,algorithms.adaptive_selection_GA,[20, 0.29625779625779625, 0.3112033195020747, 40, 'tournament_selection', 'uniform_crossover', 0.95, 'ball_mutation', <mtrand.RandomState object at 0x00000233A2532EE8>, None, 0.95, 0.1515, 1.01, 0.03645278210185637, 12236.368657445179],1.7337935921964196
<class 'problems.ANNOP.ANNOP'>,2420789948136,algorithms.adaptive_selection_GA,[21, 0.32224532224532226, 0.36929460580912865, 40, 'tournament_selection', 'uniform_crossover', 0.95, 'ball_mutation', <mtrand.RandomState object at 0x00000233A2532EE8>, None, 0.95, 0.15301499999999998, 1.01, -0.01920305445506889, 12332.722183430393],1.7726447655902537
<class 'problems.ANNOP.ANNOP'>,2420789948136,algorithms.adaptive_selection_GA,[22, 0.3471933471933472, 0.36929460580912865, 40, 'tournament_selection', 'uniform_crossover', 0.95, 'ball_mutation', <mtrand.RandomState object at 0x00000233A2532EE8>, None, 0.95, 0.15454515, 1.01, 0.007644834936631685, 11921.330520322208],1.8061932035387527
<class 'problems.ANNOP.ANNOP'>,2420789948136,algorithms.adaptive_selection_GA,[23, 0.3471933471933472, 0.36929460580912865, 40, 'tournament_selection', 'uniform_crossover', 0.95, 'ball_mutation', <mtrand.RandomState object at 0x00000233A2532EE8>, None, 0.95, 0.15609060149999998, 1.01, -0.014753764722125709, 12019.443537045248],1.8270437911576747
<class 'problems.ANNOP.ANNOP'>,2420789948136,algorithms.adaptive_selection_GA,[24, 0.3471933471933472, 0.36929460580912865, 40, 'tournament_selection', 'uniform_crossover', 0.95, 'ball_mutation', <mtrand.RandomState object at 0x00000233A2532EE8>, None, 0.95, 0.15765150751499998, 1.01, 0.019267834538733986, 11236.323270466137],1.8561426851744887
<class 'problems.ANNOP.ANNOP'>,2420789948136,algorithms.adaptive_selection_GA,[25, 0.3471933471933472, 0.36929460580912865, 40, 'tournament_selection', 'uniform_crossover', 0.95, 'ball_mutation', <mtrand.RandomState object at 0x00000233A2532EE8>, None, 0.95, 0.15922802259014998, 1.01, -0.0014553746197544098, 10666.942522430461],1.8833457322026175
<class 'problems.ANNOP.ANNOP'>,2420789948136,algorithms.adaptive_selection_GA,[26, 0.3471933471933472, 0.36929460580912865, 40, 'tournament_selection', 'uniform_crossover', 0.95, 'ball_mutation', <mtrand.RandomState object at 0x00000233A2532EE8>, None, 0.95, 0.16082030281605147, 1.01, -0.011351637946245559, 11199.160326675401],1.8941086275772425
<class 'problems.ANNOP.ANNOP'>,2420789948136,algorithms.adaptive_selection_GA,[27, 0.3471933471933472, 0.36929460580912865, 40, 'tournament_selection', 'uniform_crossover', 0.95, 'ball_mutation', <mtrand.RandomState object at 0x00000233A2532EE8>, None, 0.95, 0.16242850584421198, 1.01, -0.00712808406453664, 11691.738364626595],1.9201874203465688
<class 'problems.ANNOP.ANNOP'>,2420789948136,algorithms.adaptive_selection_GA,[28, 0.3471933471933472, 0.36929460580912865, 40, 'tournament_selection', 'uniform_crossover', 0.95, 'ball_mutation', <mtrand.RandomState object at 0x00000233A2532EE8>, None, 0.95, 0.1640527909026541, 1.01, 0.0001371366387812878, 11785.983337124771],1.9463309560394895
<class 'problems.ANNOP.ANNOP'>,2420789948136,algorithms.adaptive_selection_GA,[29, 0.3471933471933472, 0.36929460580912865, 40, 'tournament_selection', 'uniform_crossover', 0.95, 'ball_mutation', <mtrand.RandomState object at 0x00000233A2532EE8>, None, 0.95, 0.16569331881168065, 1.01, 0.011005460196725936, 11418.292755548964],1.9698560126775275
<class 'problems.ANNOP.ANNOP'>,2420789948136,algorithms.adaptive_selection_GA,[30, 0.3471933471933472, 0.36929460580912865, 40, 'tournament_selection', 'uniform_crossover', 0.95, 'ball_mutation', <mtrand.RandomState object at 0x00000233A2532EE8>, None, 0.95, 0.16735025199979744, 1.01, -0.022024636049891938, 11664.405607276649],1.9796521239869969
<class 'problems.ANNOP.ANNOP'>,2420789948136,algorithms.adaptive_selection_GA,[31, 0.3471933471933472, 0.36929460580912865, 40, 'tournament_selection', 'uniform_crossover', 0.95, 'ball_mutation', <mtrand.RandomState object at 0x00000233A2532EE8>, None, 0.95, 0.16902375451979543, 1.01, 0.028634180688096943, 11667.862188114254],1.9958209028670972
<class 'problems.ANNOP.ANNOP'>,2420789948136,algorithms.adaptive_selection_GA,[32, 0.3471933471933472, 0.36929460580912865, 40, 'tournament_selection', 'uniform_crossover', 0.95, 'ball_mutation', <mtrand.RandomState object at 0x00000233A2532EE8>, None, 0.95, 0.17071399206499338, 1.01, -0.013818936650253973, 11304.796446624146],2.0109943181009253
<class 'problems.ANNOP.ANNOP'>,2420789948136,algorithms.adaptive_selection_GA,[33, 0.3471933471933472, 0.36929460580912865, 40, 'tournament_selection', 'uniform_crossover', 0.95, 'ball_mutation', <mtrand.RandomState object at 0x00000233A2532EE8>, None, 0.95, 0.17242113198564332, 1.01, -0.005731878940298855, 11038.070326782972],2.039855256772123
<class 'problems.ANNOP.ANNOP'>,2420789948136,algorithms.adaptive_selection_GA,[34, 0.3471933471933472, 0.36929460580912865, 40, 'tournament_selection', 'uniform_crossover', 0.95, 'ball_mutation', <mtrand.RandomState object at 0x00000233A2532EE8>, None, 0.95, 0.17414534330549974, 1.01, -0.005433401616477478, 9931.117431430735],2.060454883439105
<class 'problems.ANNOP.ANNOP'>,2420789948136,algorithms.adaptive_selection_GA,[35, 0.3471933471933472, 0.36929460580912865, 40, 'tournament_selection', 'uniform_crossover', 0.95, 'ball_mutation', <mtrand.RandomState object at 0x00000233A2532EE8>, None, 0.95, 0.17588679673855476, 1.01, -0.0003056202349254952, 9662.624834231703],2.072894505241764
<class 'problems.ANNOP.ANNOP'>,2420789948136,algorithms.adaptive_selection_GA,[36, 0.3471933471933472, 0.36929460580912865, 40, 'tournament_selection', 'uniform_crossover', 0.95, 'ball_mutation', <mtrand.RandomState object at 0x00000233A2532EE8>, None, 0.95, 0.17764566470594031, 1.01, -0.004277044288975608, 9420.84357940006],2.0943050625809305
<class 'problems.ANNOP.ANNOP'>,2420789948136,algorithms.adaptive_selection_GA,[37, 0.3471933471933472, 0.36929460580912865, 40, 'tournament_selection', 'uniform_crossover', 0.95, 'ball_mutation', <mtrand.RandomState object at 0x00000233A2532EE8>, None, 0.95, 0.17942212135299973, 1.01, 0.008474012219879569, 8899.058087019277],2.111584984910831
<class 'problems.ANNOP.ANNOP'>,2420789948136,algorithms.adaptive_selection_GA,[38, 0.3471933471933472, 0.36929460580912865, 40, 'tournament_selection', 'uniform_crossover', 0.95, 'ball_mutation', <mtrand.RandomState object at 0x00000233A2532EE8>, None, 0.95, 0.18121634256652974, 1.01, -0.0023268712883431977, 9547.47196974095],2.1365985068710764
<class 'problems.ANNOP.ANNOP'>,2420789948136,algorithms.adaptive_selection_GA,[39, 0.3711018711018711, 0.37344398340248963, 40, 'tournament_selection', 'uniform_crossover', 0.95, 'ball_mutation', <mtrand.RandomState object at 0x00000233A2532EE8>, None, 0.95, 0.18302850599219503, 1.01, -0.0030669357594464014, 9554.848923322284],2.159593872243614
<class 'problems.ANNOP.ANNOP'>,2420789948136,algorithms.adaptive_selection_GA,[40, 0.3711018711018711, 0.37344398340248963, 40, 'tournament_selection', 'uniform_crossover', 0.95, 'ball_mutation', <mtrand.RandomState object at 0x00000233A2532EE8>, None, 0.95, 0.18485879105211697, 1.01, -0.00581987657444329, 9936.846886124016],2.175022935255624
<class 'problems.ANNOP.ANNOP'>,2420789948136,algorithms.adaptive_selection_GA,[41, 0.3711018711018711, 0.37344398340248963, 40, 'tournament_selection', 'uniform_crossover', 0.95, 'ball_mutation', <mtrand.RandomState object at 0x00000233A2532EE8>, None, 0.95, 0.18670737896263814, 1.01, 0.009472769901679872, 10158.398478886646],2.1925725367279107
<class 'problems.ANNOP.ANNOP'>,2420789948136,algorithms.adaptive_selection_GA,[42, 0.3711018711018711, 0.37344398340248963, 40, 'tournament_selection', 'uniform_crossover', 0.95, 'ball_mutation', <mtrand.RandomState object at 0x00000233A2532EE8>, None, 0.95, 0.18857445275226453, 1.01, -0.005092395949388352, 10429.39962873728],2.2065026763771107
<class 'problems.ANNOP.ANNOP'>,2420789948136,algorithms.adaptive_selection_GA,[43, 0.3711018711018711, 0.37344398340248963, 40, 'tournament_selection', 'uniform_crossover', 0.95, 'ball_mutation', <mtrand.RandomState object at 0x00000233A2532EE8>, None, 0.95, 0.1904601972797872, 1.01, 0.005665413410893702, 10177.327315138375],2.21834948479453
<class 'problems.ANNOP.ANNOP'>,2420789948136,algorithms.adaptive_selection_GA,[44, 0.3711018711018711, 0.37344398340248963, 40, 'tournament_selection', 'uniform_crossover', 0.95, 'ball_mutation', <mtrand.RandomState object at 0x00000233A2532EE8>, None, 0.95, 0.19236479925258507, 1.01, -0.0020329695556514163, 9839.931833269877],2.238807755575974
<class 'problems.ANNOP.ANNOP'>,2420789948136,algorithms.adaptive_selection_GA,[45, 0.3711018711018711, 0.37344398340248963, 40, 'tournament_selection', 'uniform_crossover', 0.95, 'ball_mutation', <mtrand.RandomState object at 0x00000233A2532EE8>, None, 0.95, 0.1942884472451109, 1.01, 0.0020989786795216833, 10405.56248095413],2.259200616922467
<class 'problems.ANNOP.ANNOP'>,2420789948136,algorithms.adaptive_selection_GA,[46, 0.3711018711018711, 0.37344398340248963, 40, 'tournament_selection', 'uniform_crossover', 0.95, 'ball_mutation', <mtrand.RandomState object at 0x00000233A2532EE8>, None, 0.95, 0.19623133171756202, 1.01, 0.0021787066337456626, 10118.066439289818],2.2567026572100404
<class 'problems.ANNOP.ANNOP'>,2420789948136,algorithms.adaptive_selection_GA,[47, 0.3711018711018711, 0.37344398340248963, 40, 'tournament_selection', 'uniform_crossover', 0.95, 'ball_mutation', <mtrand.RandomState object at 0x00000233A2532EE8>, None, 0.95, 0.19819364503473763, 1.01, 0.0172803863570919, 10355.868213746358],2.279026664699755
<class 'problems.ANNOP.ANNOP'>,2420789948136,algorithms.adaptive_selection_GA,[48, 0.3711018711018711, 0.37344398340248963, 40, 'tournament_selection', 'uniform_crossover', 0.95, 'ball_mutation', <mtrand.RandomState object at 0x00000233A2532EE8>, None, 0.95, 0.20017558148508502, 1.01, -0.020637644627811, 9365.76081693082],2.286959077460349
<class 'problems.ANNOP.ANNOP'>,2420789948136,algorithms.adaptive_selection_GA,[49, 0.3804573804573805, 0.3941908713692946, 40, 'tournament_selection', 'uniform_crossover', 0.95, 'ball_mutation', <mtrand.RandomState object at 0x00000233A2532EE8>, None, 0.95, 0.20217733729993587, 1.01, -0.0009418212984242322, 9235.384248228745],2.2896414291848823
<class 'problems.ANNOP.ANNOP'>,2420789948136,algorithms.adaptive_selection_GA,[50, 0.3804573804573805, 0.3941908713692946, 40, 'tournament_selection', 'uniform_crossover', 0.95, 'ball_mutation', <mtrand.RandomState object at 0x00000233A2532EE8>, None, 0.95, 0.20419911067293522, 1.01, 0.024358630153549117, 7005.036588318145],2.3112817566162827
<class 'problems.ANNOP.ANNOP'>,2420789948136,algorithms.adaptive_selection_GA,[51, 0.4022869022869023, 0.43568464730290457, 40, 'tournament_selection', 'uniform_crossover', 0.95, 'ball_mutation', <mtrand.RandomState object at 0x00000233A2532EE8>, None, 0.95, 0.20624110177966457, 1.01, -0.022784768380848586, 7568.261317916407],2.3259790279221537
<class 'problems.ANNOP.ANNOP'>,2420789948136,algorithms.adaptive_selection_GA,[52, 0.4022869022869023, 0.43568464730290457, 40, 'tournament_selection', 'uniform_crossover', 0.95, 'ball_mutation', <mtrand.RandomState object at 0x00000233A2532EE8>, None, 0.95, 0.2083035127974612, 1.01, -0.0016006683439633573, 7365.925234850629],2.327171041593508
<class 'problems.ANNOP.ANNOP'>,2420789948136,algorithms.adaptive_selection_GA,[53, 0.4022869022869023, 0.43568464730290457, 40, 'tournament_selection', 'uniform_crossover', 0.95, 'ball_mutation', <mtrand.RandomState object at 0x00000233A2532EE8>, None, 0.95, 0.21038654792543582, 1.01, 8.63474943323117e-05, 7210.327192203806],2.3313267532526565
<class 'problems.ANNOP.ANNOP'>,2420789948136,algorithms.adaptive_selection_GA,[54, 0.4022869022869023, 0.43568464730290457, 40, 'tournament_selection', 'uniform_crossover', 0.95, 'ball_mutation', <mtrand.RandomState object at 0x00000233A2532EE8>, None, 0.95, 0.2124904134046902, 1.01, -0.0015496894516962914, 7963.499043252604],2.342614734123964
<class 'problems.ANNOP.ANNOP'>,2420789948136,algorithms.adaptive_selection_GA,[55, 0.4022869022869023, 0.43568464730290457, 40, 'tournament_selection', 'uniform_crossover', 0.95, 'ball_mutation', <mtrand.RandomState object at 0x00000233A2532EE8>, None, 0.95, 0.21461531753873708, 1.01, 0.031289799500109974, 8627.666312471956],2.361279422841547
<class 'problems.ANNOP.ANNOP'>,2420789948136,algorithms.adaptive_selection_GA,[56, 0.4022869022869023, 0.43568464730290457, 40, 'tournament_selection', 'uniform_crossover', 0.95, 'ball_mutation', <mtrand.RandomState object at 0x00000233A2532EE8>, None, 0.95, 0.21676147071412447, 1.01, -0.03124120610421833, 8432.29381903512],2.3599842517265563
<class 'problems.ANNOP.ANNOP'>,2420789948136,algorithms.adaptive_selection_GA,[57, 0.4022869022869023, 0.43568464730290457, 40, 'tournament_selection', 'uniform_crossover', 0.95, 'ball_mutation', <mtrand.RandomState object at 0x00000233A2532EE8>, None, 0.95, 0.2189290854212657, 1.01, -0.0045292632464436385, 8634.486135324245],2.358628308717534
<class 'problems.ANNOP.ANNOP'>,2420789948136,algorithms.adaptive_selection_GA,[58, 0.4022869022869023, 0.43568464730290457, 40, 'tournament_selection', 'uniform_crossover', 0.95, 'ball_mutation', <mtrand.RandomState object at 0x00000233A2532EE8>, None, 0.95, 0.22111837627547837, 1.01, -0.00036775632673420947, 8934.02676117661],2.36813609952672
<class 'problems.ANNOP.ANNOP'>,2420789948136,algorithms.adaptive_selection_GA,[59, 0.4022869022869023, 0.43568464730290457, 40, 'tournament_selection', 'uniform_crossover', 0.95, 'ball_mutation', <mtrand.RandomState object at 0x00000233A2532EE8>, None, 0.95, 0.22332956003823315, 1.01, 0.03707723375894792, 9236.165238886775],2.3803161757143214
<class 'problems.ANNOP.ANNOP'>,2420789948136,algorithms.adaptive_selection_GA,[60, 0.40644490644490644, 0.46473029045643155, 40, 'tournament_selection', 'uniform_crossover', 0.95, 'ball_mutation', <mtrand.RandomState object at 0x00000233A2532EE8>, None, 0.95, 0.22556285563861547, 1.01, 0.04494712892479473, 9266.696044920962],2.4115441773143576
<class 'problems.ANNOP.ANNOP'>,2420789948136,algorithms.adaptive_selection_GA,[61, 0.41164241164241167, 0.47717842323651455, 40, 'tournament_selection', 'uniform_crossover', 0.95, 'ball_mutation', <mtrand.RandomState object at 0x00000233A2532EE8>, None, 0.95, 0.22781848419500164, 1.01, -0.011968470478410473, 8053.71592306893],2.414069380009099
<class 'problems.ANNOP.ANNOP'>,2420789948136,algorithms.adaptive_selection_GA,[62, 0.41164241164241167, 0.47717842323651455, 40, 'tournament_selection', 'uniform_crossover', 0.95, 'ball_mutation', <mtrand.RandomState object at 0x00000233A2532EE8>, None, 0.95, 0.23009666903695167, 1.01, 0.010802262804032875, 6572.337016249134],2.4264626636171265
<class 'problems.ANNOP.ANNOP'>,2420789948136,algorithms.adaptive_selection_GA,[63, 0.41164241164241167, 0.47717842323651455, 40, 'tournament_selection', 'uniform_crossover', 0.95, 'ball_mutation', <mtrand.RandomState object at 0x00000233A2532EE8>, None, 0.95, 0.2323976357273212, 1.01, -0.023705598648288376, 7375.048038137673],2.444061461866753
<class 'problems.ANNOP.ANNOP'>,2420789948136,algorithms.adaptive_selection_GA,[64, 0.41164241164241167, 0.47717842323651455, 40, 'tournament_selection', 'uniform_crossover', 0.95, 'ball_mutation', <mtrand.RandomState object at 0x00000233A2532EE8>, None, 0.95, 0.2347216120845944, 1.01, -0.02067931846954245, 7865.013187904326],2.4598860220994374
<class 'problems.ANNOP.ANNOP'>,2420789948136,algorithms.adaptive_selection_GA,[65, 0.41164241164241167, 0.47717842323651455, 40, 'tournament_selection', 'uniform_crossover', 0.95, 'ball_mutation', <mtrand.RandomState object at 0x00000233A2532EE8>, None, 0.95, 0.23706882820544037, 1.01, -0.03337026024403377, 8235.942149947865],2.483981795351088
<class 'problems.ANNOP.ANNOP'>,2420789948136,algorithms.adaptive_selection_GA,[66, 0.41995841995842, 0.46887966804979253, 40, 'tournament_selection', 'uniform_crossover', 0.95, 'ball_mutation', <mtrand.RandomState object at 0x00000233A2532EE8>, None, 0.95, 0.23943951648749479, 1.01, 0.031459035393142716, 8264.325441986528],2.497734874934872
<class 'problems.ANNOP.ANNOP'>,2420789948136,algorithms.adaptive_selection_GA,[67, 0.41995841995842, 0.46887966804979253, 40, 'tournament_selection', 'uniform_crossover', 0.95, 'ball_mutation', <mtrand.RandomState object at 0x00000233A2532EE8>, None, 0.95, 0.24183391165236973, 1.01, 0.04665165254378388, 9164.14993653271],2.517195577521162
<class 'problems.ANNOP.ANNOP'>,2420789948136,algorithms.adaptive_selection_GA,[68, 0.41995841995842, 0.46887966804979253, 40, 'tournament_selection', 'uniform_crossover', 0.95, 'ball_mutation', <mtrand.RandomState object at 0x00000233A2532EE8>, None, 0.95, 0.24425225076889343, 1.01, -0.020384342939129607, 8752.610965426285],2.518596108358089
<class 'problems.ANNOP.ANNOP'>,2420789948136,algorithms.adaptive_selection_GA,[69, 0.41995841995842, 0.46887966804979253, 40, 'tournament_selection', 'uniform_crossover', 0.95, 'ball_mutation', <mtrand.RandomState object at 0x00000233A2532EE8>, None, 0.95, 0.24669477327658237, 1.01, 0.03466041760009081, 8341.88552243751],2.5320198113980146
<class 'problems.ANNOP.ANNOP'>,2420789948136,algorithms.adaptive_selection_GA,[70, 0.41995841995842, 0.46887966804979253, 40, 'tournament_selection', 'uniform_crossover', 0.95, 'ball_mutation', <mtrand.RandomState object at 0x00000233A2532EE8>, None, 0.95, 0.2491617210093482, 1.01, -0.059125637842512416, 7322.7662169280675],2.539885045694115
<class 'problems.ANNOP.ANNOP'>,2420789948136,algorithms.adaptive_selection_GA,[71, 0.41995841995842, 0.46887966804979253, 40, 'tournament_selection', 'uniform_crossover', 0.95, 'ball_mutation', <mtrand.RandomState object at 0x00000233A2532EE8>, None, 0.95, 0.2516533382194417, 1.01, -0.026765100601419234, 7736.971111991184],2.555974140506193
<class 'problems.ANNOP.ANNOP'>,2420789948136,algorithms.adaptive_selection_GA,[72, 0.41995841995842, 0.46887966804979253, 40, 'tournament_selection', 'uniform_crossover', 0.95, 'ball_mutation', <mtrand.RandomState object at 0x00000233A2532EE8>, None, 0.95, 0.2541698716016361, 1.01, 0.030959548606969672, 7704.884550356011],2.5683333924843215
<class 'problems.ANNOP.ANNOP'>,2420789948136,algorithms.adaptive_selection_GA,[73, 0.4261954261954262, 0.49377593360995853, 40, 'tournament_selection', 'uniform_crossover', 0.95, 'ball_mutation', <mtrand.RandomState object at 0x00000233A2532EE8>, None, 0.95, 0.25671157031765246, 1.01, 0.03343933179561005, 8061.464413456839],2.5799976753397873
<class 'problems.ANNOP.ANNOP'>,2420789948136,algorithms.adaptive_selection_GA,[74, 0.4303534303534304, 0.47717842323651455, 40, 'tournament_selection', 'uniform_crossover', 0.95, 'ball_mutation', <mtrand.RandomState object at 0x00000233A2532EE8>, None, 0.95, 0.259278686020829, 1.01, -0.035685246026000664, 7587.730803504901],2.576741020056035
<class 'problems.ANNOP.ANNOP'>,2420789948136,algorithms.adaptive_selection_GA,[75, 0.43243243243243246, 0.4605809128630705, 40, 'tournament_selection', 'uniform_crossover', 0.95, 'ball_mutation', <mtrand.RandomState object at 0x00000233A2532EE8>, None, 0.95, 0.2618714728810373, 1.01, -0.0011840428197907038, 7688.528508575935],2.5944478080246784
<class 'problems.ANNOP.ANNOP'>,2420789948136,algorithms.adaptive_selection_GA,[76, 0.43243243243243246, 0.4605809128630705, 40, 'tournament_selection', 'uniform_crossover', 0.95, 'ball_mutation', <mtrand.RandomState object at 0x00000233A2532EE8>, None, 0.95, 0.26449018760984766, 1.01, 0.004637878278243829, 7703.420556546691],2.6007488603140385
<class 'problems.ANNOP.ANNOP'>,2420789948136,algorithms.adaptive_selection_GA,[77, 0.44282744282744285, 0.47717842323651455, 40, 'tournament_selection', 'uniform_crossover', 0.95, 'ball_mutation', <mtrand.RandomState object at 0x00000233A2532EE8>, None, 0.95, 0.26713508948594616, 1.01, -0.0011387054115356982, 7564.786387403994],2.6119416094570234
<class 'problems.ANNOP.ANNOP'>,2420789948136,algorithms.adaptive_selection_GA,[78, 0.446985446985447, 0.4896265560165975, 40, 'tournament_selection', 'uniform_crossover', 0.95, 'ball_mutation', <mtrand.RandomState object at 0x00000233A2532EE8>, None, 0.95, 0.26980644038080565, 1.01, 0.0018690918588726013, 6649.114931150421],2.6215595298375467
<class 'problems.ANNOP.ANNOP'>,2420789948136,algorithms.adaptive_selection_GA,[79, 0.45322245322245325, 0.4979253112033195, 40, 'tournament_selection', 'uniform_crossover', 0.95, 'ball_mutation', <mtrand.RandomState object at 0x00000233A2532EE8>, None, 0.95, 0.2725045047846137, 1.01, -0.03576430952513079, 6918.744130898253],2.630625208701208
<class 'problems.ANNOP.ANNOP'>,2420789948136,algorithms.adaptive_selection_GA,[80, 0.45322245322245325, 0.4979253112033195, 40, 'tournament_selection', 'uniform_crossover', 0.95, 'ball_mutation', <mtrand.RandomState object at 0x00000233A2532EE8>, None, 0.95, 0.27522954983245984, 1.01, -0.0026881186697325365, 7044.9606054425],2.652362536326275
<class 'problems.ANNOP.ANNOP'>,2420789948136,algorithms.adaptive_selection_GA,[81, 0.4553014553014553, 0.48132780082987553, 40, 'tournament_selection', 'uniform_crossover', 0.95, 'ball_mutation', <mtrand.RandomState object at 0x00000233A2532EE8>, None, 0.95, 0.27798184533078446, 1.01, -0.008005849258730314, 6387.555069517171],2.6491458114745927
<class 'problems.ANNOP.ANNOP'>,2420789948136,algorithms.adaptive_selection_GA,[82, 0.4553014553014553, 0.48132780082987553, 40, 'tournament_selection', 'uniform_crossover', 0.95, 'ball_mutation', <mtrand.RandomState object at 0x00000233A2532EE8>, None, 0.95, 0.2807616637840923, 1.01, 0.04388120848574803, 6767.938804932062],2.6633111607971665
<class 'problems.ANNOP.ANNOP'>,2420789948136,algorithms.adaptive_selection_GA,[83, 0.45634095634095634, 0.48132780082987553, 40, 'tournament_selection', 'uniform_crossover', 0.95, 'ball_mutation', <mtrand.RandomState object at 0x00000233A2532EE8>, None, 0.95, 0.2835692804219332, 1.01, -0.03140944036984295, 7132.028073693014],2.6621557730309737
<class 'problems.ANNOP.ANNOP'>,2420789948136,algorithms.adaptive_selection_GA,[84, 0.4573804573804574, 0.47717842323651455, 40, 'tournament_selection', 'uniform_crossover', 0.95, 'ball_mutation', <mtrand.RandomState object at 0x00000233A2532EE8>, None, 0.95, 0.28640497322615255, 1.01, 0.03130181744886954, 7143.57226884817],2.675111695080981
<class 'problems.ANNOP.ANNOP'>,2420789948136,algorithms.adaptive_selection_GA,[85, 0.4625779625779626, 0.49377593360995853, 40, 'tournament_selection', 'uniform_crossover', 0.95, 'ball_mutation', <mtrand.RandomState object at 0x00000233A2532EE8>, None, 0.95, 0.28926902295841406, 1.01, 0.0010880514206564051, 7345.325113762582],2.6958837139882275
<class 'problems.ANNOP.ANNOP'>,2420789948136,algorithms.adaptive_selection_GA,[86, 0.4625779625779626, 0.49377593360995853, 40, 'tournament_selection', 'uniform_crossover', 0.95, 'ball_mutation', <mtrand.RandomState object at 0x00000233A2532EE8>, None, 0.95, 0.2921617131879982, 1.01, -0.03777943576137574, 7034.582147536365],2.7021429663224183
<class 'problems.ANNOP.ANNOP'>,2420789948136,algorithms.adaptive_selection_GA,[87, 0.47193347193347196, 0.48132780082987553, 40, 'tournament_selection', 'uniform_crossover', 0.95, 'ball_mutation', <mtrand.RandomState object at 0x00000233A2532EE8>, None, 0.95, 0.2950833303198782, 1.01, 0.007222566284269656, 7064.374343471409],2.717719361087185
<class 'problems.ANNOP.ANNOP'>,2420789948136,algorithms.adaptive_selection_GA,[88, 0.47193347193347196, 0.48132780082987553, 40, 'tournament_selection', 'uniform_crossover', 0.95, 'ball_mutation', <mtrand.RandomState object at 0x00000233A2532EE8>, None, 0.95, 0.298034163623077, 1.01, 0.004210041528283137, 6782.3147746774985],2.715509653549018
<class 'problems.ANNOP.ANNOP'>,2420789948136,algorithms.adaptive_selection_GA,[89, 0.47193347193347196, 0.48132780082987553, 40, 'tournament_selection', 'uniform_crossover', 0.95, 'ball_mutation', <mtrand.RandomState object at 0x00000233A2532EE8>, None, 0.95, 0.3, 1.01, 0.03461809454715694, 6932.441905895858],2.724394220354978
<class 'problems.ANNOP.ANNOP'>,2420789948136,algorithms.adaptive_selection_GA,[90, 0.47193347193347196, 0.48132780082987553, 40, 'tournament_selection', 'uniform_crossover', 0.95, 'ball_mutation', <mtrand.RandomState object at 0x00000233A2532EE8>, None, 0.95, 0.3, 1.01, -0.02241034439616369, 6887.877986949128],2.7316418110917944
<class 'problems.ANNOP.ANNOP'>,2420789948136,algorithms.adaptive_selection_GA,[91, 0.47505197505197505, 0.4896265560165975, 40, 'tournament_selection', 'uniform_crossover', 0.95, 'ball_mutation', <mtrand.RandomState object at 0x00000233A2532EE8>, None, 0.95, 0.3, 1.01, -0.0075691628095274285, 7044.601017904402],2.7439372763050507
<class 'problems.ANNOP.ANNOP'>,2420789948136,algorithms.adaptive_selection_GA,[92, 0.4812889812889813, 0.4854771784232365, 40, 'tournament_selection', 'uniform_crossover', 0.95, 'ball_mutation', <mtrand.RandomState object at 0x00000233A2532EE8>, None, 0.95, 0.3, 1.01, 0.010094504160851496, 7168.417242978889],2.7475837510166006
<class 'problems.ANNOP.ANNOP'>,2420789948136,algorithms.adaptive_selection_GA,[93, 0.48544698544698545, 0.4979253112033195, 40, 'tournament_selection', 'uniform_crossover', 0.95, 'ball_mutation', <mtrand.RandomState object at 0x00000233A2532EE8>, None, 0.95, 0.3, 1.01, -0.0056033771372008614, 7142.097438452293],2.7537706436826066
<class 'problems.ANNOP.ANNOP'>,2420789948136,algorithms.adaptive_selection_GA,[94, 0.48544698544698545, 0.4979253112033195, 40, 'tournament_selection', 'uniform_crossover', 0.95, 'ball_mutation', <mtrand.RandomState object at 0x00000233A2532EE8>, None, 0.95, 0.3, 1.01, -0.009689043753445474, 6784.613942766027],2.7773198136291186
<class 'problems.ANNOP.ANNOP'>,2420789948136,algorithms.adaptive_selection_GA,[95, 0.48544698544698545, 0.4979253112033195, 40, 'tournament_selection', 'uniform_crossover', 0.95, 'ball_mutation', <mtrand.RandomState object at 0x00000233A2532EE8>, None, 0.95, 0.3, 1.01, -0.006554215446205554, 6056.222918145337],2.795437755543602
<class 'problems.ANNOP.ANNOP'>,2420789948136,algorithms.adaptive_selection_GA,[96, 0.48544698544698545, 0.4979253112033195, 40, 'tournament_selection', 'uniform_crossover', 0.95, 'ball_mutation', <mtrand.RandomState object at 0x00000233A2532EE8>, None, 0.95, 0.3, 1.01, 0.00890262417594366, 5403.817690439775],2.811758313288697
<class 'problems.ANNOP.ANNOP'>,2420789948136,algorithms.adaptive_selection_GA,[97, 0.49272349272349275, 0.4979253112033195, 40, 'tournament_selection', 'uniform_crossover', 0.95, 'ball_mutation', <mtrand.RandomState object at 0x00000233A2532EE8>, None, 0.95, 0.3, 1.01, -0.01425348309505544, 5526.705852548264],2.816798330503792
<class 'problems.ANNOP.ANNOP'>,2420789948136,algorithms.adaptive_selection_GA,[98, 0.49272349272349275, 0.4979253112033195, 40, 'tournament_selection', 'uniform_crossover', 0.95, 'ball_mutation', <mtrand.RandomState object at 0x00000233A2532EE8>, None, 0.95, 0.3, 1.01, 0.025497902261891962, 5235.36264657786],2.8251102415408345
<class 'problems.ANNOP.ANNOP'>,2420789948136,algorithms.adaptive_selection_GA,[99, 0.49272349272349275, 0.4979253112033195, 40, 'tournament_selection', 'uniform_crossover', 0.95, 'ball_mutation', <mtrand.RandomState object at 0x00000233A2532EE8>, None, 0.95, 0.3, 1.01, 0.01736663700982831, 5970.866328593665],2.845255925773246
<class 'problems.ANNOP.ANNOP'>,2420789948136,algorithms.adaptive_selection_GA,[100, 0.49272349272349275, 0.4979253112033195, 40, 'tournament_selection', 'uniform_crossover', 0.95, 'ball_mutation', <mtrand.RandomState object at 0x00000233A2532EE8>, None, 0.95, 0.3, 1.01, -0.009488704597332642, 6275.207121898364],2.858984066875404
<class 'problems.ANNOP.ANNOP'>,2420789948136,algorithms.adaptive_selection_GA,[101, 0.49272349272349275, 0.4979253112033195, 40, 'tournament_selection', 'uniform_crossover', 0.95, 'ball_mutation', <mtrand.RandomState object at 0x00000233A2532EE8>, None, 0.95, 0.3, 1.01, -0.004349387109340609, 6343.941514380869],2.884428163526578
<class 'problems.ANNOP.ANNOP'>,2420789948136,algorithms.adaptive_selection_GA,[102, 0.49272349272349275, 0.4979253112033195, 40, 'tournament_selection', 'uniform_crossover', 0.95, 'ball_mutation', <mtrand.RandomState object at 0x00000233A2532EE8>, None, 0.95, 0.3, 1.01, -0.006888197824560356, 5792.578641200725],2.9011150171958318
<class 'problems.ANNOP.ANNOP'>,2420789948136,algorithms.adaptive_selection_GA,[103, 0.49272349272349275, 0.4979253112033195, 40, 'tournament_selection', 'uniform_crossover', 0.95, 'ball_mutation', <mtrand.RandomState object at 0x00000233A2532EE8>, None, 0.95, 0.3, 1.01, -0.011096190596570299, 5685.018483824833],2.9285397753405293
<class 'problems.ANNOP.ANNOP'>,2420789948136,algorithms.adaptive_selection_GA,[104, 0.49272349272349275, 0.4979253112033195, 40, 'tournament_selection', 'uniform_crossover', 0.95, 'ball_mutation', <mtrand.RandomState object at 0x00000233A2532EE8>, None, 0.95, 0.3, 1.01, -0.01165616971926127, 5482.601704414473],2.941927579868138
<class 'problems.ANNOP.ANNOP'>,2420789948136,algorithms.adaptive_selection_GA,[105, 0.49272349272349275, 0.4979253112033195, 40, 'tournament_selection', 'uniform_crossover', 0.95, 'ball_mutation', <mtrand.RandomState object at 0x00000233A2532EE8>, None, 0.95, 0.3, 1.01, 0.02314061197685443, 5968.754463173325],2.944550616157425
<class 'problems.ANNOP.ANNOP'>,2420789948136,algorithms.adaptive_selection_GA,[106, 0.49272349272349275, 0.4979253112033195, 40, 'tournament_selection', 'uniform_crossover', 0.95, 'ball_mutation', <mtrand.RandomState object at 0x00000233A2532EE8>, None, 0.95, 0.3, 1.01, -0.002754596490946469, 6235.132616263323],2.9773570739275823
<class 'problems.ANNOP.ANNOP'>,2420789948136,algorithms.adaptive_selection_GA,[107, 0.49272349272349275, 0.4979253112033195, 40, 'tournament_selection', 'uniform_crossover', 0.95, 'ball_mutation', <mtrand.RandomState object at 0x00000233A2532EE8>, None, 0.95, 0.3, 1.01, -0.0008765680904220252, 5928.215957311258],2.9791912041481057
<class 'problems.ANNOP.ANNOP'>,2420789948136,algorithms.adaptive_selection_GA,[108, 0.49272349272349275, 0.4979253112033195, 40, 'tournament_selection', 'uniform_crossover', 0.95, 'ball_mutation', <mtrand.RandomState object at 0x00000233A2532EE8>, None, 0.95, 0.3, 1.01, -0.002769500921782138, 5808.003576850889],2.981276047136258
<class 'problems.ANNOP.ANNOP'>,2420789948136,algorithms.adaptive_selection_GA,[109, 0.49272349272349275, 0.4979253112033195, 40, 'tournament_selection', 'uniform_crossover', 0.95, 'ball_mutation', <mtrand.RandomState object at 0x00000233A2532EE8>, None, 0.95, 0.3, 1.01, 0.009383388179389864, 5947.255038138173],2.9877537755540735
<class 'problems.ANNOP.ANNOP'>,2420789948136,algorithms.adaptive_selection_GA,[110, 0.49272349272349275, 0.4979253112033195, 40, 'tournament_selection', 'uniform_crossover', 0.95, 'ball_mutation', <mtrand.RandomState object at 0x00000233A2532EE8>, None, 0.95, 0.3, 1.01, -0.008951267746535506, 6101.850715413284],2.990975109381044
<class 'problems.ANNOP.ANNOP'>,2420789948136,algorithms.adaptive_selection_GA,[111, 0.49272349272349275, 0.4979253112033195, 40, 'tournament_selection', 'uniform_crossover', 0.95, 'ball_mutation', <mtrand.RandomState object at 0x00000233A2532EE8>, None, 0.95, 0.3, 1.01, 0.032576799233676186, 5960.031672694003],2.99198883999132
<class 'problems.ANNOP.ANNOP'>,2420789948136,algorithms.adaptive_selection_GA,[112, 0.49272349272349275, 0.4979253112033195, 40, 'tournament_selection', 'uniform_crossover', 0.95, 'ball_mutation', <mtrand.RandomState object at 0x00000233A2532EE8>, None, 0.95, 0.3, 1.01, -0.03464569475185861, 6213.833672716282],3.0092001957806183
<class 'problems.ANNOP.ANNOP'>,2420789948136,algorithms.adaptive_selection_GA,[113, 0.49272349272349275, 0.4979253112033195, 40, 'tournament_selection', 'uniform_crossover', 0.95, 'ball_mutation', <mtrand.RandomState object at 0x00000233A2532EE8>, None, 0.95, 0.3, 1.01, 0.03524284593625439, 6500.969798458804],3.0251944318472814
<class 'problems.ANNOP.ANNOP'>,2420789948136,algorithms.adaptive_selection_GA,[114, 0.49272349272349275, 0.4979253112033195, 40, 'tournament_selection', 'uniform_crossover', 0.95, 'ball_mutation', <mtrand.RandomState object at 0x00000233A2532EE8>, None, 0.95, 0.3, 1.01, -0.03224107434969581, 6652.718828705871],3.02405977124663
<class 'problems.ANNOP.ANNOP'>,2420789948136,algorithms.adaptive_selection_GA,[115, 0.49272349272349275, 0.5020746887966805, 40, 'tournament_selection', 'uniform_crossover', 0.95, 'ball_mutation', <mtrand.RandomState object at 0x00000233A2532EE8>, None, 0.95, 0.3, 1.01, 0.006243222621308379, 6317.8528205946],3.0342972188972506
<class 'problems.ANNOP.ANNOP'>,2420789948136,algorithms.adaptive_selection_GA,[116, 0.49272349272349275, 0.5020746887966805, 40, 'tournament_selection', 'uniform_crossover', 0.95, 'ball_mutation', <mtrand.RandomState object at 0x00000233A2532EE8>, None, 0.95, 0.3, 1.01, 0.05317909857404344, 6086.096403181891],3.045127016876785
<class 'problems.ANNOP.ANNOP'>,2420789948136,algorithms.adaptive_selection_GA,[117, 0.49272349272349275, 0.5020746887966805, 40, 'tournament_selection', 'uniform_crossover', 0.95, 'ball_mutation', <mtrand.RandomState object at 0x00000233A2532EE8>, None, 0.95, 0.3, 1.01, -0.02336253474040892, 6066.5387379767535],3.0717852439229527
<class 'problems.ANNOP.ANNOP'>,2420789948136,algorithms.adaptive_selection_GA,[118, 0.49272349272349275, 0.5020746887966805, 40, 'tournament_selection', 'uniform_crossover', 0.95, 'ball_mutation', <mtrand.RandomState object at 0x00000233A2532EE8>, None, 0.95, 0.3, 1.01, -0.027976034175065716, 6417.9079029223385],3.091606691331471
<class 'problems.ANNOP.ANNOP'>,2420789948136,algorithms.adaptive_selection_GA,[119, 0.49272349272349275, 0.5062240663900415, 40, 'tournament_selection', 'uniform_crossover', 0.95, 'ball_mutation', <mtrand.RandomState object at 0x00000233A2532EE8>, None, 0.95, 0.3, 1.01, 0.02494579890495783, 6866.267886632111],3.1034041137487844
<class 'problems.ANNOP.ANNOP'>,2420789948136,algorithms.adaptive_selection_GA,[120, 0.49272349272349275, 0.5062240663900415, 40, 'tournament_selection', 'uniform_crossover', 0.95, 'ball_mutation', <mtrand.RandomState object at 0x00000233A2532EE8>, None, 0.95, 0.3, 1.01, 0.001892492991097089, 7073.966855870327],3.1200532262276957
<class 'problems.ANNOP.ANNOP'>,2420789948136,algorithms.adaptive_selection_GA,[121, 0.49272349272349275, 0.5062240663900415, 40, 'tournament_selection', 'uniform_crossover', 0.95, 'ball_mutation', <mtrand.RandomState object at 0x00000233A2532EE8>, None, 0.95, 0.3, 1.01, 0.001541882297693975, 7137.669333260251],3.130226381831924
<class 'problems.ANNOP.ANNOP'>,2420789948136,algorithms.adaptive_selection_GA,[122, 0.49272349272349275, 0.5062240663900415, 40, 'tournament_selection', 'uniform_crossover', 0.95, 'ball_mutation', <mtrand.RandomState object at 0x00000233A2532EE8>, None, 0.95, 0.3, 1.01, 0.018175292906282614, 6964.157353596565],3.1429670817872974
<class 'problems.ANNOP.ANNOP'>,2420789948136,algorithms.adaptive_selection_GA,[123, 0.49272349272349275, 0.5062240663900415, 40, 'tournament_selection', 'uniform_crossover', 0.95, 'ball_mutation', <mtrand.RandomState object at 0x00000233A2532EE8>, None, 0.95, 0.3, 1.01, 0.021513640471778048, 7163.320989166861],3.154284533944488
<class 'problems.ANNOP.ANNOP'>,2420789948136,algorithms.adaptive_selection_GA,[124, 0.49272349272349275, 0.5228215767634855, 40, 'tournament_selection', 'uniform_crossover', 0.95, 'ball_mutation', <mtrand.RandomState object at 0x00000233A2532EE8>, None, 0.95, 0.3, 1.01, -0.044066579151048405, 7116.252411019985],3.169633646136021
matplotlib.font_manager,findfont: Matching :family=sans-serif:style=normal:variant=normal:weight=normal:stretch=normal:size=10.0 to DejaVu Sans ('C:\\Users\\jojo\\PycharmProjects\\OfficialBaseline\\venv\\lib\\site-packages\\matplotlib\\mpl-data\\fonts\\ttf\\DejaVuSans.ttf') with score of 0.050000.
matplotlib.axes._base,update_title_pos
matplotlib.font_manager,findfont: Matching :family=sans-serif:style=normal:variant=normal:weight=normal:stretch=normal:size=12.0 to DejaVu Sans ('C:\\Users\\jojo\\PycharmProjects\\OfficialBaseline\\venv\\lib\\site-packages\\matplotlib\\mpl-data\\fonts\\ttf\\DejaVuSans.ttf') with score of 0.050000.
matplotlib.axes._base,update_title_pos
matplotlib.axes._base,update_title_pos
matplotlib.axes._base,update_title_pos
matplotlib.font_manager,findfont: Matching :family=sans-serif:style=normal:variant=normal:weight=normal:stretch=normal:size=8.33 to DejaVu Sans ('C:\\Users\\jojo\\PycharmProjects\\OfficialBaseline\\venv\\lib\\site-packages\\matplotlib\\mpl-data\\fonts\\ttf\\DejaVuSans.ttf') with score of 0.050000.
matplotlib.axes._base,update_title_pos
matplotlib.axes._base,update_title_pos
matplotlib.axes._base,update_title_pos
matplotlib.axes._base,update_title_pos
matplotlib.axes._base,update_title_pos
matplotlib.axes._base,update_title_pos
matplotlib.axes._base,update_title_pos
matplotlib.axes._base,update_title_pos
matplotlib.axes._base,update_title_pos
matplotlib.axes._base,update_title_pos
matplotlib.axes._base,update_title_pos
matplotlib.axes._base,update_title_pos
matplotlib.axes._base,update_title_pos
matplotlib.axes._base,update_title_pos
matplotlib.axes._base,update_title_pos
matplotlib.axes._base,update_title_pos
