<class 'problems.ANNOP.ANNOP'>,2497365070760,algorithms.genetic_algorithm,0,0.19334719334719336,0.15767634854771784,40,tournament_selection,two_point_crossover,0.95,random_percentage_ball_mutation,None,None,0.95,-0.012580690080287716
<class 'problems.ANNOP.ANNOP'>,2497365070760,algorithms.genetic_algorithm,1,0.19334719334719336,0.15767634854771784,40,tournament_selection,two_point_crossover,0.95,random_percentage_ball_mutation,None,None,0.95,-0.01936454984674406
<class 'problems.ANNOP.ANNOP'>,2497365070760,algorithms.genetic_algorithm,2,0.19750519750519752,0.15352697095435686,40,tournament_selection,two_point_crossover,0.95,random_percentage_ball_mutation,None,None,0.95,0.0007043445564855217
<class 'problems.ANNOP.ANNOP'>,2497365070760,algorithms.genetic_algorithm,3,0.2079002079002079,0.17842323651452283,40,tournament_selection,two_point_crossover,0.95,random_percentage_ball_mutation,None,None,0.95,0.003680045377291023
<class 'problems.ANNOP.ANNOP'>,2497365070760,algorithms.genetic_algorithm,4,0.23180873180873182,0.1991701244813278,40,tournament_selection,two_point_crossover,0.95,random_percentage_ball_mutation,None,None,0.95,0.0018141733331839896
<class 'problems.ANNOP.ANNOP'>,2497365070760,algorithms.genetic_algorithm,5,0.27442827442827444,0.2572614107883817,40,tournament_selection,two_point_crossover,0.95,random_percentage_ball_mutation,None,None,0.95,0.013342333657231177
