<class 'problems.ANNOP.ANNOP'>,2912011232240,algorithms.GA_with_plotting_fitshare,[0, 0.18607068607068608, 0.2157676348547718, 40, 'tournament_selection', 'uniform_crossover', 0.95, 'ball_mutation', <mtrand.RandomState object at 0x000002A6016523F0>, None, 0.95, 0.0015039669602292458, 32807.7981826224],1.1570168368340088
<class 'problems.ANNOP.ANNOP'>,2912011232240,algorithms.GA_with_plotting_fitshare,[1, 0.21621621621621623, 0.22406639004149378, 40, 'tournament_selection', 'uniform_crossover', 0.95, 'ball_mutation', <mtrand.RandomState object at 0x000002A6016523F0>, None, 0.95, 0.008501281616519873, 28182.964705981936],1.1849733875194568
<class 'problems.ANNOP.ANNOP'>,2912011232240,algorithms.GA_with_plotting_fitshare,[2, 0.2338877338877339, 0.26141078838174275, 40, 'tournament_selection', 'uniform_crossover', 0.95, 'ball_mutation', <mtrand.RandomState object at 0x000002A6016523F0>, None, 0.95, 0.0035973181113006306, 18817.03914465042],1.2220520357971816
<class 'problems.ANNOP.ANNOP'>,2912011232240,algorithms.GA_with_plotting_fitshare,[3, 0.2338877338877339, 0.26141078838174275, 40, 'tournament_selection', 'uniform_crossover', 0.95, 'ball_mutation', <mtrand.RandomState object at 0x000002A6016523F0>, None, 0.95, -0.0022177277475252874, 9697.741738173889],1.2564932745945638
<class 'problems.ANNOP.ANNOP'>,2912011232240,algorithms.GA_with_plotting_fitshare,[4, 0.24324324324324326, 0.22821576763485477, 40, 'tournament_selection', 'uniform_crossover', 0.95, 'ball_mutation', <mtrand.RandomState object at 0x000002A6016523F0>, None, 0.95, -0.0021087294003106632, 9006.632069741932],1.286359384380642
<class 'problems.ANNOP.ANNOP'>,2912011232240,algorithms.GA_with_plotting_fitshare,[5, 0.2661122661122661, 0.29045643153526973, 40, 'tournament_selection', 'uniform_crossover', 0.95, 'ball_mutation', <mtrand.RandomState object at 0x000002A6016523F0>, None, 0.95, 0.009823163361169798, 9422.224484673254],1.3099520254389525
<class 'problems.ANNOP.ANNOP'>,2912011232240,algorithms.GA_with_plotting_fitshare,[6, 0.28586278586278585, 0.26141078838174275, 40, 'tournament_selection', 'uniform_crossover', 0.95, 'ball_mutation', <mtrand.RandomState object at 0x000002A6016523F0>, None, 0.95, 0.0018094908789314107, 9803.023330261085],1.3341934087185028
<class 'problems.ANNOP.ANNOP'>,2912011232240,algorithms.GA_with_plotting_fitshare,[7, 0.3128898128898129, 0.31950207468879666, 40, 'tournament_selection', 'uniform_crossover', 0.95, 'ball_mutation', <mtrand.RandomState object at 0x000002A6016523F0>, None, 0.95, -0.006013812794754929, 8994.31936132309],1.3763184543639315
<class 'problems.ANNOP.ANNOP'>,2912011232240,algorithms.GA_with_plotting_fitshare,[8, 0.3232848232848233, 0.3360995850622407, 40, 'tournament_selection', 'uniform_crossover', 0.95, 'ball_mutation', <mtrand.RandomState object at 0x000002A6016523F0>, None, 0.95, -0.002792931122969272, 9289.682911337184],1.4102152789676468
<class 'problems.ANNOP.ANNOP'>,2912011232240,algorithms.GA_with_plotting_fitshare,[9, 0.3316008316008316, 0.3029045643153527, 40, 'tournament_selection', 'uniform_crossover', 0.95, 'ball_mutation', <mtrand.RandomState object at 0x000002A6016523F0>, None, 0.95, 0.01597692507203595, 9395.364162947924],1.4323852383867104
<class 'problems.ANNOP.ANNOP'>,2912011232240,algorithms.GA_with_plotting_fitshare,[10, 0.3367983367983368, 0.35269709543568467, 40, 'tournament_selection', 'uniform_crossover', 0.95, 'ball_mutation', <mtrand.RandomState object at 0x000002A6016523F0>, None, 0.95, -0.006873550113182789, 8971.468986606269],1.4494594806946117
<class 'problems.ANNOP.ANNOP'>,2912011232240,algorithms.GA_with_plotting_fitshare,[11, 0.3523908523908524, 0.36929460580912865, 40, 'tournament_selection', 'uniform_crossover', 0.95, 'ball_mutation', <mtrand.RandomState object at 0x000002A6016523F0>, None, 0.95, 0.0005653097366167467, 8314.512076361429],1.4540104620469725
<class 'problems.ANNOP.ANNOP'>,2912011232240,algorithms.GA_with_plotting_fitshare,[12, 0.3523908523908524, 0.36929460580912865, 40, 'tournament_selection', 'uniform_crossover', 0.95, 'ball_mutation', <mtrand.RandomState object at 0x000002A6016523F0>, None, 0.95, 0.0021990068010671396, 8995.644674477557],1.4800354351574505
<class 'problems.ANNOP.ANNOP'>,2912011232240,algorithms.GA_with_plotting_fitshare,[13, 0.3523908523908524, 0.36929460580912865, 40, 'tournament_selection', 'uniform_crossover', 0.95, 'ball_mutation', <mtrand.RandomState object at 0x000002A6016523F0>, None, 0.95, -0.009549053064143227, 9788.860766862415],1.5104317327975583
<class 'problems.ANNOP.ANNOP'>,2912011232240,algorithms.GA_with_plotting_fitshare,[14, 0.3523908523908524, 0.36929460580912865, 40, 'tournament_selection', 'uniform_crossover', 0.95, 'ball_mutation', <mtrand.RandomState object at 0x000002A6016523F0>, None, 0.95, 0.004863095207615992, 10155.96027899241],1.5152355864007347
<class 'problems.ANNOP.ANNOP'>,2912011232240,algorithms.GA_with_plotting_fitshare,[15, 0.3523908523908524, 0.36929460580912865, 40, 'tournament_selection', 'uniform_crossover', 0.95, 'ball_mutation', <mtrand.RandomState object at 0x000002A6016523F0>, None, 0.95, 0.0026069218455848364, 8478.446894767605],1.5074376194104768
<class 'problems.ANNOP.ANNOP'>,2912011232240,algorithms.GA_with_plotting_fitshare,[16, 0.3523908523908524, 0.36929460580912865, 40, 'tournament_selection', 'uniform_crossover', 0.95, 'ball_mutation', <mtrand.RandomState object at 0x000002A6016523F0>, None, 0.95, 0.002549734016188396, 7777.25918687038],1.5175676799409015
<class 'problems.ANNOP.ANNOP'>,2912011232240,algorithms.GA_with_plotting_fitshare,[17, 0.3523908523908524, 0.36929460580912865, 40, 'tournament_selection', 'uniform_crossover', 0.95, 'ball_mutation', <mtrand.RandomState object at 0x000002A6016523F0>, None, 0.95, -0.009039453900455796, 8164.603235176156],1.525478675030419
<class 'problems.ANNOP.ANNOP'>,2912011232240,algorithms.GA_with_plotting_fitshare,[18, 0.3523908523908524, 0.36929460580912865, 40, 'tournament_selection', 'uniform_crossover', 0.95, 'ball_mutation', <mtrand.RandomState object at 0x000002A6016523F0>, None, 0.95, 0.01067405292513779, 8509.64185521583],1.522290805137129
<class 'problems.ANNOP.ANNOP'>,2912011232240,algorithms.GA_with_plotting_fitshare,[19, 0.3523908523908524, 0.36929460580912865, 40, 'tournament_selection', 'uniform_crossover', 0.95, 'ball_mutation', <mtrand.RandomState object at 0x000002A6016523F0>, None, 0.95, -0.006299272146358836, 8124.981124157165],1.5239159904080548
<class 'problems.ANNOP.ANNOP'>,2912011232240,algorithms.GA_with_plotting_fitshare,[20, 0.3523908523908524, 0.36929460580912865, 40, 'tournament_selection', 'uniform_crossover', 0.95, 'ball_mutation', <mtrand.RandomState object at 0x000002A6016523F0>, None, 0.95, 0.003151841830122154, 7638.304364402953],1.5251774199188377
<class 'problems.ANNOP.ANNOP'>,2912011232240,algorithms.GA_with_plotting_fitshare,[21, 0.3523908523908524, 0.36929460580912865, 40, 'tournament_selection', 'uniform_crossover', 0.95, 'ball_mutation', <mtrand.RandomState object at 0x000002A6016523F0>, None, 0.95, -0.0009531307978116119, 8090.882442818339],1.534816035363487
<class 'problems.ANNOP.ANNOP'>,2912011232240,algorithms.GA_with_plotting_fitshare,[22, 0.3523908523908524, 0.36929460580912865, 40, 'tournament_selection', 'uniform_crossover', 0.95, 'ball_mutation', <mtrand.RandomState object at 0x000002A6016523F0>, None, 0.95, -0.005228907044445008, 8357.685097581889],1.554717909370922
<class 'problems.ANNOP.ANNOP'>,2912011232240,algorithms.GA_with_plotting_fitshare,[23, 0.3523908523908524, 0.36929460580912865, 40, 'tournament_selection', 'uniform_crossover', 0.95, 'ball_mutation', <mtrand.RandomState object at 0x000002A6016523F0>, None, 0.95, -0.0018608508302033339, 8818.59196670433],1.5681017584032726
<class 'problems.ANNOP.ANNOP'>,2912011232240,algorithms.GA_with_plotting_fitshare,[24, 0.3523908523908524, 0.35684647302904565, 40, 'tournament_selection', 'uniform_crossover', 0.95, 'ball_mutation', <mtrand.RandomState object at 0x000002A6016523F0>, None, 0.95, 0.005278897380150367, 9561.673565479392],1.59524105581463
<class 'problems.ANNOP.ANNOP'>,2912011232240,algorithms.GA_with_plotting_fitshare,[25, 0.3523908523908524, 0.35684647302904565, 40, 'tournament_selection', 'uniform_crossover', 0.95, 'ball_mutation', <mtrand.RandomState object at 0x000002A6016523F0>, None, 0.95, 0.0011221508315158515, 10032.294749793416],1.6110612811310927
<class 'problems.ANNOP.ANNOP'>,2912011232240,algorithms.GA_with_plotting_fitshare,[26, 0.3523908523908524, 0.35684647302904565, 40, 'tournament_selection', 'uniform_crossover', 0.95, 'ball_mutation', <mtrand.RandomState object at 0x000002A6016523F0>, None, 0.95, 0.006361204396269159, 10248.416171061246],1.6387927699764493
<class 'problems.ANNOP.ANNOP'>,2912011232240,algorithms.GA_with_plotting_fitshare,[27, 0.3523908523908524, 0.35684647302904565, 40, 'tournament_selection', 'uniform_crossover', 0.95, 'ball_mutation', <mtrand.RandomState object at 0x000002A6016523F0>, None, 0.95, -0.003605462073177343, 8793.541575310002],1.6399461193352889
<class 'problems.ANNOP.ANNOP'>,2912011232240,algorithms.GA_with_plotting_fitshare,[28, 0.3523908523908524, 0.35684647302904565, 40, 'tournament_selection', 'uniform_crossover', 0.95, 'ball_mutation', <mtrand.RandomState object at 0x000002A6016523F0>, None, 0.95, 0.02110963621444531, 10069.720369689487],1.6822599477088338
<class 'problems.ANNOP.ANNOP'>,2912011232240,algorithms.GA_with_plotting_fitshare,[29, 0.3523908523908524, 0.35684647302904565, 40, 'tournament_selection', 'uniform_crossover', 0.95, 'ball_mutation', <mtrand.RandomState object at 0x000002A6016523F0>, None, 0.95, -0.01934014582415315, 10174.523390780265],1.709686626773959
<class 'problems.ANNOP.ANNOP'>,2912011232240,algorithms.GA_with_plotting_fitshare,[30, 0.3523908523908524, 0.35684647302904565, 40, 'tournament_selection', 'uniform_crossover', 0.95, 'ball_mutation', <mtrand.RandomState object at 0x000002A6016523F0>, None, 0.95, 0.009063114635202749, 10664.544914307642],1.7305339123738572
<class 'problems.ANNOP.ANNOP'>,2912011232240,algorithms.GA_with_plotting_fitshare,[31, 0.3523908523908524, 0.35684647302904565, 40, 'tournament_selection', 'uniform_crossover', 0.95, 'ball_mutation', <mtrand.RandomState object at 0x000002A6016523F0>, None, 0.95, 0.0010235972348008257, 10691.388466361206],1.7228122749311374
<class 'problems.ANNOP.ANNOP'>,2912011232240,algorithms.GA_with_plotting_fitshare,[32, 0.3523908523908524, 0.35684647302904565, 40, 'tournament_selection', 'uniform_crossover', 0.95, 'ball_mutation', <mtrand.RandomState object at 0x000002A6016523F0>, None, 0.95, 0.0008775888560775338, 10332.492033082253],1.7147064240014898
<class 'problems.ANNOP.ANNOP'>,2912011232240,algorithms.GA_with_plotting_fitshare,[33, 0.3523908523908524, 0.35684647302904565, 40, 'tournament_selection', 'uniform_crossover', 0.95, 'ball_mutation', <mtrand.RandomState object at 0x000002A6016523F0>, None, 0.95, 0.0033523199257508435, 7598.839377794847],1.671203134801703
<class 'problems.ANNOP.ANNOP'>,2912011232240,algorithms.GA_with_plotting_fitshare,[34, 0.3523908523908524, 0.35684647302904565, 40, 'tournament_selection', 'uniform_crossover', 0.95, 'ball_mutation', <mtrand.RandomState object at 0x000002A6016523F0>, None, 0.95, 0.006132044645920626, 6451.750819204722],1.6606097312105679
<class 'problems.ANNOP.ANNOP'>,2912011232240,algorithms.GA_with_plotting_fitshare,[35, 0.3523908523908524, 0.35684647302904565, 40, 'tournament_selection', 'uniform_crossover', 0.95, 'ball_mutation', <mtrand.RandomState object at 0x000002A6016523F0>, None, 0.95, -0.015004559460070073, 6489.5118671705395],1.6657020662764657
<class 'problems.ANNOP.ANNOP'>,2912011232240,algorithms.GA_with_plotting_fitshare,[36, 0.3523908523908524, 0.35684647302904565, 40, 'tournament_selection', 'uniform_crossover', 0.95, 'ball_mutation', <mtrand.RandomState object at 0x000002A6016523F0>, None, 0.95, -0.004284052613340937, 7955.828744285686],1.6835891363052007
<class 'problems.ANNOP.ANNOP'>,2912011232240,algorithms.GA_with_plotting_fitshare,[37, 0.3523908523908524, 0.35684647302904565, 40, 'tournament_selection', 'uniform_crossover', 0.95, 'ball_mutation', <mtrand.RandomState object at 0x000002A6016523F0>, None, 0.95, 0.009718851193883056, 8074.206245621099],1.6847880106785649
<class 'problems.ANNOP.ANNOP'>,2912011232240,algorithms.GA_with_plotting_fitshare,[38, 0.35550935550935553, 0.36929460580912865, 40, 'tournament_selection', 'uniform_crossover', 0.95, 'ball_mutation', <mtrand.RandomState object at 0x000002A6016523F0>, None, 0.95, -0.008007711736944853, 7513.899937525921],1.6717662185032374
<class 'problems.ANNOP.ANNOP'>,2912011232240,algorithms.GA_with_plotting_fitshare,[39, 0.35550935550935553, 0.36929460580912865, 40, 'tournament_selection', 'uniform_crossover', 0.95, 'ball_mutation', <mtrand.RandomState object at 0x000002A6016523F0>, None, 0.95, 0.0019522246699176724, 8131.062675975883],1.6886249340320998
<class 'problems.ANNOP.ANNOP'>,2912011232240,algorithms.GA_with_plotting_fitshare,[40, 0.35550935550935553, 0.36929460580912865, 40, 'tournament_selection', 'uniform_crossover', 0.95, 'ball_mutation', <mtrand.RandomState object at 0x000002A6016523F0>, None, 0.95, 0.004984714215769105, 8012.729922092553],1.6900264648546803
<class 'problems.ANNOP.ANNOP'>,2912011232240,algorithms.GA_with_plotting_fitshare,[41, 0.35550935550935553, 0.36929460580912865, 40, 'tournament_selection', 'uniform_crossover', 0.95, 'ball_mutation', <mtrand.RandomState object at 0x000002A6016523F0>, None, 0.95, -0.004349486107083245, 7972.948424423007],1.6971541500565415
<class 'problems.ANNOP.ANNOP'>,2912011232240,algorithms.GA_with_plotting_fitshare,[42, 0.35550935550935553, 0.36929460580912865, 40, 'tournament_selection', 'uniform_crossover', 0.95, 'ball_mutation', <mtrand.RandomState object at 0x000002A6016523F0>, None, 0.95, -0.01069709722120623, 6695.990421370992],1.6797185735122362
<class 'problems.ANNOP.ANNOP'>,2912011232240,algorithms.GA_with_plotting_fitshare,[43, 0.3887733887733888, 0.3983402489626556, 40, 'tournament_selection', 'uniform_crossover', 0.95, 'ball_mutation', <mtrand.RandomState object at 0x000002A6016523F0>, None, 0.95, 0.012985580151544399, 6015.186802950191],1.6842260753279046
<class 'problems.ANNOP.ANNOP'>,2912011232240,algorithms.GA_with_plotting_fitshare,[44, 0.3887733887733888, 0.3983402489626556, 40, 'tournament_selection', 'uniform_crossover', 0.95, 'ball_mutation', <mtrand.RandomState object at 0x000002A6016523F0>, None, 0.95, -0.01109967541420067, 5940.396865217159],1.6814465392026512
<class 'problems.ANNOP.ANNOP'>,2912011232240,algorithms.GA_with_plotting_fitshare,[45, 0.3887733887733888, 0.3983402489626556, 40, 'tournament_selection', 'uniform_crossover', 0.95, 'ball_mutation', <mtrand.RandomState object at 0x000002A6016523F0>, None, 0.95, 0.006489645157912408, 6702.8554099801],1.6954180777203223
<class 'problems.ANNOP.ANNOP'>,2912011232240,algorithms.GA_with_plotting_fitshare,[46, 0.3887733887733888, 0.3983402489626556, 40, 'tournament_selection', 'uniform_crossover', 0.95, 'ball_mutation', <mtrand.RandomState object at 0x000002A6016523F0>, None, 0.95, -0.018472097787360572, 7783.432720536774],1.7092691824980941
<class 'problems.ANNOP.ANNOP'>,2912011232240,algorithms.GA_with_plotting_fitshare,[47, 0.3887733887733888, 0.3983402489626556, 40, 'tournament_selection', 'uniform_crossover', 0.95, 'ball_mutation', <mtrand.RandomState object at 0x000002A6016523F0>, None, 0.95, 0.008484061215907918, 8380.312575845512],1.724538054407552
<class 'problems.ANNOP.ANNOP'>,2912011232240,algorithms.GA_with_plotting_fitshare,[48, 0.3887733887733888, 0.3983402489626556, 40, 'tournament_selection', 'uniform_crossover', 0.95, 'ball_mutation', <mtrand.RandomState object at 0x000002A6016523F0>, None, 0.95, 0.023550682461150073, 8089.679201515122],1.7264641668960143
<class 'problems.ANNOP.ANNOP'>,2912011232240,algorithms.GA_with_plotting_fitshare,[49, 0.3887733887733888, 0.3983402489626556, 40, 'tournament_selection', 'uniform_crossover', 0.95, 'ball_mutation', <mtrand.RandomState object at 0x000002A6016523F0>, None, 0.95, -0.01850834927267181, 8762.102245569213],1.751628215081274
<class 'problems.ANNOP.ANNOP'>,2912011232240,algorithms.GA_with_plotting_fitshare,[50, 0.3887733887733888, 0.3983402489626556, 40, 'tournament_selection', 'uniform_crossover', 0.95, 'ball_mutation', <mtrand.RandomState object at 0x000002A6016523F0>, None, 0.95, -0.0030883900622006924, 7940.905228194034],1.7380940393089475
<class 'problems.ANNOP.ANNOP'>,2912011232240,algorithms.GA_with_plotting_fitshare,[51, 0.3887733887733888, 0.3983402489626556, 40, 'tournament_selection', 'uniform_crossover', 0.95, 'ball_mutation', <mtrand.RandomState object at 0x000002A6016523F0>, None, 0.95, 0.0032058877762970867, 8774.880228326618],1.7535808891786755
<class 'problems.ANNOP.ANNOP'>,2912011232240,algorithms.GA_with_plotting_fitshare,[52, 0.3887733887733888, 0.3983402489626556, 40, 'tournament_selection', 'uniform_crossover', 0.95, 'ball_mutation', <mtrand.RandomState object at 0x000002A6016523F0>, None, 0.95, 0.0008864014582579197, 9007.900306419784],1.7584349451739205
<class 'problems.ANNOP.ANNOP'>,2912011232240,algorithms.GA_with_plotting_fitshare,[53, 0.3887733887733888, 0.3983402489626556, 40, 'tournament_selection', 'uniform_crossover', 0.95, 'ball_mutation', <mtrand.RandomState object at 0x000002A6016523F0>, None, 0.95, -0.00036680431174785505, 7794.8697822931545],1.7280077468443553
<class 'problems.ANNOP.ANNOP'>,2912011232240,algorithms.GA_with_plotting_fitshare,[54, 0.3887733887733888, 0.3983402489626556, 40, 'tournament_selection', 'uniform_crossover', 0.95, 'ball_mutation', <mtrand.RandomState object at 0x000002A6016523F0>, None, 0.95, -0.0017659282973115226, 7404.74316694305],1.732018303180961
<class 'problems.ANNOP.ANNOP'>,2912011232240,algorithms.GA_with_plotting_fitshare,[55, 0.3887733887733888, 0.3983402489626556, 40, 'tournament_selection', 'uniform_crossover', 0.95, 'ball_mutation', <mtrand.RandomState object at 0x000002A6016523F0>, None, 0.95, -0.0009308665924004783, 7801.868887219184],1.743962489417414
<class 'problems.ANNOP.ANNOP'>,2912011232240,algorithms.GA_with_plotting_fitshare,[56, 0.3887733887733888, 0.3983402489626556, 40, 'tournament_selection', 'uniform_crossover', 0.95, 'ball_mutation', <mtrand.RandomState object at 0x000002A6016523F0>, None, 0.95, 0.002386484434847104, 7535.269338775628],1.733387785995337
<class 'problems.ANNOP.ANNOP'>,2912011232240,algorithms.GA_with_plotting_fitshare,[57, 0.3887733887733888, 0.3983402489626556, 40, 'tournament_selection', 'uniform_crossover', 0.95, 'ball_mutation', <mtrand.RandomState object at 0x000002A6016523F0>, None, 0.95, 0.0030546592779964535, 7934.297376893113],1.7493839109120695
<class 'problems.ANNOP.ANNOP'>,2912011232240,algorithms.GA_with_plotting_fitshare,[58, 0.3887733887733888, 0.3983402489626556, 40, 'tournament_selection', 'uniform_crossover', 0.95, 'ball_mutation', <mtrand.RandomState object at 0x000002A6016523F0>, None, 0.95, 0.00019084915423601967, 7902.893124142039],1.750812229987988
<class 'problems.ANNOP.ANNOP'>,2912011232240,algorithms.GA_with_plotting_fitshare,[59, 0.3887733887733888, 0.3983402489626556, 40, 'tournament_selection', 'uniform_crossover', 0.95, 'ball_mutation', <mtrand.RandomState object at 0x000002A6016523F0>, None, 0.95, -0.0053843683667244915, 7999.820903660765],1.7408185938747482
<class 'problems.ANNOP.ANNOP'>,2912011232240,algorithms.GA_with_plotting_fitshare,[60, 0.3887733887733888, 0.3983402489626556, 40, 'tournament_selection', 'uniform_crossover', 0.95, 'ball_mutation', <mtrand.RandomState object at 0x000002A6016523F0>, None, 0.95, 0.009395306905453912, 7460.96324142831],1.7248869455356106
<class 'problems.ANNOP.ANNOP'>,2912011232240,algorithms.GA_with_plotting_fitshare,[61, 0.3887733887733888, 0.3983402489626556, 40, 'tournament_selection', 'uniform_crossover', 0.95, 'ball_mutation', <mtrand.RandomState object at 0x000002A6016523F0>, None, 0.95, -0.0010408867636713115, 7253.289735404224],1.7301944583332365
<class 'problems.ANNOP.ANNOP'>,2912011232240,algorithms.GA_with_plotting_fitshare,[62, 0.3887733887733888, 0.3983402489626556, 40, 'tournament_selection', 'uniform_crossover', 0.95, 'ball_mutation', <mtrand.RandomState object at 0x000002A6016523F0>, None, 0.95, -0.008000670853711533, 7066.422287026953],1.734655603176217
<class 'problems.ANNOP.ANNOP'>,2912011232240,algorithms.GA_with_plotting_fitshare,[63, 0.3887733887733888, 0.3983402489626556, 40, 'tournament_selection', 'uniform_crossover', 0.95, 'ball_mutation', <mtrand.RandomState object at 0x000002A6016523F0>, None, 0.95, 0.011211488420357893, 6826.580249626226],1.7362391896102902
<class 'problems.ANNOP.ANNOP'>,2912011232240,algorithms.GA_with_plotting_fitshare,[64, 0.3887733887733888, 0.3983402489626556, 40, 'tournament_selection', 'uniform_crossover', 0.95, 'ball_mutation', <mtrand.RandomState object at 0x000002A6016523F0>, None, 0.95, 0.0006690854931215434, 7659.149879873522],1.7543606003546999
<class 'problems.ANNOP.ANNOP'>,2912011232240,algorithms.GA_with_plotting_fitshare,[65, 0.3887733887733888, 0.3983402489626556, 40, 'tournament_selection', 'uniform_crossover', 0.95, 'ball_mutation', <mtrand.RandomState object at 0x000002A6016523F0>, None, 0.95, -0.0158643073619456, 7284.695884694779],1.7498636877346823
<class 'problems.ANNOP.ANNOP'>,2912011232240,algorithms.GA_with_plotting_fitshare,[66, 0.3887733887733888, 0.3983402489626556, 40, 'tournament_selection', 'uniform_crossover', 0.95, 'ball_mutation', <mtrand.RandomState object at 0x000002A6016523F0>, None, 0.95, 0.005890967132026574, 7719.3177532924965],1.740010944123415
<class 'problems.ANNOP.ANNOP'>,2912011232240,algorithms.GA_with_plotting_fitshare,[67, 0.3887733887733888, 0.3983402489626556, 40, 'tournament_selection', 'uniform_crossover', 0.95, 'ball_mutation', <mtrand.RandomState object at 0x000002A6016523F0>, None, 0.95, 0.006004905166135624, 8276.883292127513],1.7433573187802176
<class 'problems.ANNOP.ANNOP'>,2912011232240,algorithms.GA_with_plotting_fitshare,[68, 0.3887733887733888, 0.3983402489626556, 40, 'tournament_selection', 'uniform_crossover', 0.95, 'ball_mutation', <mtrand.RandomState object at 0x000002A6016523F0>, None, 0.95, -0.009651908824228034, 8420.310132027196],1.7511557175267947
<class 'problems.ANNOP.ANNOP'>,2912011232240,algorithms.GA_with_plotting_fitshare,[69, 0.3887733887733888, 0.3983402489626556, 40, 'tournament_selection', 'uniform_crossover', 0.95, 'ball_mutation', <mtrand.RandomState object at 0x000002A6016523F0>, None, 0.95, -0.0022703156918088205, 7977.920840748235],1.7392804014508692
<class 'problems.ANNOP.ANNOP'>,2912011232240,algorithms.GA_with_plotting_fitshare,[70, 0.3887733887733888, 0.3983402489626556, 40, 'tournament_selection', 'uniform_crossover', 0.95, 'ball_mutation', <mtrand.RandomState object at 0x000002A6016523F0>, None, 0.95, 0.004221928428147573, 7868.328382936485],1.7286006753588066
<class 'problems.ANNOP.ANNOP'>,2912011232240,algorithms.GA_with_plotting_fitshare,[71, 0.3887733887733888, 0.3983402489626556, 40, 'tournament_selection', 'uniform_crossover', 0.95, 'ball_mutation', <mtrand.RandomState object at 0x000002A6016523F0>, None, 0.95, 0.004163166372815642, 7638.39100158356],1.7218326696767972
<class 'problems.ANNOP.ANNOP'>,2912011232240,algorithms.GA_with_plotting_fitshare,[72, 0.3887733887733888, 0.3983402489626556, 40, 'tournament_selection', 'uniform_crossover', 0.95, 'ball_mutation', <mtrand.RandomState object at 0x000002A6016523F0>, None, 0.95, 0.0006520263625844555, 7653.663106426446],1.7234411664679006
<class 'problems.ANNOP.ANNOP'>,2912011232240,algorithms.GA_with_plotting_fitshare,[73, 0.3887733887733888, 0.3983402489626556, 40, 'tournament_selection', 'uniform_crossover', 0.95, 'ball_mutation', <mtrand.RandomState object at 0x000002A6016523F0>, None, 0.95, -0.005384596975694898, 7734.418837935587],1.7361474220674762
<class 'problems.ANNOP.ANNOP'>,2912011232240,algorithms.GA_with_plotting_fitshare,[74, 0.3887733887733888, 0.3983402489626556, 40, 'tournament_selection', 'uniform_crossover', 0.95, 'ball_mutation', <mtrand.RandomState object at 0x000002A6016523F0>, None, 0.95, 0.003180375876231413, 7414.153330825685],1.7311739999223499
<class 'problems.ANNOP.ANNOP'>,2912011232240,algorithms.GA_with_plotting_fitshare,[75, 0.3887733887733888, 0.3983402489626556, 40, 'tournament_selection', 'uniform_crossover', 0.95, 'ball_mutation', <mtrand.RandomState object at 0x000002A6016523F0>, None, 0.95, -0.0016267951420472354, 7395.72700385885],1.7287467254300297
<class 'problems.ANNOP.ANNOP'>,2912011232240,algorithms.GA_with_plotting_fitshare,[76, 0.3887733887733888, 0.3983402489626556, 40, 'tournament_selection', 'uniform_crossover', 0.95, 'ball_mutation', <mtrand.RandomState object at 0x000002A6016523F0>, None, 0.95, 0.009951525086605496, 7782.800386414111],1.7360107056939855
<class 'problems.ANNOP.ANNOP'>,2912011232240,algorithms.GA_with_plotting_fitshare,[77, 0.3887733887733888, 0.3983402489626556, 40, 'tournament_selection', 'uniform_crossover', 0.95, 'ball_mutation', <mtrand.RandomState object at 0x000002A6016523F0>, None, 0.95, -0.006149358818934816, 7952.3582432771445],1.7414448972479837
<class 'problems.ANNOP.ANNOP'>,2912011232240,algorithms.GA_with_plotting_fitshare,[78, 0.3887733887733888, 0.3983402489626556, 40, 'tournament_selection', 'uniform_crossover', 0.95, 'ball_mutation', <mtrand.RandomState object at 0x000002A6016523F0>, None, 0.95, -0.010237412275149113, 8169.390736045771],1.7559624669972786
<class 'problems.ANNOP.ANNOP'>,2912011232240,algorithms.GA_with_plotting_fitshare,[79, 0.3887733887733888, 0.3983402489626556, 40, 'tournament_selection', 'uniform_crossover', 0.95, 'ball_mutation', <mtrand.RandomState object at 0x000002A6016523F0>, None, 0.95, 0.00993529549519253, 5969.0816123037985],1.708584910687117
<class 'problems.ANNOP.ANNOP'>,2912011232240,algorithms.GA_with_plotting_fitshare,[80, 0.3887733887733888, 0.3983402489626556, 40, 'tournament_selection', 'uniform_crossover', 0.95, 'ball_mutation', <mtrand.RandomState object at 0x000002A6016523F0>, None, 0.95, 0.00926952353621905, 6626.037721173756],1.7152869809758198
<class 'problems.ANNOP.ANNOP'>,2912011232240,algorithms.GA_with_plotting_fitshare,[81, 0.3887733887733888, 0.3983402489626556, 40, 'tournament_selection', 'uniform_crossover', 0.95, 'ball_mutation', <mtrand.RandomState object at 0x000002A6016523F0>, None, 0.95, -0.0030062768943494786, 6385.560158792921],1.7123317063952026
<class 'problems.ANNOP.ANNOP'>,2912011232240,algorithms.GA_with_plotting_fitshare,[82, 0.3887733887733888, 0.3983402489626556, 40, 'tournament_selection', 'uniform_crossover', 0.95, 'ball_mutation', <mtrand.RandomState object at 0x000002A6016523F0>, None, 0.95, -0.011187206666475893, 6468.685100336637],1.7131220220043863
<class 'problems.ANNOP.ANNOP'>,2912011232240,algorithms.GA_with_plotting_fitshare,[83, 0.3887733887733888, 0.3983402489626556, 40, 'tournament_selection', 'uniform_crossover', 0.95, 'ball_mutation', <mtrand.RandomState object at 0x000002A6016523F0>, None, 0.95, -0.004164570514216107, 6226.6462686459745],1.7099283386205633
<class 'problems.ANNOP.ANNOP'>,2912011232240,algorithms.GA_with_plotting_fitshare,[84, 0.3887733887733888, 0.3983402489626556, 40, 'tournament_selection', 'uniform_crossover', 0.95, 'ball_mutation', <mtrand.RandomState object at 0x000002A6016523F0>, None, 0.95, 0.005320719109718548, 7244.561102052716],1.7202740549429747
<class 'problems.ANNOP.ANNOP'>,2912011232240,algorithms.GA_with_plotting_fitshare,[85, 0.3887733887733888, 0.3983402489626556, 40, 'tournament_selection', 'uniform_crossover', 0.95, 'ball_mutation', <mtrand.RandomState object at 0x000002A6016523F0>, None, 0.95, 0.007112635358226184, 8001.848568813164],1.7316850778704558
<class 'problems.ANNOP.ANNOP'>,2912011232240,algorithms.GA_with_plotting_fitshare,[86, 0.3887733887733888, 0.3983402489626556, 40, 'tournament_selection', 'uniform_crossover', 0.95, 'ball_mutation', <mtrand.RandomState object at 0x000002A6016523F0>, None, 0.95, -0.005688376589559979, 8028.576221495383],1.7355570690037136
<class 'problems.ANNOP.ANNOP'>,2912011232240,algorithms.GA_with_plotting_fitshare,[87, 0.3887733887733888, 0.3983402489626556, 40, 'tournament_selection', 'uniform_crossover', 0.95, 'ball_mutation', <mtrand.RandomState object at 0x000002A6016523F0>, None, 0.95, 0.0029012247065078947, 7081.046260932609],1.7250504237611606
<class 'problems.ANNOP.ANNOP'>,2912011232240,algorithms.GA_with_plotting_fitshare,[88, 0.3887733887733888, 0.3983402489626556, 40, 'tournament_selection', 'uniform_crossover', 0.95, 'ball_mutation', <mtrand.RandomState object at 0x000002A6016523F0>, None, 0.95, 0.007239927022137001, 7056.470415932227],1.7210719414940205
<class 'problems.ANNOP.ANNOP'>,2912011232240,algorithms.GA_with_plotting_fitshare,[89, 0.3887733887733888, 0.3983402489626556, 40, 'tournament_selection', 'uniform_crossover', 0.95, 'ball_mutation', <mtrand.RandomState object at 0x000002A6016523F0>, None, 0.95, -0.016231052879218805, 7182.243444020898],1.7240361125560888
<class 'problems.ANNOP.ANNOP'>,2912011232240,algorithms.GA_with_plotting_fitshare,[90, 0.3887733887733888, 0.3983402489626556, 40, 'tournament_selection', 'uniform_crossover', 0.95, 'ball_mutation', <mtrand.RandomState object at 0x000002A6016523F0>, None, 0.95, 0.008753975050996517, 6882.559657248206],1.7257084195374603
<class 'problems.ANNOP.ANNOP'>,2912011232240,algorithms.GA_with_plotting_fitshare,[91, 0.3887733887733888, 0.3983402489626556, 40, 'tournament_selection', 'uniform_crossover', 0.95, 'ball_mutation', <mtrand.RandomState object at 0x000002A6016523F0>, None, 0.95, 9.355913158983625e-05, 7180.832482817348],1.7341762813998396
<class 'problems.ANNOP.ANNOP'>,2912011232240,algorithms.GA_with_plotting_fitshare,[92, 0.3887733887733888, 0.3983402489626556, 40, 'tournament_selection', 'uniform_crossover', 0.95, 'ball_mutation', <mtrand.RandomState object at 0x000002A6016523F0>, None, 0.95, -0.016955789139164207, 7258.439416314715],1.7297743353138355
<class 'problems.ANNOP.ANNOP'>,2912011232240,algorithms.GA_with_plotting_fitshare,[93, 0.3887733887733888, 0.3983402489626556, 40, 'tournament_selection', 'uniform_crossover', 0.95, 'ball_mutation', <mtrand.RandomState object at 0x000002A6016523F0>, None, 0.95, 0.018681489828641012, 7463.231692191425],1.7411121976100543
<class 'problems.ANNOP.ANNOP'>,2912011232240,algorithms.GA_with_plotting_fitshare,[94, 0.39397089397089397, 0.3775933609958506, 40, 'tournament_selection', 'uniform_crossover', 0.95, 'ball_mutation', <mtrand.RandomState object at 0x000002A6016523F0>, None, 0.95, -0.0034950931609423544, 7747.333379089433],1.7426664975100707
<class 'problems.ANNOP.ANNOP'>,2912011232240,algorithms.GA_with_plotting_fitshare,[95, 0.40124740124740127, 0.4315352697095436, 40, 'tournament_selection', 'uniform_crossover', 0.95, 'ball_mutation', <mtrand.RandomState object at 0x000002A6016523F0>, None, 0.95, 0.009371558656371896, 7123.46560642297],1.7237774081647783
<class 'problems.ANNOP.ANNOP'>,2912011232240,algorithms.GA_with_plotting_fitshare,[96, 0.4106029106029106, 0.3900414937759336, 40, 'tournament_selection', 'uniform_crossover', 0.95, 'ball_mutation', <mtrand.RandomState object at 0x000002A6016523F0>, None, 0.95, -0.010707738220361133, 6741.498074928921],1.7393386117826315
<class 'problems.ANNOP.ANNOP'>,2912011232240,algorithms.GA_with_plotting_fitshare,[97, 0.4106029106029106, 0.3900414937759336, 40, 'tournament_selection', 'uniform_crossover', 0.95, 'ball_mutation', <mtrand.RandomState object at 0x000002A6016523F0>, None, 0.95, 0.0183007756757973, 6249.609755006752],1.760803697151963
<class 'problems.ANNOP.ANNOP'>,2912011232240,algorithms.GA_with_plotting_fitshare,[98, 0.4106029106029106, 0.3900414937759336, 40, 'tournament_selection', 'uniform_crossover', 0.95, 'ball_mutation', <mtrand.RandomState object at 0x000002A6016523F0>, None, 0.95, -0.009459868797079225, 7022.284078169929],1.7739421914828681
<class 'problems.ANNOP.ANNOP'>,2912011232240,algorithms.GA_with_plotting_fitshare,[99, 0.4106029106029106, 0.3900414937759336, 40, 'tournament_selection', 'uniform_crossover', 0.95, 'ball_mutation', <mtrand.RandomState object at 0x000002A6016523F0>, None, 0.95, -0.004875792520510486, 7354.365798288926],1.7858932413659254
<class 'problems.ANNOP.ANNOP'>,2912011232240,algorithms.GA_with_plotting_fitshare,[100, 0.4106029106029106, 0.3900414937759336, 40, 'tournament_selection', 'uniform_crossover', 0.95, 'ball_mutation', <mtrand.RandomState object at 0x000002A6016523F0>, None, 0.95, -0.005976581921652867, 7082.00726683422],1.7864786183318788
<class 'problems.ANNOP.ANNOP'>,2912011232240,algorithms.GA_with_plotting_fitshare,[101, 0.4106029106029106, 0.3900414937759336, 40, 'tournament_selection', 'uniform_crossover', 0.95, 'ball_mutation', <mtrand.RandomState object at 0x000002A6016523F0>, None, 0.95, -0.0027750890300580824, 7211.754230683293],1.7895450654805471
<class 'problems.ANNOP.ANNOP'>,2912011232240,algorithms.GA_with_plotting_fitshare,[102, 0.4106029106029106, 0.3900414937759336, 40, 'tournament_selection', 'uniform_crossover', 0.95, 'ball_mutation', <mtrand.RandomState object at 0x000002A6016523F0>, None, 0.95, 0.003956609326758856, 6673.659538182332],1.7834666101863164
<class 'problems.ANNOP.ANNOP'>,2912011232240,algorithms.GA_with_plotting_fitshare,[103, 0.4106029106029106, 0.3900414937759336, 40, 'tournament_selection', 'uniform_crossover', 0.95, 'ball_mutation', <mtrand.RandomState object at 0x000002A6016523F0>, None, 0.95, 0.007568813512363548, 7136.988034158721],1.786549396238266
<class 'problems.ANNOP.ANNOP'>,2912011232240,algorithms.GA_with_plotting_fitshare,[104, 0.4106029106029106, 0.3900414937759336, 40, 'tournament_selection', 'uniform_crossover', 0.95, 'ball_mutation', <mtrand.RandomState object at 0x000002A6016523F0>, None, 0.95, -0.016805908707203353, 6788.4825900793285],1.7826479289664943
<class 'problems.ANNOP.ANNOP'>,2912011232240,algorithms.GA_with_plotting_fitshare,[105, 0.41164241164241167, 0.4066390041493776, 40, 'tournament_selection', 'uniform_crossover', 0.95, 'ball_mutation', <mtrand.RandomState object at 0x000002A6016523F0>, None, 0.95, 0.033085589041206134, 7062.003285630906],1.786876209448567
<class 'problems.ANNOP.ANNOP'>,2912011232240,algorithms.GA_with_plotting_fitshare,[106, 0.41164241164241167, 0.4066390041493776, 40, 'tournament_selection', 'uniform_crossover', 0.95, 'ball_mutation', <mtrand.RandomState object at 0x000002A6016523F0>, None, 0.95, -0.016058046531126642, 7309.710606357619],1.7929947723956157
<class 'problems.ANNOP.ANNOP'>,2912011232240,algorithms.GA_with_plotting_fitshare,[107, 0.41164241164241167, 0.4066390041493776, 40, 'tournament_selection', 'uniform_crossover', 0.95, 'ball_mutation', <mtrand.RandomState object at 0x000002A6016523F0>, None, 0.95, 0.013083734101988688, 7817.855075266445],1.8163036742811374
<class 'problems.ANNOP.ANNOP'>,2912011232240,algorithms.GA_with_plotting_fitshare,[108, 0.4178794178794179, 0.4066390041493776, 40, 'tournament_selection', 'uniform_crossover', 0.95, 'ball_mutation', <mtrand.RandomState object at 0x000002A6016523F0>, None, 0.95, -0.02530497553366693, 7462.7020429879585],1.8243874282223707
<class 'problems.ANNOP.ANNOP'>,2912011232240,algorithms.GA_with_plotting_fitshare,[109, 0.45114345114345117, 0.45643153526970953, 40, 'tournament_selection', 'uniform_crossover', 0.95, 'ball_mutation', <mtrand.RandomState object at 0x000002A6016523F0>, None, 0.95, 0.008656890116049754, 6877.146694428321],1.846359676800152
<class 'problems.ANNOP.ANNOP'>,2912011232240,algorithms.GA_with_plotting_fitshare,[110, 0.49272349272349275, 0.49377593360995853, 40, 'tournament_selection', 'uniform_crossover', 0.95, 'ball_mutation', <mtrand.RandomState object at 0x000002A6016523F0>, None, 0.95, 0.0004370992243078742, 6836.577959268103],1.863900798945582
<class 'problems.ANNOP.ANNOP'>,2912011232240,algorithms.GA_with_plotting_fitshare,[111, 0.49272349272349275, 0.49377593360995853, 40, 'tournament_selection', 'uniform_crossover', 0.95, 'ball_mutation', <mtrand.RandomState object at 0x000002A6016523F0>, None, 0.95, 0.0068884316658964495, 6313.86275370375],1.8928320716445932
<class 'problems.ANNOP.ANNOP'>,2912011232240,algorithms.GA_with_plotting_fitshare,[112, 0.5062370062370062, 0.5103734439834025, 40, 'tournament_selection', 'uniform_crossover', 0.95, 'ball_mutation', <mtrand.RandomState object at 0x000002A6016523F0>, None, 0.95, 0.002296191199480692, 6935.808890016274],1.922099267372692
<class 'problems.ANNOP.ANNOP'>,2912011232240,algorithms.GA_with_plotting_fitshare,[113, 0.5062370062370062, 0.5103734439834025, 40, 'tournament_selection', 'uniform_crossover', 0.95, 'ball_mutation', <mtrand.RandomState object at 0x000002A6016523F0>, None, 0.95, -0.006635278629174908, 6278.21011820941],1.9310264872429002
<class 'problems.ANNOP.ANNOP'>,2912011232240,algorithms.GA_with_plotting_fitshare,[114, 0.5062370062370062, 0.5103734439834025, 40, 'tournament_selection', 'uniform_crossover', 0.95, 'ball_mutation', <mtrand.RandomState object at 0x000002A6016523F0>, None, 0.95, 0.005164095811461253, 6386.793152626686],1.9322077373873048
<class 'problems.ANNOP.ANNOP'>,2912011232240,algorithms.GA_with_plotting_fitshare,[115, 0.5062370062370062, 0.5103734439834025, 40, 'tournament_selection', 'uniform_crossover', 0.95, 'ball_mutation', <mtrand.RandomState object at 0x000002A6016523F0>, None, 0.95, 0.00721235701627853, 6640.726789358382],1.9423968852186708
<class 'problems.ANNOP.ANNOP'>,2912011232240,algorithms.GA_with_plotting_fitshare,[116, 0.5062370062370062, 0.5103734439834025, 40, 'tournament_selection', 'uniform_crossover', 0.95, 'ball_mutation', <mtrand.RandomState object at 0x000002A6016523F0>, None, 0.95, -0.01427103935901227, 5895.973050986851],1.942078334522236
<class 'problems.ANNOP.ANNOP'>,2912011232240,algorithms.GA_with_plotting_fitshare,[117, 0.5062370062370062, 0.5103734439834025, 40, 'tournament_selection', 'uniform_crossover', 0.95, 'ball_mutation', <mtrand.RandomState object at 0x000002A6016523F0>, None, 0.95, 0.006831445378608039, 6186.937677740694],1.9465103487066917
<class 'problems.ANNOP.ANNOP'>,2912011232240,algorithms.GA_with_plotting_fitshare,[118, 0.5062370062370062, 0.5103734439834025, 40, 'tournament_selection', 'uniform_crossover', 0.95, 'ball_mutation', <mtrand.RandomState object at 0x000002A6016523F0>, None, 0.95, -0.00030977970198717286, 7187.366195054381],1.9679043675308083
<class 'problems.ANNOP.ANNOP'>,2912011232240,algorithms.GA_with_plotting_fitshare,[119, 0.5062370062370062, 0.5103734439834025, 40, 'tournament_selection', 'uniform_crossover', 0.95, 'ball_mutation', <mtrand.RandomState object at 0x000002A6016523F0>, None, 0.95, 0.001120254181422052, 7244.5094228365815],1.9667994111099203
<class 'problems.ANNOP.ANNOP'>,2912011232240,algorithms.GA_with_plotting_fitshare,[120, 0.5062370062370062, 0.5103734439834025, 40, 'tournament_selection', 'uniform_crossover', 0.95, 'ball_mutation', <mtrand.RandomState object at 0x000002A6016523F0>, None, 0.95, -0.0007561678334758806, 6754.300985131691],1.9596012787199852
<class 'problems.ANNOP.ANNOP'>,2912011232240,algorithms.GA_with_plotting_fitshare,[121, 0.5072765072765073, 0.5228215767634855, 40, 'tournament_selection', 'uniform_crossover', 0.95, 'ball_mutation', <mtrand.RandomState object at 0x000002A6016523F0>, None, 0.95, -0.002195465272141907, 6677.0296718493555],1.9605042534491903
<class 'problems.ANNOP.ANNOP'>,2912011232240,algorithms.GA_with_plotting_fitshare,[122, 0.5072765072765073, 0.5228215767634855, 40, 'tournament_selection', 'uniform_crossover', 0.95, 'ball_mutation', <mtrand.RandomState object at 0x000002A6016523F0>, None, 0.95, 0.026904245057945156, 6483.430012892485],1.9567902806029813
<class 'problems.ANNOP.ANNOP'>,2912011232240,algorithms.GA_with_plotting_fitshare,[123, 0.5072765072765073, 0.5228215767634855, 40, 'tournament_selection', 'uniform_crossover', 0.95, 'ball_mutation', <mtrand.RandomState object at 0x000002A6016523F0>, None, 0.95, -0.03298475358926647, 6128.867513335448],1.9541702962886198
<class 'problems.ANNOP.ANNOP'>,2912011232240,algorithms.GA_with_plotting_fitshare,[124, 0.5072765072765073, 0.5228215767634855, 40, 'tournament_selection', 'uniform_crossover', 0.95, 'ball_mutation', <mtrand.RandomState object at 0x000002A6016523F0>, None, 0.95, 0.007562641168365802, 6230.006250481006],1.9558633410054937
matplotlib.font_manager,findfont: Matching :family=sans-serif:style=normal:variant=normal:weight=normal:stretch=normal:size=10.0 to DejaVu Sans ('C:\\Users\\dominika.leszko\\PycharmProjects\\KonradBaseline\\venv\\lib\\site-packages\\matplotlib\\mpl-data\\fonts\\ttf\\DejaVuSans.ttf') with score of 0.050000.
matplotlib.axes._base,update_title_pos
matplotlib.font_manager,findfont: Matching :family=sans-serif:style=normal:variant=normal:weight=normal:stretch=normal:size=12.0 to DejaVu Sans ('C:\\Users\\dominika.leszko\\PycharmProjects\\KonradBaseline\\venv\\lib\\site-packages\\matplotlib\\mpl-data\\fonts\\ttf\\DejaVuSans.ttf') with score of 0.050000.
matplotlib.axes._base,update_title_pos
matplotlib.axes._base,update_title_pos
matplotlib.axes._base,update_title_pos
matplotlib.font_manager,findfont: Matching :family=sans-serif:style=normal:variant=normal:weight=normal:stretch=normal:size=8.33 to DejaVu Sans ('C:\\Users\\dominika.leszko\\PycharmProjects\\KonradBaseline\\venv\\lib\\site-packages\\matplotlib\\mpl-data\\fonts\\ttf\\DejaVuSans.ttf') with score of 0.050000.
matplotlib.axes._base,update_title_pos
matplotlib.axes._base,update_title_pos
matplotlib.axes._base,update_title_pos
matplotlib.axes._base,update_title_pos
matplotlib.axes._base,update_title_pos
matplotlib.axes._base,update_title_pos
matplotlib.axes._base,update_title_pos
matplotlib.axes._base,update_title_pos
matplotlib.axes._base,update_title_pos
matplotlib.axes._base,update_title_pos
matplotlib.axes._base,update_title_pos
matplotlib.axes._base,update_title_pos
matplotlib.axes._base,update_title_pos
matplotlib.axes._base,update_title_pos
matplotlib.axes._base,update_title_pos
matplotlib.axes._base,update_title_pos
matplotlib.axes._base,update_title_pos
matplotlib.axes._base,update_title_pos
matplotlib.axes._base,update_title_pos
matplotlib.axes._base,update_title_pos
matplotlib.axes._base,update_title_pos
matplotlib.axes._base,update_title_pos
matplotlib.axes._base,update_title_pos
matplotlib.axes._base,update_title_pos
matplotlib.axes._base,update_title_pos
matplotlib.axes._base,update_title_pos
matplotlib.axes._base,update_title_pos
matplotlib.axes._base,update_title_pos
matplotlib.axes._base,update_title_pos
matplotlib.axes._base,update_title_pos
matplotlib.axes._base,update_title_pos
matplotlib.axes._base,update_title_pos
matplotlib.axes._base,update_title_pos
matplotlib.axes._base,update_title_pos
matplotlib.axes._base,update_title_pos
matplotlib.axes._base,update_title_pos
matplotlib.axes._base,update_title_pos
matplotlib.axes._base,update_title_pos
