<class 'problems.ANNOP.ANNOP'>,2965526615168,algorithms.GA_with_plotting_fitshare,[0, 0.18607068607068608, 0.2157676348547718, 40, 'tournament_selection', 'uniform_crossover', 0.95, 'ball_mutation', <mtrand.RandomState object at 0x000002B277291480>, None, 0.95, 0.0015039669602292458, 32807.7981826224],1.1570168368340088
<class 'problems.ANNOP.ANNOP'>,2965526615168,algorithms.GA_with_plotting_fitshare,[1, 0.21621621621621623, 0.22406639004149378, 40, 'tournament_selection', 'uniform_crossover', 0.95, 'ball_mutation', <mtrand.RandomState object at 0x000002B277291480>, None, 0.95, 0.008501281616519873, 28182.964705981936],1.1849733875194568
<class 'problems.ANNOP.ANNOP'>,2965526615168,algorithms.GA_with_plotting_fitshare,[2, 0.2338877338877339, 0.26141078838174275, 40, 'tournament_selection', 'uniform_crossover', 0.95, 'ball_mutation', <mtrand.RandomState object at 0x000002B277291480>, None, 0.95, 0.0035973181113006306, 18817.03914465042],1.2220520357971816
<class 'problems.ANNOP.ANNOP'>,2965526615168,algorithms.GA_with_plotting_fitshare,[3, 0.2338877338877339, 0.26141078838174275, 40, 'tournament_selection', 'uniform_crossover', 0.95, 'ball_mutation', <mtrand.RandomState object at 0x000002B277291480>, None, 0.95, -0.0022177277475252874, 9697.741738173889],1.2564932745945638
<class 'problems.ANNOP.ANNOP'>,2965526615168,algorithms.GA_with_plotting_fitshare,[4, 0.24324324324324326, 0.22821576763485477, 40, 'tournament_selection', 'uniform_crossover', 0.95, 'ball_mutation', <mtrand.RandomState object at 0x000002B277291480>, None, 0.95, -0.0021087294003106632, 9006.632069741932],1.286359384380642
<class 'problems.ANNOP.ANNOP'>,2965526615168,algorithms.GA_with_plotting_fitshare,[5, 0.2661122661122661, 0.29045643153526973, 40, 'tournament_selection', 'uniform_crossover', 0.95, 'ball_mutation', <mtrand.RandomState object at 0x000002B277291480>, None, 0.95, 0.009823163361169798, 9422.224484673254],1.3099520254389525
<class 'problems.ANNOP.ANNOP'>,2965526615168,algorithms.GA_with_plotting_fitshare,[6, 0.28586278586278585, 0.26141078838174275, 40, 'tournament_selection', 'uniform_crossover', 0.95, 'ball_mutation', <mtrand.RandomState object at 0x000002B277291480>, None, 0.95, 0.0018094908789314107, 9803.023330261085],1.3341934087185028
<class 'problems.ANNOP.ANNOP'>,2965526615168,algorithms.GA_with_plotting_fitshare,[7, 0.3128898128898129, 0.31950207468879666, 40, 'tournament_selection', 'uniform_crossover', 0.95, 'ball_mutation', <mtrand.RandomState object at 0x000002B277291480>, None, 0.95, -0.006013812794754929, 8994.31936132309],1.3763184543639315
<class 'problems.ANNOP.ANNOP'>,2965526615168,algorithms.GA_with_plotting_fitshare,[8, 0.3232848232848233, 0.3360995850622407, 40, 'tournament_selection', 'uniform_crossover', 0.95, 'ball_mutation', <mtrand.RandomState object at 0x000002B277291480>, None, 0.95, -0.002792931122969272, 9289.682911337184],1.4102152789676468
<class 'problems.ANNOP.ANNOP'>,2965526615168,algorithms.GA_with_plotting_fitshare,[9, 0.3316008316008316, 0.3029045643153527, 40, 'tournament_selection', 'uniform_crossover', 0.95, 'ball_mutation', <mtrand.RandomState object at 0x000002B277291480>, None, 0.95, 0.01597692507203595, 9395.364162947924],1.4323852383867104
<class 'problems.ANNOP.ANNOP'>,2965526615168,algorithms.GA_with_plotting_fitshare,[10, 0.3367983367983368, 0.35269709543568467, 40, 'tournament_selection', 'uniform_crossover', 0.95, 'ball_mutation', <mtrand.RandomState object at 0x000002B277291480>, None, 0.95, -0.006873550113182789, 8971.468986606269],1.4494594806946117
<class 'problems.ANNOP.ANNOP'>,2965526615168,algorithms.GA_with_plotting_fitshare,[11, 0.3523908523908524, 0.36929460580912865, 40, 'tournament_selection', 'uniform_crossover', 0.95, 'ball_mutation', <mtrand.RandomState object at 0x000002B277291480>, None, 0.95, 0.0005653097366167467, 8314.512076361429],1.4540104620469725
<class 'problems.ANNOP.ANNOP'>,2965526615168,algorithms.GA_with_plotting_fitshare,[12, 0.3523908523908524, 0.36929460580912865, 40, 'tournament_selection', 'uniform_crossover', 0.95, 'ball_mutation', <mtrand.RandomState object at 0x000002B277291480>, None, 0.95, 0.0021990068010671396, 8995.644674477557],1.4800354351574505
<class 'problems.ANNOP.ANNOP'>,2965526615168,algorithms.GA_with_plotting_fitshare,[13, 0.3523908523908524, 0.36929460580912865, 40, 'tournament_selection', 'uniform_crossover', 0.95, 'ball_mutation', <mtrand.RandomState object at 0x000002B277291480>, None, 0.95, -0.009549053064143227, 9788.860766862415],1.5104317327975583
<class 'problems.ANNOP.ANNOP'>,2965526615168,algorithms.GA_with_plotting_fitshare,[14, 0.3523908523908524, 0.36929460580912865, 40, 'tournament_selection', 'uniform_crossover', 0.95, 'ball_mutation', <mtrand.RandomState object at 0x000002B277291480>, None, 0.95, 0.004863095207615992, 10155.96027899241],1.5152355864007347
<class 'problems.ANNOP.ANNOP'>,2965526615168,algorithms.GA_with_plotting_fitshare,[15, 0.3523908523908524, 0.36929460580912865, 40, 'tournament_selection', 'uniform_crossover', 0.95, 'ball_mutation', <mtrand.RandomState object at 0x000002B277291480>, None, 0.95, 0.0026069218455848364, 8478.446894767605],1.5074376194104768
<class 'problems.ANNOP.ANNOP'>,2965526615168,algorithms.GA_with_plotting_fitshare,[16, 0.3523908523908524, 0.36929460580912865, 40, 'tournament_selection', 'uniform_crossover', 0.95, 'ball_mutation', <mtrand.RandomState object at 0x000002B277291480>, None, 0.95, 0.002549734016188396, 7777.25918687038],1.5175676799409015
<class 'problems.ANNOP.ANNOP'>,2965526615168,algorithms.GA_with_plotting_fitshare,[17, 0.3523908523908524, 0.36929460580912865, 40, 'tournament_selection', 'uniform_crossover', 0.95, 'ball_mutation', <mtrand.RandomState object at 0x000002B277291480>, None, 0.95, -0.009039453900455796, 8164.603235176156],1.525478675030419
<class 'problems.ANNOP.ANNOP'>,2965526615168,algorithms.GA_with_plotting_fitshare,[18, 0.3523908523908524, 0.36929460580912865, 40, 'tournament_selection', 'uniform_crossover', 0.95, 'ball_mutation', <mtrand.RandomState object at 0x000002B277291480>, None, 0.95, 0.01067405292513779, 8509.64185521583],1.522290805137129
<class 'problems.ANNOP.ANNOP'>,2965526615168,algorithms.GA_with_plotting_fitshare,[19, 0.3523908523908524, 0.36929460580912865, 40, 'tournament_selection', 'uniform_crossover', 0.95, 'ball_mutation', <mtrand.RandomState object at 0x000002B277291480>, None, 0.95, -0.006299272146358836, 8124.981124157165],1.5239159904080548
<class 'problems.ANNOP.ANNOP'>,2965526615168,algorithms.GA_with_plotting_fitshare,[20, 0.3523908523908524, 0.36929460580912865, 40, 'tournament_selection', 'uniform_crossover', 0.95, 'ball_mutation', <mtrand.RandomState object at 0x000002B277291480>, None, 0.95, 0.003151841830122154, 7638.304364402953],1.5251774199188377
<class 'problems.ANNOP.ANNOP'>,2965526615168,algorithms.GA_with_plotting_fitshare,[21, 0.3523908523908524, 0.36929460580912865, 40, 'tournament_selection', 'uniform_crossover', 0.95, 'ball_mutation', <mtrand.RandomState object at 0x000002B277291480>, None, 0.95, -0.0009531307978116119, 8090.882442818339],1.534816035363487
<class 'problems.ANNOP.ANNOP'>,2965526615168,algorithms.GA_with_plotting_fitshare,[22, 0.3523908523908524, 0.36929460580912865, 40, 'tournament_selection', 'uniform_crossover', 0.95, 'ball_mutation', <mtrand.RandomState object at 0x000002B277291480>, None, 0.95, -0.005228907044445008, 8357.685097581889],1.554717909370922
<class 'problems.ANNOP.ANNOP'>,2965526615168,algorithms.GA_with_plotting_fitshare,[23, 0.3523908523908524, 0.36929460580912865, 40, 'tournament_selection', 'uniform_crossover', 0.95, 'ball_mutation', <mtrand.RandomState object at 0x000002B277291480>, None, 0.95, -0.0018608508302033339, 8818.59196670433],1.5681017584032726
<class 'problems.ANNOP.ANNOP'>,2965526615168,algorithms.GA_with_plotting_fitshare,[24, 0.3523908523908524, 0.35684647302904565, 40, 'tournament_selection', 'uniform_crossover', 0.95, 'ball_mutation', <mtrand.RandomState object at 0x000002B277291480>, None, 0.95, 0.005278897380150367, 9561.673565479392],1.59524105581463
<class 'problems.ANNOP.ANNOP'>,2965526615168,algorithms.GA_with_plotting_fitshare,[25, 0.3523908523908524, 0.35684647302904565, 40, 'tournament_selection', 'uniform_crossover', 0.95, 'ball_mutation', <mtrand.RandomState object at 0x000002B277291480>, None, 0.95, 0.0011221508315158515, 10032.294749793416],1.6110612811310927
<class 'problems.ANNOP.ANNOP'>,2965526615168,algorithms.GA_with_plotting_fitshare,[26, 0.3523908523908524, 0.35684647302904565, 40, 'tournament_selection', 'uniform_crossover', 0.95, 'ball_mutation', <mtrand.RandomState object at 0x000002B277291480>, None, 0.95, 0.006361204396269159, 10248.416171061246],1.6387927699764493
<class 'problems.ANNOP.ANNOP'>,2965526615168,algorithms.GA_with_plotting_fitshare,[27, 0.3523908523908524, 0.35684647302904565, 40, 'tournament_selection', 'uniform_crossover', 0.95, 'ball_mutation', <mtrand.RandomState object at 0x000002B277291480>, None, 0.95, -0.003605462073177343, 8793.541575310002],1.6399461193352889
<class 'problems.ANNOP.ANNOP'>,2965526615168,algorithms.GA_with_plotting_fitshare,[28, 0.3523908523908524, 0.35684647302904565, 40, 'tournament_selection', 'uniform_crossover', 0.95, 'ball_mutation', <mtrand.RandomState object at 0x000002B277291480>, None, 0.95, 0.02110963621444531, 10069.720369689487],1.6822599477088338
<class 'problems.ANNOP.ANNOP'>,2965526615168,algorithms.GA_with_plotting_fitshare,[29, 0.3523908523908524, 0.35684647302904565, 40, 'tournament_selection', 'uniform_crossover', 0.95, 'ball_mutation', <mtrand.RandomState object at 0x000002B277291480>, None, 0.95, -0.01934014582415315, 10174.523390780265],1.709686626773959
<class 'problems.ANNOP.ANNOP'>,2965526615168,algorithms.GA_with_plotting_fitshare,[30, 0.3523908523908524, 0.35684647302904565, 40, 'tournament_selection', 'uniform_crossover', 0.95, 'ball_mutation', <mtrand.RandomState object at 0x000002B277291480>, None, 0.95, 0.009063114635202749, 10664.544914307642],1.7305339123738572
<class 'problems.ANNOP.ANNOP'>,2965526615168,algorithms.GA_with_plotting_fitshare,[31, 0.3523908523908524, 0.35684647302904565, 40, 'tournament_selection', 'uniform_crossover', 0.95, 'ball_mutation', <mtrand.RandomState object at 0x000002B277291480>, None, 0.95, 0.0010235972348008257, 10691.388466361206],1.7228122749311374
<class 'problems.ANNOP.ANNOP'>,2965526615168,algorithms.GA_with_plotting_fitshare,[32, 0.3523908523908524, 0.35684647302904565, 40, 'tournament_selection', 'uniform_crossover', 0.95, 'ball_mutation', <mtrand.RandomState object at 0x000002B277291480>, None, 0.95, 0.0008775888560775338, 10332.492033082253],1.7147064240014898
<class 'problems.ANNOP.ANNOP'>,2965526615168,algorithms.GA_with_plotting_fitshare,[33, 0.3523908523908524, 0.35684647302904565, 40, 'tournament_selection', 'uniform_crossover', 0.95, 'ball_mutation', <mtrand.RandomState object at 0x000002B277291480>, None, 0.95, 0.0033523199257508435, 7598.839377794847],1.671203134801703
<class 'problems.ANNOP.ANNOP'>,2965526615168,algorithms.GA_with_plotting_fitshare,[34, 0.3523908523908524, 0.35684647302904565, 40, 'tournament_selection', 'uniform_crossover', 0.95, 'ball_mutation', <mtrand.RandomState object at 0x000002B277291480>, None, 0.95, 0.006132044645920626, 6451.750819204722],1.6606097312105679
<class 'problems.ANNOP.ANNOP'>,2965526615168,algorithms.GA_with_plotting_fitshare,[35, 0.3523908523908524, 0.35684647302904565, 40, 'tournament_selection', 'uniform_crossover', 0.95, 'ball_mutation', <mtrand.RandomState object at 0x000002B277291480>, None, 0.95, -0.015004559460070073, 6489.5118671705395],1.6657020662764657
<class 'problems.ANNOP.ANNOP'>,2965526615168,algorithms.GA_with_plotting_fitshare,[36, 0.3523908523908524, 0.35684647302904565, 40, 'tournament_selection', 'uniform_crossover', 0.95, 'ball_mutation', <mtrand.RandomState object at 0x000002B277291480>, None, 0.95, -0.004284052613340937, 7955.828744285686],1.6835891363052007
<class 'problems.ANNOP.ANNOP'>,2965526615168,algorithms.GA_with_plotting_fitshare,[37, 0.3523908523908524, 0.35684647302904565, 40, 'tournament_selection', 'uniform_crossover', 0.95, 'ball_mutation', <mtrand.RandomState object at 0x000002B277291480>, None, 0.95, 0.009718851193883056, 8074.206245621099],1.6847880106785649
<class 'problems.ANNOP.ANNOP'>,2965526615168,algorithms.GA_with_plotting_fitshare,[38, 0.35550935550935553, 0.36929460580912865, 40, 'tournament_selection', 'uniform_crossover', 0.95, 'ball_mutation', <mtrand.RandomState object at 0x000002B277291480>, None, 0.95, -0.008007711736944853, 7513.899937525921],1.6717662185032374
<class 'problems.ANNOP.ANNOP'>,2965526615168,algorithms.GA_with_plotting_fitshare,[39, 0.35550935550935553, 0.36929460580912865, 40, 'tournament_selection', 'uniform_crossover', 0.95, 'ball_mutation', <mtrand.RandomState object at 0x000002B277291480>, None, 0.95, 0.0019522246699176724, 8131.062675975883],1.6886249340320998
<class 'problems.ANNOP.ANNOP'>,2965526615168,algorithms.GA_with_plotting_fitshare,[40, 0.35550935550935553, 0.36929460580912865, 40, 'tournament_selection', 'uniform_crossover', 0.95, 'ball_mutation', <mtrand.RandomState object at 0x000002B277291480>, None, 0.95, 0.004984714215769105, 8012.729922092553],1.6900264648546803
<class 'problems.ANNOP.ANNOP'>,2965526615168,algorithms.GA_with_plotting_fitshare,[41, 0.35550935550935553, 0.36929460580912865, 40, 'tournament_selection', 'uniform_crossover', 0.95, 'ball_mutation', <mtrand.RandomState object at 0x000002B277291480>, None, 0.95, -0.004349486107083245, 7972.948424423007],1.6971541500565415
<class 'problems.ANNOP.ANNOP'>,2965526615168,algorithms.GA_with_plotting_fitshare,[42, 0.35550935550935553, 0.36929460580912865, 40, 'tournament_selection', 'uniform_crossover', 0.95, 'ball_mutation', <mtrand.RandomState object at 0x000002B277291480>, None, 0.95, -0.01069709722120623, 6695.990421370992],1.6797185735122362
<class 'problems.ANNOP.ANNOP'>,2965526615168,algorithms.GA_with_plotting_fitshare,[43, 0.3887733887733888, 0.3983402489626556, 40, 'tournament_selection', 'uniform_crossover', 0.95, 'ball_mutation', <mtrand.RandomState object at 0x000002B277291480>, None, 0.95, 0.012985580151544399, 6015.186802950191],1.6842260753279046
<class 'problems.ANNOP.ANNOP'>,2965526615168,algorithms.GA_with_plotting_fitshare,[44, 0.3887733887733888, 0.3983402489626556, 40, 'tournament_selection', 'uniform_crossover', 0.95, 'ball_mutation', <mtrand.RandomState object at 0x000002B277291480>, None, 0.95, -0.00377263881736576, 5940.396865217159],1.6814465392026512
<class 'problems.ANNOP.ANNOP'>,2965526615168,algorithms.GA_with_plotting_fitshare,[45, 0.3887733887733888, 0.3983402489626556, 40, 'tournament_selection', 'uniform_crossover', 0.95, 'ball_mutation', <mtrand.RandomState object at 0x000002B277291480>, None, 0.95, -0.009949287644234438, 7960.381767881994],1.7069491164583175
<class 'problems.ANNOP.ANNOP'>,2965526615168,algorithms.GA_with_plotting_fitshare,[46, 0.3887733887733888, 0.3983402489626556, 40, 'tournament_selection', 'uniform_crossover', 0.95, 'ball_mutation', <mtrand.RandomState object at 0x000002B277291480>, None, 0.95, 0.01896730840827264, 8238.539574149123],1.7251932201724507
<class 'problems.ANNOP.ANNOP'>,2965526615168,algorithms.GA_with_plotting_fitshare,[47, 0.3887733887733888, 0.3983402489626556, 40, 'tournament_selection', 'uniform_crossover', 0.95, 'ball_mutation', <mtrand.RandomState object at 0x000002B277291480>, None, 0.95, -0.020457595828507077, 7710.077454157491],1.7269159102786609
<class 'problems.ANNOP.ANNOP'>,2965526615168,algorithms.GA_with_plotting_fitshare,[48, 0.3887733887733888, 0.3983402489626556, 40, 'tournament_selection', 'uniform_crossover', 0.95, 'ball_mutation', <mtrand.RandomState object at 0x000002B277291480>, None, 0.95, 0.013806451613484275, 7262.090259326318],1.7267136284287015
<class 'problems.ANNOP.ANNOP'>,2965526615168,algorithms.GA_with_plotting_fitshare,[49, 0.3887733887733888, 0.3983402489626556, 40, 'tournament_selection', 'uniform_crossover', 0.95, 'ball_mutation', <mtrand.RandomState object at 0x000002B277291480>, None, 0.95, -0.009661979277029137, 7746.83369871109],1.7396414354432146
<class 'problems.ANNOP.ANNOP'>,2965526615168,algorithms.GA_with_plotting_fitshare,[50, 0.3887733887733888, 0.3983402489626556, 40, 'tournament_selection', 'uniform_crossover', 0.95, 'ball_mutation', <mtrand.RandomState object at 0x000002B277291480>, None, 0.95, -0.007502247345260199, 7558.723170820325],1.7358516824612047
<class 'problems.ANNOP.ANNOP'>,2965526615168,algorithms.GA_with_plotting_fitshare,[51, 0.3887733887733888, 0.3983402489626556, 40, 'tournament_selection', 'uniform_crossover', 0.95, 'ball_mutation', <mtrand.RandomState object at 0x000002B277291480>, None, 0.95, 0.016754201745624517, 7749.724055962399],1.7416141710665467
<class 'problems.ANNOP.ANNOP'>,2965526615168,algorithms.GA_with_plotting_fitshare,[52, 0.3887733887733888, 0.3983402489626556, 40, 'tournament_selection', 'uniform_crossover', 0.95, 'ball_mutation', <mtrand.RandomState object at 0x000002B277291480>, None, 0.95, -0.006871062178117941, 7701.722136740922],1.736691054708484
<class 'problems.ANNOP.ANNOP'>,2965526615168,algorithms.GA_with_plotting_fitshare,[53, 0.3887733887733888, 0.3983402489626556, 40, 'tournament_selection', 'uniform_crossover', 0.95, 'ball_mutation', <mtrand.RandomState object at 0x000002B277291480>, None, 0.95, 0.000900156178593195, 8126.561082596973],1.742832848944756
<class 'problems.ANNOP.ANNOP'>,2965526615168,algorithms.GA_with_plotting_fitshare,[54, 0.3887733887733888, 0.3983402489626556, 40, 'tournament_selection', 'uniform_crossover', 0.95, 'ball_mutation', <mtrand.RandomState object at 0x000002B277291480>, None, 0.95, -0.000169049047530144, 7546.459867321478],1.7334069068737472
<class 'problems.ANNOP.ANNOP'>,2965526615168,algorithms.GA_with_plotting_fitshare,[55, 0.3887733887733888, 0.3983402489626556, 40, 'tournament_selection', 'uniform_crossover', 0.95, 'ball_mutation', <mtrand.RandomState object at 0x000002B277291480>, None, 0.95, -0.0028594579261955744, 8141.167491849439],1.746694727393323
<class 'problems.ANNOP.ANNOP'>,2965526615168,algorithms.GA_with_plotting_fitshare,[56, 0.3887733887733888, 0.3983402489626556, 40, 'tournament_selection', 'uniform_crossover', 0.95, 'ball_mutation', <mtrand.RandomState object at 0x000002B277291480>, None, 0.95, 0.00195438654192593, 7675.1314775887795],1.735329350307739
<class 'problems.ANNOP.ANNOP'>,2965526615168,algorithms.GA_with_plotting_fitshare,[57, 0.3887733887733888, 0.3983402489626556, 40, 'tournament_selection', 'uniform_crossover', 0.95, 'ball_mutation', <mtrand.RandomState object at 0x000002B277291480>, None, 0.95, -0.0004605579302792498, 8137.029029263638],1.7492053639146823
<class 'problems.ANNOP.ANNOP'>,2965526615168,algorithms.GA_with_plotting_fitshare,[58, 0.3887733887733888, 0.3983402489626556, 40, 'tournament_selection', 'uniform_crossover', 0.95, 'ball_mutation', <mtrand.RandomState object at 0x000002B277291480>, None, 0.95, 0.0017660399189200204, 7373.571750888157],1.731624530228816
<class 'problems.ANNOP.ANNOP'>,2965526615168,algorithms.GA_with_plotting_fitshare,[59, 0.3887733887733888, 0.3983402489626556, 40, 'tournament_selection', 'uniform_crossover', 0.95, 'ball_mutation', <mtrand.RandomState object at 0x000002B277291480>, None, 0.95, -0.006099596655218031, 7412.624430608367],1.7314741629936647
<class 'problems.ANNOP.ANNOP'>,2965526615168,algorithms.GA_with_plotting_fitshare,[60, 0.3887733887733888, 0.3983402489626556, 40, 'tournament_selection', 'uniform_crossover', 0.95, 'ball_mutation', <mtrand.RandomState object at 0x000002B277291480>, None, 0.95, 0.012822889813762034, 8446.531914181236],1.7671781649630027
<class 'problems.ANNOP.ANNOP'>,2965526615168,algorithms.GA_with_plotting_fitshare,[61, 0.3887733887733888, 0.3983402489626556, 40, 'tournament_selection', 'uniform_crossover', 0.95, 'ball_mutation', <mtrand.RandomState object at 0x000002B277291480>, None, 0.95, -0.00589743343745619, 8465.351480800535],1.753422899492316
<class 'problems.ANNOP.ANNOP'>,2965526615168,algorithms.GA_with_plotting_fitshare,[62, 0.3887733887733888, 0.3983402489626556, 40, 'tournament_selection', 'uniform_crossover', 0.95, 'ball_mutation', <mtrand.RandomState object at 0x000002B277291480>, None, 0.95, -0.0069981420567339775, 8637.33612707538],1.75997727612419
<class 'problems.ANNOP.ANNOP'>,2965526615168,algorithms.GA_with_plotting_fitshare,[63, 0.3887733887733888, 0.3983402489626556, 40, 'tournament_selection', 'uniform_crossover', 0.95, 'ball_mutation', <mtrand.RandomState object at 0x000002B277291480>, None, 0.95, 0.008226310096159858, 7593.461224780647],1.7472523410808185
<class 'problems.ANNOP.ANNOP'>,2965526615168,algorithms.GA_with_plotting_fitshare,[64, 0.3887733887733888, 0.3983402489626556, 40, 'tournament_selection', 'uniform_crossover', 0.95, 'ball_mutation', <mtrand.RandomState object at 0x000002B277291480>, None, 0.95, 0.006494353255247012, 9085.248124583319],1.7781359741578415
<class 'problems.ANNOP.ANNOP'>,2965526615168,algorithms.GA_with_plotting_fitshare,[65, 0.3887733887733888, 0.3983402489626556, 40, 'tournament_selection', 'uniform_crossover', 0.95, 'ball_mutation', <mtrand.RandomState object at 0x000002B277291480>, None, 0.95, 0.007179077921065771, 9084.519655245138],1.7681013576070717
<class 'problems.ANNOP.ANNOP'>,2965526615168,algorithms.GA_with_plotting_fitshare,[66, 0.3970893970893971, 0.4066390041493776, 40, 'tournament_selection', 'uniform_crossover', 0.95, 'ball_mutation', <mtrand.RandomState object at 0x000002B277291480>, None, 0.95, -0.01872360395938316, 10031.393052655189],1.8068640790405484
<class 'problems.ANNOP.ANNOP'>,2965526615168,algorithms.GA_with_plotting_fitshare,[67, 0.3970893970893971, 0.4066390041493776, 40, 'tournament_selection', 'uniform_crossover', 0.95, 'ball_mutation', <mtrand.RandomState object at 0x000002B277291480>, None, 0.95, -0.006060376983864149, 9934.522651515406],1.8986612382465256
<class 'problems.ANNOP.ANNOP'>,2965526615168,algorithms.GA_with_plotting_fitshare,[68, 0.41476091476091476, 0.3900414937759336, 40, 'tournament_selection', 'uniform_crossover', 0.95, 'ball_mutation', <mtrand.RandomState object at 0x000002B277291480>, None, 0.95, -0.0008120770000998798, 8039.867247371268],1.9914644873665306
<class 'problems.ANNOP.ANNOP'>,2965526615168,algorithms.GA_with_plotting_fitshare,[69, 0.4230769230769231, 0.4149377593360996, 40, 'tournament_selection', 'uniform_crossover', 0.95, 'ball_mutation', <mtrand.RandomState object at 0x000002B277291480>, None, 0.95, 0.013154828888693411, 7803.563636365471],2.028777553382401
<class 'problems.ANNOP.ANNOP'>,2965526615168,algorithms.GA_with_plotting_fitshare,[70, 0.4230769230769231, 0.4149377593360996, 40, 'tournament_selection', 'uniform_crossover', 0.95, 'ball_mutation', <mtrand.RandomState object at 0x000002B277291480>, None, 0.95, -0.01636556813535575, 8033.995580815799],2.0467941450888127
<class 'problems.ANNOP.ANNOP'>,2965526615168,algorithms.GA_with_plotting_fitshare,[71, 0.4230769230769231, 0.4149377593360996, 40, 'tournament_selection', 'uniform_crossover', 0.95, 'ball_mutation', <mtrand.RandomState object at 0x000002B277291480>, None, 0.95, 0.009468470611744974, 7437.751386015512],2.057366296476353
<class 'problems.ANNOP.ANNOP'>,2965526615168,algorithms.GA_with_plotting_fitshare,[72, 0.4397089397089397, 0.42323651452282157, 40, 'tournament_selection', 'uniform_crossover', 0.95, 'ball_mutation', <mtrand.RandomState object at 0x000002B277291480>, None, 0.95, 0.007475504495867792, 7785.143436004972],2.065937152771895
<class 'problems.ANNOP.ANNOP'>,2965526615168,algorithms.GA_with_plotting_fitshare,[73, 0.4688149688149688, 0.4149377593360996, 40, 'tournament_selection', 'uniform_crossover', 0.95, 'ball_mutation', <mtrand.RandomState object at 0x000002B277291480>, None, 0.95, -0.0002274461592478294, 7663.350313737591],2.083745749235431
<class 'problems.ANNOP.ANNOP'>,2965526615168,algorithms.GA_with_plotting_fitshare,[74, 0.4688149688149688, 0.4149377593360996, 40, 'tournament_selection', 'uniform_crossover', 0.95, 'ball_mutation', <mtrand.RandomState object at 0x000002B277291480>, None, 0.95, -0.005234326511975758, 7260.3434348974515],2.09767339172477
<class 'problems.ANNOP.ANNOP'>,2965526615168,algorithms.GA_with_plotting_fitshare,[75, 0.4688149688149688, 0.4149377593360996, 40, 'tournament_selection', 'uniform_crossover', 0.95, 'ball_mutation', <mtrand.RandomState object at 0x000002B277291480>, None, 0.95, 0.02766511448746669, 7482.1831176689875],2.1229251127399773
<class 'problems.ANNOP.ANNOP'>,2965526615168,algorithms.GA_with_plotting_fitshare,[76, 0.4688149688149688, 0.4149377593360996, 40, 'tournament_selection', 'uniform_crossover', 0.95, 'ball_mutation', <mtrand.RandomState object at 0x000002B277291480>, None, 0.95, -0.024144557338715907, 6198.065924419752],2.142869728218195
<class 'problems.ANNOP.ANNOP'>,2965526615168,algorithms.GA_with_plotting_fitshare,[77, 0.4688149688149688, 0.4149377593360996, 40, 'tournament_selection', 'uniform_crossover', 0.95, 'ball_mutation', <mtrand.RandomState object at 0x000002B277291480>, None, 0.95, 0.03265843572913558, 6203.628561268205],2.1473384820071773
<class 'problems.ANNOP.ANNOP'>,2965526615168,algorithms.GA_with_plotting_fitshare,[78, 0.4688149688149688, 0.4149377593360996, 40, 'tournament_selection', 'uniform_crossover', 0.95, 'ball_mutation', <mtrand.RandomState object at 0x000002B277291480>, None, 0.95, 0.008146969208436217, 6019.502425701907],2.1431551483515143
<class 'problems.ANNOP.ANNOP'>,2965526615168,algorithms.GA_with_plotting_fitshare,[79, 0.4688149688149688, 0.4149377593360996, 40, 'tournament_selection', 'uniform_crossover', 0.95, 'ball_mutation', <mtrand.RandomState object at 0x000002B277291480>, None, 0.95, -0.02035065456634713, 4865.180569905431],2.1273002371357497
<class 'problems.ANNOP.ANNOP'>,2965526615168,algorithms.GA_with_plotting_fitshare,[80, 0.4688149688149688, 0.4149377593360996, 40, 'tournament_selection', 'uniform_crossover', 0.95, 'ball_mutation', <mtrand.RandomState object at 0x000002B277291480>, None, 0.95, -0.021000470189805796, 6401.010698590925],2.1393624842330685
<class 'problems.ANNOP.ANNOP'>,2965526615168,algorithms.GA_with_plotting_fitshare,[81, 0.4688149688149688, 0.4149377593360996, 40, 'tournament_selection', 'uniform_crossover', 0.95, 'ball_mutation', <mtrand.RandomState object at 0x000002B277291480>, None, 0.95, -0.006820763287254547, 6663.120492126081],2.14476728325484
<class 'problems.ANNOP.ANNOP'>,2965526615168,algorithms.GA_with_plotting_fitshare,[82, 0.4688149688149688, 0.4149377593360996, 40, 'tournament_selection', 'uniform_crossover', 0.95, 'ball_mutation', <mtrand.RandomState object at 0x000002B277291480>, None, 0.95, 0.0675249488171458, 6369.043590314395],2.139159437426043
<class 'problems.ANNOP.ANNOP'>,2965526615168,algorithms.GA_with_plotting_fitshare,[83, 0.4688149688149688, 0.4149377593360996, 40, 'tournament_selection', 'uniform_crossover', 0.95, 'ball_mutation', <mtrand.RandomState object at 0x000002B277291480>, None, 0.95, -0.07083250694585541, 5249.742162028478],2.132321942161775
<class 'problems.ANNOP.ANNOP'>,2965526615168,algorithms.GA_with_plotting_fitshare,[84, 0.4688149688149688, 0.4149377593360996, 40, 'tournament_selection', 'uniform_crossover', 0.95, 'ball_mutation', <mtrand.RandomState object at 0x000002B277291480>, None, 0.95, 0.052163964184403805, 6779.887694465842],2.1530790743477732
<class 'problems.ANNOP.ANNOP'>,2965526615168,algorithms.GA_with_plotting_fitshare,[85, 0.4688149688149688, 0.4149377593360996, 40, 'tournament_selection', 'uniform_crossover', 0.95, 'ball_mutation', <mtrand.RandomState object at 0x000002B277291480>, None, 0.95, -0.05509911903192004, 7012.192156429666],2.1593773454832865
<class 'problems.ANNOP.ANNOP'>,2965526615168,algorithms.GA_with_plotting_fitshare,[86, 0.4688149688149688, 0.4149377593360996, 40, 'tournament_selection', 'uniform_crossover', 0.95, 'ball_mutation', <mtrand.RandomState object at 0x000002B277291480>, None, 0.95, 0.017733407180131784, 6739.949213456855],2.153413137270239
<class 'problems.ANNOP.ANNOP'>,2965526615168,algorithms.GA_with_plotting_fitshare,[87, 0.4688149688149688, 0.4149377593360996, 40, 'tournament_selection', 'uniform_crossover', 0.95, 'ball_mutation', <mtrand.RandomState object at 0x000002B277291480>, None, 0.95, 0.04457508605048786, 6709.529993639377],2.1555753087745355
<class 'problems.ANNOP.ANNOP'>,2965526615168,algorithms.GA_with_plotting_fitshare,[88, 0.4688149688149688, 0.4149377593360996, 40, 'tournament_selection', 'uniform_crossover', 0.95, 'ball_mutation', <mtrand.RandomState object at 0x000002B277291480>, None, 0.95, -0.027234388157600195, 5977.667346945546],2.141634393158086
<class 'problems.ANNOP.ANNOP'>,2965526615168,algorithms.GA_with_plotting_fitshare,[89, 0.4688149688149688, 0.4149377593360996, 40, 'tournament_selection', 'uniform_crossover', 0.95, 'ball_mutation', <mtrand.RandomState object at 0x000002B277291480>, None, 0.95, -0.04144766587161928, 6965.237349055467],2.1535846645477665
<class 'problems.ANNOP.ANNOP'>,2965526615168,algorithms.GA_with_plotting_fitshare,[90, 0.4688149688149688, 0.4149377593360996, 40, 'tournament_selection', 'uniform_crossover', 0.95, 'ball_mutation', <mtrand.RandomState object at 0x000002B277291480>, None, 0.95, 0.007988502474801817, 6620.881594184092],2.146499495706718
<class 'problems.ANNOP.ANNOP'>,2965526615168,algorithms.GA_with_plotting_fitshare,[91, 0.4688149688149688, 0.4149377593360996, 40, 'tournament_selection', 'uniform_crossover', 0.95, 'ball_mutation', <mtrand.RandomState object at 0x000002B277291480>, None, 0.95, 0.00038147090200420924, 6304.723707783523],2.1486998966940356
<class 'problems.ANNOP.ANNOP'>,2965526615168,algorithms.GA_with_plotting_fitshare,[92, 0.4688149688149688, 0.4149377593360996, 40, 'tournament_selection', 'uniform_crossover', 0.95, 'ball_mutation', <mtrand.RandomState object at 0x000002B277291480>, None, 0.95, 0.03296076713440531, 6584.803672296417],2.1518944924228656
<class 'problems.ANNOP.ANNOP'>,2965526615168,algorithms.GA_with_plotting_fitshare,[93, 0.4688149688149688, 0.4149377593360996, 40, 'tournament_selection', 'uniform_crossover', 0.95, 'ball_mutation', <mtrand.RandomState object at 0x000002B277291480>, None, 0.95, 0.01954260170587452, 6740.151149287531],2.1552906314289246
<class 'problems.ANNOP.ANNOP'>,2965526615168,algorithms.GA_with_plotting_fitshare,[94, 0.4688149688149688, 0.4149377593360996, 40, 'tournament_selection', 'uniform_crossover', 0.95, 'ball_mutation', <mtrand.RandomState object at 0x000002B277291480>, None, 0.95, -0.05659290062041751, 6015.933162967131],2.140953339998592
<class 'problems.ANNOP.ANNOP'>,2965526615168,algorithms.GA_with_plotting_fitshare,[95, 0.4688149688149688, 0.4149377593360996, 40, 'tournament_selection', 'uniform_crossover', 0.95, 'ball_mutation', <mtrand.RandomState object at 0x000002B277291480>, None, 0.95, 0.0358721476786015, 5473.754988743378],2.1350622121613783
<class 'problems.ANNOP.ANNOP'>,2965526615168,algorithms.GA_with_plotting_fitshare,[96, 0.4688149688149688, 0.4149377593360996, 40, 'tournament_selection', 'uniform_crossover', 0.95, 'ball_mutation', <mtrand.RandomState object at 0x000002B277291480>, None, 0.95, 0.008363212744804921, 6520.486270462326],2.1492407959965316
<class 'problems.ANNOP.ANNOP'>,2965526615168,algorithms.GA_with_plotting_fitshare,[97, 0.4688149688149688, 0.4149377593360996, 40, 'tournament_selection', 'uniform_crossover', 0.95, 'ball_mutation', <mtrand.RandomState object at 0x000002B277291480>, None, 0.95, -0.0077966798863850495, 5813.833734519792],2.1385507078985415
<class 'problems.ANNOP.ANNOP'>,2965526615168,algorithms.GA_with_plotting_fitshare,[98, 0.4688149688149688, 0.4149377593360996, 40, 'tournament_selection', 'uniform_crossover', 0.95, 'ball_mutation', <mtrand.RandomState object at 0x000002B277291480>, None, 0.95, 0.004103037113850655, 6864.092310965923],2.160066291218143
<class 'problems.ANNOP.ANNOP'>,2965526615168,algorithms.GA_with_plotting_fitshare,[99, 0.4688149688149688, 0.4149377593360996, 40, 'tournament_selection', 'uniform_crossover', 0.95, 'ball_mutation', <mtrand.RandomState object at 0x000002B277291480>, None, 0.95, -0.030090292863636244, 6586.404250123146],2.166050962992218
<class 'problems.ANNOP.ANNOP'>,2965526615168,algorithms.GA_with_plotting_fitshare,[100, 0.4688149688149688, 0.4149377593360996, 40, 'tournament_selection', 'uniform_crossover', 0.95, 'ball_mutation', <mtrand.RandomState object at 0x000002B277291480>, None, 0.95, -0.0035636117538481796, 6169.06861850076],2.1521199345695483
<class 'problems.ANNOP.ANNOP'>,2965526615168,algorithms.GA_with_plotting_fitshare,[101, 0.4688149688149688, 0.4149377593360996, 40, 'tournament_selection', 'uniform_crossover', 0.95, 'ball_mutation', <mtrand.RandomState object at 0x000002B277291480>, None, 0.95, 0.04897872215312976, 6203.027767699934],2.153898860501307
<class 'problems.ANNOP.ANNOP'>,2965526615168,algorithms.GA_with_plotting_fitshare,[102, 0.4688149688149688, 0.4149377593360996, 40, 'tournament_selection', 'uniform_crossover', 0.95, 'ball_mutation', <mtrand.RandomState object at 0x000002B277291480>, None, 0.95, -0.04349266062530882, 5627.322407736374],2.1455392388410783
<class 'problems.ANNOP.ANNOP'>,2965526615168,algorithms.GA_with_plotting_fitshare,[103, 0.4688149688149688, 0.4149377593360996, 40, 'tournament_selection', 'uniform_crossover', 0.95, 'ball_mutation', <mtrand.RandomState object at 0x000002B277291480>, None, 0.95, -0.001492230020169738, 6853.31989544273],2.1626124199796717
<class 'problems.ANNOP.ANNOP'>,2965526615168,algorithms.GA_with_plotting_fitshare,[104, 0.4688149688149688, 0.4149377593360996, 40, 'tournament_selection', 'uniform_crossover', 0.95, 'ball_mutation', <mtrand.RandomState object at 0x000002B277291480>, None, 0.95, 0.04540289750401956, 6481.122084727008],2.15507528208328
<class 'problems.ANNOP.ANNOP'>,2965526615168,algorithms.GA_with_plotting_fitshare,[105, 0.4688149688149688, 0.4190871369294606, 40, 'tournament_selection', 'uniform_crossover', 0.95, 'ball_mutation', <mtrand.RandomState object at 0x000002B277291480>, None, 0.95, -0.043645278412886714, 5881.0520867554305],2.1398457884287434
<class 'problems.ANNOP.ANNOP'>,2965526615168,algorithms.GA_with_plotting_fitshare,[106, 0.4688149688149688, 0.4190871369294606, 40, 'tournament_selection', 'uniform_crossover', 0.95, 'ball_mutation', <mtrand.RandomState object at 0x000002B277291480>, None, 0.95, 0.04298718650526711, 6863.616368028892],2.1537725149325273
<class 'problems.ANNOP.ANNOP'>,2965526615168,algorithms.GA_with_plotting_fitshare,[107, 0.4688149688149688, 0.4190871369294606, 40, 'tournament_selection', 'uniform_crossover', 0.95, 'ball_mutation', <mtrand.RandomState object at 0x000002B277291480>, None, 0.95, -0.04601835184535334, 6720.547999868514],2.1587771404911544
<class 'problems.ANNOP.ANNOP'>,2965526615168,algorithms.GA_with_plotting_fitshare,[108, 0.4688149688149688, 0.4190871369294606, 40, 'tournament_selection', 'uniform_crossover', 0.95, 'ball_mutation', <mtrand.RandomState object at 0x000002B277291480>, None, 0.95, 0.0033354683226225063, 6275.198501018927],2.153493195203225
<class 'problems.ANNOP.ANNOP'>,2965526615168,algorithms.GA_with_plotting_fitshare,[109, 0.4688149688149688, 0.4190871369294606, 40, 'tournament_selection', 'uniform_crossover', 0.95, 'ball_mutation', <mtrand.RandomState object at 0x000002B277291480>, None, 0.95, -0.002439623311521519, 6410.156437631499],2.1622357266788765
<class 'problems.ANNOP.ANNOP'>,2965526615168,algorithms.GA_with_plotting_fitshare,[110, 0.4688149688149688, 0.4190871369294606, 40, 'tournament_selection', 'uniform_crossover', 0.95, 'ball_mutation', <mtrand.RandomState object at 0x000002B277291480>, None, 0.95, -0.0026237685768683433, 5946.892747980835],2.1607706793951817
<class 'problems.ANNOP.ANNOP'>,2965526615168,algorithms.GA_with_plotting_fitshare,[111, 0.4688149688149688, 0.4190871369294606, 40, 'tournament_selection', 'uniform_crossover', 0.95, 'ball_mutation', <mtrand.RandomState object at 0x000002B277291480>, None, 0.95, 0.01343720692256424, 7319.258337009627],2.1779553350995933
<class 'problems.ANNOP.ANNOP'>,2965526615168,algorithms.GA_with_plotting_fitshare,[112, 0.4688149688149688, 0.4190871369294606, 40, 'tournament_selection', 'uniform_crossover', 0.95, 'ball_mutation', <mtrand.RandomState object at 0x000002B277291480>, None, 0.95, -0.012804081121017725, 7256.606979206506],2.183679126843367
<class 'problems.ANNOP.ANNOP'>,2965526615168,algorithms.GA_with_plotting_fitshare,[113, 0.4688149688149688, 0.4190871369294606, 40, 'tournament_selection', 'uniform_crossover', 0.95, 'ball_mutation', <mtrand.RandomState object at 0x000002B277291480>, None, 0.95, 0.03134701508247322, 6736.164023274213],2.1881429265613193
<class 'problems.ANNOP.ANNOP'>,2965526615168,algorithms.GA_with_plotting_fitshare,[114, 0.4688149688149688, 0.4190871369294606, 40, 'tournament_selection', 'uniform_crossover', 0.95, 'ball_mutation', <mtrand.RandomState object at 0x000002B277291480>, None, 0.95, 0.0032644950948970686, 6694.477442955913],2.182316230033543
<class 'problems.ANNOP.ANNOP'>,2965526615168,algorithms.GA_with_plotting_fitshare,[115, 0.4688149688149688, 0.4190871369294606, 40, 'tournament_selection', 'uniform_crossover', 0.95, 'ball_mutation', <mtrand.RandomState object at 0x000002B277291480>, None, 0.95, -0.03136855387539288, 6425.948513811959],2.190181125064957
<class 'problems.ANNOP.ANNOP'>,2965526615168,algorithms.GA_with_plotting_fitshare,[116, 0.4688149688149688, 0.4190871369294606, 40, 'tournament_selection', 'uniform_crossover', 0.95, 'ball_mutation', <mtrand.RandomState object at 0x000002B277291480>, None, 0.95, 0.0006437722787065309, 6136.680777438207],2.174503016637933
<class 'problems.ANNOP.ANNOP'>,2965526615168,algorithms.GA_with_plotting_fitshare,[117, 0.4688149688149688, 0.4190871369294606, 40, 'tournament_selection', 'uniform_crossover', 0.95, 'ball_mutation', <mtrand.RandomState object at 0x000002B277291480>, None, 0.95, 0.0003522750537804861, 6221.994872767382],2.1689936920706665
<class 'problems.ANNOP.ANNOP'>,2965526615168,algorithms.GA_with_plotting_fitshare,[118, 0.4698544698544699, 0.4149377593360996, 40, 'tournament_selection', 'uniform_crossover', 0.95, 'ball_mutation', <mtrand.RandomState object at 0x000002B277291480>, None, 0.95, -0.0013437949919779743, 6920.689929079133],2.190147182911018
<class 'problems.ANNOP.ANNOP'>,2965526615168,algorithms.GA_with_plotting_fitshare,[119, 0.4698544698544699, 0.4149377593360996, 40, 'tournament_selection', 'uniform_crossover', 0.95, 'ball_mutation', <mtrand.RandomState object at 0x000002B277291480>, None, 0.95, 0.013645058762853213, 7364.895205536563],2.1898729402201758
<class 'problems.ANNOP.ANNOP'>,2965526615168,algorithms.GA_with_plotting_fitshare,[120, 0.4698544698544699, 0.4149377593360996, 40, 'tournament_selection', 'uniform_crossover', 0.95, 'ball_mutation', <mtrand.RandomState object at 0x000002B277291480>, None, 0.95, 0.016713532622781815, 8020.78808261661],2.2071245198884593
<class 'problems.ANNOP.ANNOP'>,2965526615168,algorithms.GA_with_plotting_fitshare,[121, 0.4698544698544699, 0.4149377593360996, 40, 'tournament_selection', 'uniform_crossover', 0.95, 'ball_mutation', <mtrand.RandomState object at 0x000002B277291480>, None, 0.95, -0.016581105190169226, 7519.6841900837635],2.2309186039553413
<class 'problems.ANNOP.ANNOP'>,2965526615168,algorithms.GA_with_plotting_fitshare,[122, 0.4698544698544699, 0.4149377593360996, 40, 'tournament_selection', 'uniform_crossover', 0.95, 'ball_mutation', <mtrand.RandomState object at 0x000002B277291480>, None, 0.95, 0.016855200470298967, 6260.407280029281],2.229197693145898
<class 'problems.ANNOP.ANNOP'>,2965526615168,algorithms.GA_with_plotting_fitshare,[123, 0.4698544698544699, 0.4149377593360996, 40, 'tournament_selection', 'uniform_crossover', 0.95, 'ball_mutation', <mtrand.RandomState object at 0x000002B277291480>, None, 0.95, -0.02267145202062533, 5385.335721200312],2.2282748885825088
<class 'problems.ANNOP.ANNOP'>,2965526615168,algorithms.GA_with_plotting_fitshare,[124, 0.4698544698544699, 0.4190871369294606, 40, 'tournament_selection', 'uniform_crossover', 0.95, 'ball_mutation', <mtrand.RandomState object at 0x000002B277291480>, None, 0.95, -0.0011586019919552493, 6369.301237269102],2.2426911529309144
matplotlib.font_manager,findfont: Matching :family=sans-serif:style=normal:variant=normal:weight=normal:stretch=normal:size=10.0 to DejaVu Sans ('C:\\Users\\dominika.leszko\\PycharmProjects\\KonradBaseline\\venv\\lib\\site-packages\\matplotlib\\mpl-data\\fonts\\ttf\\DejaVuSans.ttf') with score of 0.050000.
matplotlib.axes._base,update_title_pos
matplotlib.font_manager,findfont: Matching :family=sans-serif:style=normal:variant=normal:weight=normal:stretch=normal:size=12.0 to DejaVu Sans ('C:\\Users\\dominika.leszko\\PycharmProjects\\KonradBaseline\\venv\\lib\\site-packages\\matplotlib\\mpl-data\\fonts\\ttf\\DejaVuSans.ttf') with score of 0.050000.
matplotlib.axes._base,update_title_pos
matplotlib.axes._base,update_title_pos
matplotlib.axes._base,update_title_pos
matplotlib.font_manager,findfont: Matching :family=sans-serif:style=normal:variant=normal:weight=normal:stretch=normal:size=8.33 to DejaVu Sans ('C:\\Users\\dominika.leszko\\PycharmProjects\\KonradBaseline\\venv\\lib\\site-packages\\matplotlib\\mpl-data\\fonts\\ttf\\DejaVuSans.ttf') with score of 0.050000.
matplotlib.axes._base,update_title_pos
matplotlib.axes._base,update_title_pos
matplotlib.axes._base,update_title_pos
matplotlib.axes._base,update_title_pos
matplotlib.axes._base,update_title_pos
matplotlib.axes._base,update_title_pos
matplotlib.axes._base,update_title_pos
matplotlib.axes._base,update_title_pos
matplotlib.axes._base,update_title_pos
matplotlib.axes._base,update_title_pos
matplotlib.axes._base,update_title_pos
matplotlib.axes._base,update_title_pos
matplotlib.axes._base,update_title_pos
matplotlib.axes._base,update_title_pos
matplotlib.axes._base,update_title_pos
matplotlib.axes._base,update_title_pos
matplotlib.axes._base,update_title_pos
matplotlib.axes._base,update_title_pos
matplotlib.axes._base,update_title_pos
matplotlib.axes._base,update_title_pos
matplotlib.axes._base,update_title_pos
matplotlib.axes._base,update_title_pos
matplotlib.axes._base,update_title_pos
matplotlib.axes._base,update_title_pos
matplotlib.axes._base,update_title_pos
matplotlib.axes._base,update_title_pos
matplotlib.axes._base,update_title_pos
matplotlib.axes._base,update_title_pos
matplotlib.axes._base,update_title_pos
matplotlib.axes._base,update_title_pos
matplotlib.axes._base,update_title_pos
matplotlib.axes._base,update_title_pos
matplotlib.axes._base,update_title_pos
matplotlib.axes._base,update_title_pos
matplotlib.axes._base,update_title_pos
matplotlib.axes._base,update_title_pos
matplotlib.axes._base,update_title_pos
matplotlib.axes._base,update_title_pos
