<class 'problems.ANNOP.ANNOP'>,1876113510976,algorithms.GA_with_plotting_fitshare,[0, 0.21621621621621623, 0.18672199170124482, 40, 'tournament_selection', 'uniform_crossover', 0.95, 'ball_mutation', <mtrand.RandomState object at 0x000001B4D1145240>, None, 0.95, 0.002582535867272962, 32807.7981826224],1.1570168368340088
<class 'problems.ANNOP.ANNOP'>,1876113510976,algorithms.GA_with_plotting_fitshare,[1, 0.21621621621621623, 0.18672199170124482, 40, 'tournament_selection', 'uniform_crossover', 0.95, 'ball_mutation', <mtrand.RandomState object at 0x000001B4D1145240>, None, 0.95, 0.01178353469679213, 27311.86525002723],1.1864801677646672
<class 'problems.ANNOP.ANNOP'>,1876113510976,algorithms.GA_with_plotting_fitshare,[2, 0.21621621621621623, 0.18672199170124482, 40, 'tournament_selection', 'uniform_crossover', 0.95, 'ball_mutation', <mtrand.RandomState object at 0x000001B4D1145240>, None, 0.95, -0.0036079698697652623, 24083.7138536503],1.2163628363762962
<class 'problems.ANNOP.ANNOP'>,1876113510976,algorithms.GA_with_plotting_fitshare,[3, 0.21621621621621623, 0.18672199170124482, 40, 'tournament_selection', 'uniform_crossover', 0.95, 'ball_mutation', <mtrand.RandomState object at 0x000001B4D1145240>, None, 0.95, -0.0057439117942621985, 20502.871499140296],1.2370717530312396
<class 'problems.ANNOP.ANNOP'>,1876113510976,algorithms.GA_with_plotting_fitshare,[4, 0.21621621621621623, 0.18672199170124482, 40, 'tournament_selection', 'uniform_crossover', 0.95, 'ball_mutation', <mtrand.RandomState object at 0x000001B4D1145240>, None, 0.95, 0.006495731675688062, 12017.945484862488],1.2460982286839153
<class 'problems.ANNOP.ANNOP'>,1876113510976,algorithms.GA_with_plotting_fitshare,[5, 0.2234927234927235, 0.21991701244813278, 40, 'tournament_selection', 'uniform_crossover', 0.95, 'ball_mutation', <mtrand.RandomState object at 0x000001B4D1145240>, None, 0.95, -0.0008978087267626916, 10547.91741102987],1.2694955317900594
<class 'problems.ANNOP.ANNOP'>,1876113510976,algorithms.GA_with_plotting_fitshare,[6, 0.23284823284823286, 0.25311203319502074, 40, 'tournament_selection', 'uniform_crossover', 0.95, 'ball_mutation', <mtrand.RandomState object at 0x000001B4D1145240>, None, 0.95, 0.004682015604362932, 10455.6067306729],1.260399965781119
<class 'problems.ANNOP.ANNOP'>,1876113510976,algorithms.GA_with_plotting_fitshare,[7, 0.23492723492723494, 0.25311203319502074, 40, 'tournament_selection', 'uniform_crossover', 0.95, 'ball_mutation', <mtrand.RandomState object at 0x000001B4D1145240>, None, 0.95, 0.00031595664802893525, 11446.966264238763],1.283676489746447
<class 'problems.ANNOP.ANNOP'>,1876113510976,algorithms.GA_with_plotting_fitshare,[8, 0.23492723492723494, 0.24896265560165975, 40, 'tournament_selection', 'uniform_crossover', 0.95, 'ball_mutation', <mtrand.RandomState object at 0x000001B4D1145240>, None, 0.95, -0.005670490315651172, 12196.271426931517],1.3221861205960717
<class 'problems.ANNOP.ANNOP'>,1876113510976,algorithms.GA_with_plotting_fitshare,[9, 0.23804573804573806, 0.26556016597510373, 40, 'tournament_selection', 'uniform_crossover', 0.95, 'ball_mutation', <mtrand.RandomState object at 0x000001B4D1145240>, None, 0.95, 0.004779547958421761, 10709.461036606706],1.3785262643042457
<class 'problems.ANNOP.ANNOP'>,1876113510976,algorithms.GA_with_plotting_fitshare,[10, 0.26507276507276506, 0.2987551867219917, 40, 'tournament_selection', 'uniform_crossover', 0.95, 'ball_mutation', <mtrand.RandomState object at 0x000001B4D1145240>, None, 0.95, 0.0015934921215047665, 9762.672981713169],1.3974109966408983
<class 'problems.ANNOP.ANNOP'>,1876113510976,algorithms.GA_with_plotting_fitshare,[11, 0.2692307692307692, 0.3029045643153527, 40, 'tournament_selection', 'uniform_crossover', 0.95, 'ball_mutation', <mtrand.RandomState object at 0x000001B4D1145240>, None, 0.95, 0.00245372178421336, 9731.958972363454],1.4106170703346168
<class 'problems.ANNOP.ANNOP'>,1876113510976,algorithms.GA_with_plotting_fitshare,[12, 0.2869022869022869, 0.3070539419087137, 40, 'tournament_selection', 'uniform_crossover', 0.95, 'ball_mutation', <mtrand.RandomState object at 0x000001B4D1145240>, None, 0.95, -0.0015943262162805769, 9500.29509863513],1.4216716571754984
<class 'problems.ANNOP.ANNOP'>,1876113510976,algorithms.GA_with_plotting_fitshare,[13, 0.3108108108108108, 0.3070539419087137, 40, 'tournament_selection', 'uniform_crossover', 0.95, 'ball_mutation', <mtrand.RandomState object at 0x000001B4D1145240>, None, 0.95, 0.0046876809737506075, 9537.02112029605],1.4491319545878834
<class 'problems.ANNOP.ANNOP'>,1563493344312,algorithms.GA_with_plotting_fitshare,[0, 0.21621621621621623, 0.18672199170124482, 40, 'tournament_selection', 'uniform_crossover', 0.95, 'ball_mutation', <mtrand.RandomState object at 0x0000016C07772438>, None, 0.95, 0.002582535867272962, 32807.7981826224],1.1570168368340088
<class 'problems.ANNOP.ANNOP'>,1563493344312,algorithms.GA_with_plotting_fitshare,[1, 0.21621621621621623, 0.18672199170124482, 40, 'tournament_selection', 'uniform_crossover', 0.95, 'ball_mutation', <mtrand.RandomState object at 0x0000016C07772438>, None, 0.95, 0.01178353469679213, 27311.86525002723],1.1864801677646672
<class 'problems.ANNOP.ANNOP'>,1563493344312,algorithms.GA_with_plotting_fitshare,[2, 0.21621621621621623, 0.18672199170124482, 40, 'tournament_selection', 'uniform_crossover', 0.95, 'ball_mutation', <mtrand.RandomState object at 0x0000016C07772438>, None, 0.95, -0.0036079698697652623, 24083.7138536503],1.2163628363762962
<class 'problems.ANNOP.ANNOP'>,1563493344312,algorithms.GA_with_plotting_fitshare,[3, 0.21621621621621623, 0.18672199170124482, 40, 'tournament_selection', 'uniform_crossover', 0.95, 'ball_mutation', <mtrand.RandomState object at 0x0000016C07772438>, None, 0.95, -0.0057439117942621985, 20502.871499140296],1.2370717530312396
<class 'problems.ANNOP.ANNOP'>,1563493344312,algorithms.GA_with_plotting_fitshare,[4, 0.21621621621621623, 0.18672199170124482, 40, 'tournament_selection', 'uniform_crossover', 0.95, 'ball_mutation', <mtrand.RandomState object at 0x0000016C07772438>, None, 0.95, 0.006495731675688062, 12017.945484862488],1.2460982286839153
<class 'problems.ANNOP.ANNOP'>,1563493344312,algorithms.GA_with_plotting_fitshare,[5, 0.2234927234927235, 0.21991701244813278, 40, 'tournament_selection', 'uniform_crossover', 0.95, 'ball_mutation', <mtrand.RandomState object at 0x0000016C07772438>, None, 0.95, -0.0008978087267626916, 10547.91741102987],1.2694955317900594
<class 'problems.ANNOP.ANNOP'>,1563493344312,algorithms.GA_with_plotting_fitshare,[6, 0.23284823284823286, 0.25311203319502074, 40, 'tournament_selection', 'uniform_crossover', 0.95, 'ball_mutation', <mtrand.RandomState object at 0x0000016C07772438>, None, 0.95, 0.004682015604362932, 10455.6067306729],1.260399965781119
<class 'problems.ANNOP.ANNOP'>,1563493344312,algorithms.GA_with_plotting_fitshare,[7, 0.23492723492723494, 0.25311203319502074, 40, 'tournament_selection', 'uniform_crossover', 0.95, 'ball_mutation', <mtrand.RandomState object at 0x0000016C07772438>, None, 0.95, 0.00031595664802893525, 11446.966264238763],1.283676489746447
<class 'problems.ANNOP.ANNOP'>,1563493344312,algorithms.GA_with_plotting_fitshare,[8, 0.23492723492723494, 0.24896265560165975, 40, 'tournament_selection', 'uniform_crossover', 0.95, 'ball_mutation', <mtrand.RandomState object at 0x0000016C07772438>, None, 0.95, -0.005670490315651172, 12196.271426931517],1.3221861205960717
<class 'problems.ANNOP.ANNOP'>,1563493344312,algorithms.GA_with_plotting_fitshare,[9, 0.23804573804573806, 0.26556016597510373, 40, 'tournament_selection', 'uniform_crossover', 0.95, 'ball_mutation', <mtrand.RandomState object at 0x0000016C07772438>, None, 0.95, 0.004779547958421761, 10709.461036606706],1.3785262643042457
<class 'problems.ANNOP.ANNOP'>,1563493344312,algorithms.GA_with_plotting_fitshare,[10, 0.26507276507276506, 0.2987551867219917, 40, 'tournament_selection', 'uniform_crossover', 0.95, 'ball_mutation', <mtrand.RandomState object at 0x0000016C07772438>, None, 0.95, 0.0015934921215047665, 9762.672981713169],1.3974109966408983
<class 'problems.ANNOP.ANNOP'>,1563493344312,algorithms.GA_with_plotting_fitshare,[11, 0.2692307692307692, 0.3029045643153527, 40, 'tournament_selection', 'uniform_crossover', 0.95, 'ball_mutation', <mtrand.RandomState object at 0x0000016C07772438>, None, 0.95, 0.00245372178421336, 9731.958972363454],1.4106170703346168
<class 'problems.ANNOP.ANNOP'>,1563493344312,algorithms.GA_with_plotting_fitshare,[12, 0.2869022869022869, 0.3070539419087137, 40, 'tournament_selection', 'uniform_crossover', 0.95, 'ball_mutation', <mtrand.RandomState object at 0x0000016C07772438>, None, 0.95, -0.0015943262162805769, 9500.29509863513],1.4216716571754984
<class 'problems.ANNOP.ANNOP'>,1563493344312,algorithms.GA_with_plotting_fitshare,[13, 0.3108108108108108, 0.3070539419087137, 40, 'tournament_selection', 'uniform_crossover', 0.95, 'ball_mutation', <mtrand.RandomState object at 0x0000016C07772438>, None, 0.95, 0.0046876809737506075, 9537.02112029605],1.4491319545878834
<class 'problems.ANNOP.ANNOP'>,1563493344312,algorithms.GA_with_plotting_fitshare,[14, 0.3191268191268191, 0.33195020746887965, 40, 'tournament_selection', 'uniform_crossover', 0.95, 'ball_mutation', <mtrand.RandomState object at 0x0000016C07772438>, None, 0.95, -0.012487215910497527, 9032.981930247699],1.4789036368047308
<class 'problems.ANNOP.ANNOP'>,1563493344312,algorithms.GA_with_plotting_fitshare,[15, 0.3191268191268191, 0.33195020746887965, 40, 'tournament_selection', 'uniform_crossover', 0.95, 'ball_mutation', <mtrand.RandomState object at 0x0000016C07772438>, None, 0.95, 0.0019307124425039165, 8453.091416593299],1.5048409654488395
<class 'problems.ANNOP.ANNOP'>,1563493344312,algorithms.GA_with_plotting_fitshare,[16, 0.3232848232848233, 0.34439834024896265, 40, 'tournament_selection', 'uniform_crossover', 0.95, 'ball_mutation', <mtrand.RandomState object at 0x0000016C07772438>, None, 0.95, 0.0015393333494084643, 8303.253307523886],1.5220656534785844
<class 'problems.ANNOP.ANNOP'>,1563493344312,algorithms.GA_with_plotting_fitshare,[17, 0.3316008316008316, 0.31950207468879666, 40, 'tournament_selection', 'uniform_crossover', 0.95, 'ball_mutation', <mtrand.RandomState object at 0x0000016C07772438>, None, 0.95, -0.0021803408098357013, 8099.782849401318],1.5346749224764469
<class 'problems.ANNOP.ANNOP'>,1563493344312,algorithms.GA_with_plotting_fitshare,[18, 0.3316008316008316, 0.31950207468879666, 40, 'tournament_selection', 'uniform_crossover', 0.95, 'ball_mutation', <mtrand.RandomState object at 0x0000016C07772438>, None, 0.95, 0.0041169570018521895, 8303.895767888102],1.5508746776310818
<class 'problems.ANNOP.ANNOP'>,1563493344312,algorithms.GA_with_plotting_fitshare,[19, 0.3316008316008316, 0.31950207468879666, 40, 'tournament_selection', 'uniform_crossover', 0.95, 'ball_mutation', <mtrand.RandomState object at 0x0000016C07772438>, None, 0.95, -0.00509592122982544, 9229.090198035667],1.5816408110471791
<class 'problems.ANNOP.ANNOP'>,1563493344312,algorithms.GA_with_plotting_fitshare,[20, 0.35135135135135137, 0.34854771784232363, 40, 'tournament_selection', 'uniform_crossover', 0.95, 'ball_mutation', <mtrand.RandomState object at 0x0000016C07772438>, None, 0.95, 0.004387645589800343, 9933.685513318671],1.6147274451015008
<class 'problems.ANNOP.ANNOP'>,1563493344312,algorithms.GA_with_plotting_fitshare,[21, 0.35135135135135137, 0.34854771784232363, 40, 'tournament_selection', 'uniform_crossover', 0.95, 'ball_mutation', <mtrand.RandomState object at 0x0000016C07772438>, None, 0.95, 0.021769025919268013, 8901.927650006151],1.644624218257307
<class 'problems.ANNOP.ANNOP'>,1563493344312,algorithms.GA_with_plotting_fitshare,[22, 0.35135135135135137, 0.34854771784232363, 40, 'tournament_selection', 'uniform_crossover', 0.95, 'ball_mutation', <mtrand.RandomState object at 0x0000016C07772438>, None, 0.95, -0.02235505202282656, 10007.092171261576],1.663148248874268
<class 'problems.ANNOP.ANNOP'>,1563493344312,algorithms.GA_with_plotting_fitshare,[23, 0.35135135135135137, 0.34854771784232363, 40, 'tournament_selection', 'uniform_crossover', 0.95, 'ball_mutation', <mtrand.RandomState object at 0x0000016C07772438>, None, 0.95, -0.0003830576201491326, 9732.379215196355],1.6616082419866502
<class 'problems.ANNOP.ANNOP'>,1563493344312,algorithms.GA_with_plotting_fitshare,[24, 0.35135135135135137, 0.34854771784232363, 40, 'tournament_selection', 'uniform_crossover', 0.95, 'ball_mutation', <mtrand.RandomState object at 0x0000016C07772438>, None, 0.95, 0.001569511308405401, 9682.817736409106],1.6517368013129063
<class 'problems.ANNOP.ANNOP'>,1563493344312,algorithms.GA_with_plotting_fitshare,[25, 0.35135135135135137, 0.34854771784232363, 40, 'tournament_selection', 'uniform_crossover', 0.95, 'ball_mutation', <mtrand.RandomState object at 0x0000016C07772438>, None, 0.95, 0.004737383848799459, 9915.155059156541],1.6707149883549193
<class 'problems.ANNOP.ANNOP'>,1563493344312,algorithms.GA_with_plotting_fitshare,[26, 0.35135135135135137, 0.34854771784232363, 40, 'tournament_selection', 'uniform_crossover', 0.95, 'ball_mutation', <mtrand.RandomState object at 0x0000016C07772438>, None, 0.95, -0.008709026770247985, 10346.259400585128],1.6770001917877289
<class 'problems.ANNOP.ANNOP'>,1563493344312,algorithms.GA_with_plotting_fitshare,[27, 0.35135135135135137, 0.34854771784232363, 40, 'tournament_selection', 'uniform_crossover', 0.95, 'ball_mutation', <mtrand.RandomState object at 0x0000016C07772438>, None, 0.95, 0.0067178252093507765, 9713.131289120303],1.6611921192094212
<class 'problems.ANNOP.ANNOP'>,1563493344312,algorithms.GA_with_plotting_fitshare,[28, 0.35135135135135137, 0.34854771784232363, 40, 'tournament_selection', 'uniform_crossover', 0.95, 'ball_mutation', <mtrand.RandomState object at 0x0000016C07772438>, None, 0.95, 0.0034801981566697088, 9112.504409144974],1.6581957068816333
<class 'problems.ANNOP.ANNOP'>,1563493344312,algorithms.GA_with_plotting_fitshare,[29, 0.38357588357588357, 0.38589211618257263, 40, 'tournament_selection', 'uniform_crossover', 0.95, 'ball_mutation', <mtrand.RandomState object at 0x0000016C07772438>, None, 0.95, -0.0004904335098854726, 9970.219841532287],1.6778590332958943
<class 'problems.ANNOP.ANNOP'>,1563493344312,algorithms.GA_with_plotting_fitshare,[30, 0.38357588357588357, 0.38589211618257263, 40, 'tournament_selection', 'uniform_crossover', 0.95, 'ball_mutation', <mtrand.RandomState object at 0x0000016C07772438>, None, 0.95, 0.005528719353912748, 10648.530207556905],1.698879348474235
<class 'problems.ANNOP.ANNOP'>,1563493344312,algorithms.GA_with_plotting_fitshare,[31, 0.38357588357588357, 0.38589211618257263, 40, 'tournament_selection', 'uniform_crossover', 0.95, 'ball_mutation', <mtrand.RandomState object at 0x0000016C07772438>, None, 0.95, -0.006820029835983649, 8244.525409629889],1.7533788910458477
<class 'problems.ANNOP.ANNOP'>,1563493344312,algorithms.GA_with_plotting_fitshare,[32, 0.38357588357588357, 0.38589211618257263, 40, 'tournament_selection', 'uniform_crossover', 0.95, 'ball_mutation', <mtrand.RandomState object at 0x0000016C07772438>, None, 0.95, 0.01038857112080005, 8986.988341216249],1.7639960402841328
<class 'problems.ANNOP.ANNOP'>,1563493344312,algorithms.GA_with_plotting_fitshare,[33, 0.38357588357588357, 0.38589211618257263, 40, 'tournament_selection', 'uniform_crossover', 0.95, 'ball_mutation', <mtrand.RandomState object at 0x0000016C07772438>, None, 0.95, 0.010188470485815136, 6711.134835060691],1.772140476615938
<class 'problems.ANNOP.ANNOP'>,1563493344312,algorithms.GA_with_plotting_fitshare,[34, 0.38357588357588357, 0.38589211618257263, 40, 'tournament_selection', 'uniform_crossover', 0.95, 'ball_mutation', <mtrand.RandomState object at 0x0000016C07772438>, None, 0.95, -0.02277778155539817, 6054.936425315517],1.7680865632181357
<class 'problems.ANNOP.ANNOP'>,1563493344312,algorithms.GA_with_plotting_fitshare,[35, 0.38357588357588357, 0.38589211618257263, 40, 'tournament_selection', 'uniform_crossover', 0.95, 'ball_mutation', <mtrand.RandomState object at 0x0000016C07772438>, None, 0.95, 0.0036646391204849596, 6039.653842103666],1.7666828454487318
<class 'problems.ANNOP.ANNOP'>,1563493344312,algorithms.GA_with_plotting_fitshare,[36, 0.38357588357588357, 0.38589211618257263, 40, 'tournament_selection', 'uniform_crossover', 0.95, 'ball_mutation', <mtrand.RandomState object at 0x0000016C07772438>, None, 0.95, 0.003369990370967829, 6555.18039913358],1.7789397217625493
<class 'problems.ANNOP.ANNOP'>,1563493344312,algorithms.GA_with_plotting_fitshare,[37, 0.38357588357588357, 0.38589211618257263, 40, 'tournament_selection', 'uniform_crossover', 0.95, 'ball_mutation', <mtrand.RandomState object at 0x0000016C07772438>, None, 0.95, 0.0013675060220231933, 7137.277230848895],1.7821808953691756
<class 'problems.ANNOP.ANNOP'>,1563493344312,algorithms.GA_with_plotting_fitshare,[38, 0.38357588357588357, 0.38589211618257263, 40, 'tournament_selection', 'uniform_crossover', 0.95, 'ball_mutation', <mtrand.RandomState object at 0x0000016C07772438>, None, 0.95, 0.001854640719326478, 7278.916047639579],1.7840608988980635
<class 'problems.ANNOP.ANNOP'>,1563493344312,algorithms.GA_with_plotting_fitshare,[39, 0.38357588357588357, 0.3817427385892116, 40, 'tournament_selection', 'uniform_crossover', 0.95, 'ball_mutation', <mtrand.RandomState object at 0x0000016C07772438>, None, 0.95, -0.006045853251858559, 7489.853092535227],1.778133771225401
<class 'problems.ANNOP.ANNOP'>,1563493344312,algorithms.GA_with_plotting_fitshare,[40, 0.38357588357588357, 0.38589211618257263, 40, 'tournament_selection', 'uniform_crossover', 0.95, 'ball_mutation', <mtrand.RandomState object at 0x0000016C07772438>, None, 0.95, 0.002606594757162503, 8414.941270580055],1.7983472633621418
<class 'problems.ANNOP.ANNOP'>,1563493344312,algorithms.GA_with_plotting_fitshare,[41, 0.38357588357588357, 0.3817427385892116, 40, 'tournament_selection', 'uniform_crossover', 0.95, 'ball_mutation', <mtrand.RandomState object at 0x0000016C07772438>, None, 0.95, 0.0039019704224606128, 8027.865990025094],1.7931446942578224
<class 'problems.ANNOP.ANNOP'>,1563493344312,algorithms.GA_with_plotting_fitshare,[42, 0.38357588357588357, 0.38589211618257263, 40, 'tournament_selection', 'uniform_crossover', 0.95, 'ball_mutation', <mtrand.RandomState object at 0x0000016C07772438>, None, 0.95, -0.008731817611442996, 7898.598735851441],1.8004468113575463
<class 'problems.ANNOP.ANNOP'>,1563493344312,algorithms.GA_with_plotting_fitshare,[43, 0.38357588357588357, 0.38589211618257263, 40, 'tournament_selection', 'uniform_crossover', 0.95, 'ball_mutation', <mtrand.RandomState object at 0x0000016C07772438>, None, 0.95, 0.00940721661751178, 7063.265504964719],1.7958290947970745
<class 'problems.ANNOP.ANNOP'>,1563493344312,algorithms.GA_with_plotting_fitshare,[44, 0.38357588357588357, 0.38589211618257263, 40, 'tournament_selection', 'uniform_crossover', 0.95, 'ball_mutation', <mtrand.RandomState object at 0x0000016C07772438>, None, 0.95, -0.00504284775900752, 7231.606642914019],1.7929529699969895
<class 'problems.ANNOP.ANNOP'>,1563493344312,algorithms.GA_with_plotting_fitshare,[45, 0.38357588357588357, 0.38589211618257263, 40, 'tournament_selection', 'uniform_crossover', 0.95, 'ball_mutation', <mtrand.RandomState object at 0x0000016C07772438>, None, 0.95, -0.0009738004602551364, 7494.409806355083],1.7925692216708446
<class 'problems.ANNOP.ANNOP'>,1563493344312,algorithms.GA_with_plotting_fitshare,[46, 0.38357588357588357, 0.38589211618257263, 40, 'tournament_selection', 'uniform_crossover', 0.95, 'ball_mutation', <mtrand.RandomState object at 0x0000016C07772438>, None, 0.95, 0.007151483824748832, 8161.176317783011],1.8107296654419889
<class 'problems.ANNOP.ANNOP'>,1563493344312,algorithms.GA_with_plotting_fitshare,[47, 0.38461538461538464, 0.3817427385892116, 40, 'tournament_selection', 'uniform_crossover', 0.95, 'ball_mutation', <mtrand.RandomState object at 0x0000016C07772438>, None, 0.95, 0.0026400477237077807, 8648.845344468551],1.815472223883965
<class 'problems.ANNOP.ANNOP'>,1563493344312,algorithms.GA_with_plotting_fitshare,[48, 0.38461538461538464, 0.3817427385892116, 40, 'tournament_selection', 'uniform_crossover', 0.95, 'ball_mutation', <mtrand.RandomState object at 0x0000016C07772438>, None, 0.95, -0.014030415390459947, 7934.4200030020165],1.8058741089570087
<class 'problems.ANNOP.ANNOP'>,1563493344312,algorithms.GA_with_plotting_fitshare,[49, 0.38461538461538464, 0.3817427385892116, 40, 'tournament_selection', 'uniform_crossover', 0.95, 'ball_mutation', <mtrand.RandomState object at 0x0000016C07772438>, None, 0.95, 0.00982569304004035, 7571.954869228525],1.82771728661694
<class 'problems.ANNOP.ANNOP'>,1563493344312,algorithms.GA_with_plotting_fitshare,[50, 0.38461538461538464, 0.3817427385892116, 40, 'tournament_selection', 'uniform_crossover', 0.95, 'ball_mutation', <mtrand.RandomState object at 0x0000016C07772438>, None, 0.95, 0.005131933324130311, 7765.319067472974],1.8516328624751932
<class 'problems.ANNOP.ANNOP'>,1563493344312,algorithms.GA_with_plotting_fitshare,[51, 0.38461538461538464, 0.3817427385892116, 40, 'tournament_selection', 'uniform_crossover', 0.95, 'ball_mutation', <mtrand.RandomState object at 0x0000016C07772438>, None, 0.95, -0.0025791529726293533, 7649.883433316462],1.8511142448799625
<class 'problems.ANNOP.ANNOP'>,1563493344312,algorithms.GA_with_plotting_fitshare,[52, 0.38461538461538464, 0.3817427385892116, 40, 'tournament_selection', 'uniform_crossover', 0.95, 'ball_mutation', <mtrand.RandomState object at 0x0000016C07772438>, None, 0.95, -0.009374758728329997, 7107.472797344442],1.8641676222576646
<class 'problems.ANNOP.ANNOP'>,1563493344312,algorithms.GA_with_plotting_fitshare,[53, 0.38461538461538464, 0.3817427385892116, 40, 'tournament_selection', 'uniform_crossover', 0.95, 'ball_mutation', <mtrand.RandomState object at 0x0000016C07772438>, None, 0.95, 0.005457465485952141, 7180.656727711808],1.8708072567596852
<class 'problems.ANNOP.ANNOP'>,1563493344312,algorithms.GA_with_plotting_fitshare,[54, 0.41164241164241167, 0.42323651452282157, 40, 'tournament_selection', 'uniform_crossover', 0.95, 'ball_mutation', <mtrand.RandomState object at 0x0000016C07772438>, None, 0.95, -0.00247413019147099, 6619.064363430708],1.8598218133080904
<class 'problems.ANNOP.ANNOP'>,1563493344312,algorithms.GA_with_plotting_fitshare,[55, 0.41164241164241167, 0.42323651452282157, 40, 'tournament_selection', 'uniform_crossover', 0.95, 'ball_mutation', <mtrand.RandomState object at 0x0000016C07772438>, None, 0.95, -0.0016117664135536225, 6620.860273366541],1.8701484573153457
<class 'problems.ANNOP.ANNOP'>,1563493344312,algorithms.GA_with_plotting_fitshare,[56, 0.41164241164241167, 0.42323651452282157, 40, 'tournament_selection', 'uniform_crossover', 0.95, 'ball_mutation', <mtrand.RandomState object at 0x0000016C07772438>, None, 0.95, 0.011568583279460129, 7217.850036066792],1.8764260575791833
<class 'problems.ANNOP.ANNOP'>,1563493344312,algorithms.GA_with_plotting_fitshare,[57, 0.41164241164241167, 0.42323651452282157, 40, 'tournament_selection', 'uniform_crossover', 0.95, 'ball_mutation', <mtrand.RandomState object at 0x0000016C07772438>, None, 0.95, -0.021832424019394524, 7092.441945373558],1.8833243694989465
<class 'problems.ANNOP.ANNOP'>,1563493344312,algorithms.GA_with_plotting_fitshare,[58, 0.41164241164241167, 0.42323651452282157, 40, 'tournament_selection', 'uniform_crossover', 0.95, 'ball_mutation', <mtrand.RandomState object at 0x0000016C07772438>, None, 0.95, 0.012913201166428002, 6080.390067435121],1.8760067074571531
<class 'problems.ANNOP.ANNOP'>,1563493344312,algorithms.GA_with_plotting_fitshare,[59, 0.41164241164241167, 0.4149377593360996, 40, 'tournament_selection', 'uniform_crossover', 0.95, 'ball_mutation', <mtrand.RandomState object at 0x0000016C07772438>, None, 0.95, 0.0038609943702240662, 6087.516246062786],1.8744301977580728
<class 'problems.ANNOP.ANNOP'>,1563493344312,algorithms.GA_with_plotting_fitshare,[60, 0.41164241164241167, 0.4149377593360996, 40, 'tournament_selection', 'uniform_crossover', 0.95, 'ball_mutation', <mtrand.RandomState object at 0x0000016C07772438>, None, 0.95, -0.01068532928480314, 6329.045526987752],1.877642128280749
<class 'problems.ANNOP.ANNOP'>,1563493344312,algorithms.GA_with_plotting_fitshare,[61, 0.41164241164241167, 0.4149377593360996, 40, 'tournament_selection', 'uniform_crossover', 0.95, 'ball_mutation', <mtrand.RandomState object at 0x0000016C07772438>, None, 0.95, 0.003111999370529153, 6892.13057226711],1.8982546823944737
<class 'problems.ANNOP.ANNOP'>,1563493344312,algorithms.GA_with_plotting_fitshare,[62, 0.41476091476091476, 0.4190871369294606, 40, 'tournament_selection', 'uniform_crossover', 0.95, 'ball_mutation', <mtrand.RandomState object at 0x0000016C07772438>, None, 0.95, -0.006272258295084168, 7251.1714864661335],1.9043915560729798
<class 'problems.ANNOP.ANNOP'>,1563493344312,algorithms.GA_with_plotting_fitshare,[63, 0.41476091476091476, 0.4190871369294606, 40, 'tournament_selection', 'uniform_crossover', 0.95, 'ball_mutation', <mtrand.RandomState object at 0x0000016C07772438>, None, 0.95, 0.017585566844868172, 7156.789963750921],1.9094332226529667
<class 'problems.ANNOP.ANNOP'>,1563493344312,algorithms.GA_with_plotting_fitshare,[64, 0.41476091476091476, 0.4190871369294606, 40, 'tournament_selection', 'uniform_crossover', 0.95, 'ball_mutation', <mtrand.RandomState object at 0x0000016C07772438>, None, 0.95, -0.014032700959031412, 7733.5960243520785],1.9285497502852098
<class 'problems.ANNOP.ANNOP'>,1563493344312,algorithms.GA_with_plotting_fitshare,[65, 0.41476091476091476, 0.4190871369294606, 40, 'tournament_selection', 'uniform_crossover', 0.95, 'ball_mutation', <mtrand.RandomState object at 0x0000016C07772438>, None, 0.95, 0.008220302030441627, 6470.387482747854],1.931813689374567
<class 'problems.ANNOP.ANNOP'>,1563493344312,algorithms.GA_with_plotting_fitshare,[66, 0.41476091476091476, 0.4190871369294606, 40, 'tournament_selection', 'uniform_crossover', 0.95, 'ball_mutation', <mtrand.RandomState object at 0x0000016C07772438>, None, 0.95, -0.005176867267563751, 6740.192811768173],1.9505965018442422
<class 'problems.ANNOP.ANNOP'>,1563493344312,algorithms.GA_with_plotting_fitshare,[67, 0.4230769230769231, 0.4149377593360996, 40, 'tournament_selection', 'uniform_crossover', 0.95, 'ball_mutation', <mtrand.RandomState object at 0x0000016C07772438>, None, 0.95, 0.005753662669737154, 7015.5446560446935],1.9507085568892968
<class 'problems.ANNOP.ANNOP'>,1563493344312,algorithms.GA_with_plotting_fitshare,[68, 0.4230769230769231, 0.4149377593360996, 40, 'tournament_selection', 'uniform_crossover', 0.95, 'ball_mutation', <mtrand.RandomState object at 0x0000016C07772438>, None, 0.95, -0.004588656996039851, 6789.672431681584],1.9465167423055982
<class 'problems.ANNOP.ANNOP'>,1563493344312,algorithms.GA_with_plotting_fitshare,[69, 0.4230769230769231, 0.4149377593360996, 40, 'tournament_selection', 'uniform_crossover', 0.95, 'ball_mutation', <mtrand.RandomState object at 0x0000016C07772438>, None, 0.95, -0.001060420208102597, 6972.199669632005],1.9618511441410889
<class 'problems.ANNOP.ANNOP'>,1563493344312,algorithms.GA_with_plotting_fitshare,[70, 0.4230769230769231, 0.4149377593360996, 40, 'tournament_selection', 'uniform_crossover', 0.95, 'ball_mutation', <mtrand.RandomState object at 0x0000016C07772438>, None, 0.95, 0.02237255586551362, 7909.339486889336],1.9751294796119632
<class 'problems.ANNOP.ANNOP'>,1563493344312,algorithms.GA_with_plotting_fitshare,[71, 0.4230769230769231, 0.4149377593360996, 40, 'tournament_selection', 'uniform_crossover', 0.95, 'ball_mutation', <mtrand.RandomState object at 0x0000016C07772438>, None, 0.95, -0.028602774448983924, 7489.691028738184],1.9967037885162142
<class 'problems.ANNOP.ANNOP'>,1563493344312,algorithms.GA_with_plotting_fitshare,[72, 0.4230769230769231, 0.4149377593360996, 40, 'tournament_selection', 'uniform_crossover', 0.95, 'ball_mutation', <mtrand.RandomState object at 0x0000016C07772438>, None, 0.95, 0.0340246369791457, 7925.484404039484],2.0086572219639676
<class 'problems.ANNOP.ANNOP'>,1563493344312,algorithms.GA_with_plotting_fitshare,[73, 0.4230769230769231, 0.4149377593360996, 40, 'tournament_selection', 'uniform_crossover', 0.95, 'ball_mutation', <mtrand.RandomState object at 0x0000016C07772438>, None, 0.95, -0.03397352329156333, 8791.939327107124],2.018704926901943
<class 'problems.ANNOP.ANNOP'>,1563493344312,algorithms.GA_with_plotting_fitshare,[74, 0.4230769230769231, 0.4149377593360996, 40, 'tournament_selection', 'uniform_crossover', 0.95, 'ball_mutation', <mtrand.RandomState object at 0x0000016C07772438>, None, 0.95, 0.01712172761727116, 8796.113271424047],2.0134606794903065
<class 'problems.ANNOP.ANNOP'>,1563493344312,algorithms.GA_with_plotting_fitshare,[75, 0.4230769230769231, 0.4149377593360996, 40, 'tournament_selection', 'uniform_crossover', 0.95, 'ball_mutation', <mtrand.RandomState object at 0x0000016C07772438>, None, 0.95, -0.008547913350064593, 8694.529648027245],2.0148548139359383
<class 'problems.ANNOP.ANNOP'>,1563493344312,algorithms.GA_with_plotting_fitshare,[76, 0.46153846153846156, 0.4149377593360996, 40, 'tournament_selection', 'uniform_crossover', 0.95, 'ball_mutation', <mtrand.RandomState object at 0x0000016C07772438>, None, 0.95, 0.02327918956399519, 8740.52788009287],2.0243114438319862
<class 'problems.ANNOP.ANNOP'>,1563493344312,algorithms.GA_with_plotting_fitshare,[77, 0.46153846153846156, 0.4149377593360996, 40, 'tournament_selection', 'uniform_crossover', 0.95, 'ball_mutation', <mtrand.RandomState object at 0x0000016C07772438>, None, 0.95, 0.0066659893225976125, 7854.2902823739205],2.027788345377325
<class 'problems.ANNOP.ANNOP'>,1563493344312,algorithms.GA_with_plotting_fitshare,[78, 0.46153846153846156, 0.4149377593360996, 40, 'tournament_selection', 'uniform_crossover', 0.95, 'ball_mutation', <mtrand.RandomState object at 0x0000016C07772438>, None, 0.95, -0.028888635529404662, 7998.26467460879],2.023785504969577
<class 'problems.ANNOP.ANNOP'>,1563493344312,algorithms.GA_with_plotting_fitshare,[79, 0.46153846153846156, 0.4149377593360996, 40, 'tournament_selection', 'uniform_crossover', 0.95, 'ball_mutation', <mtrand.RandomState object at 0x0000016C07772438>, None, 0.95, 0.025473733687926083, 6249.142644036299],2.004709888735522
<class 'problems.ANNOP.ANNOP'>,1563493344312,algorithms.GA_with_plotting_fitshare,[80, 0.46153846153846156, 0.4149377593360996, 40, 'tournament_selection', 'uniform_crossover', 0.95, 'ball_mutation', <mtrand.RandomState object at 0x0000016C07772438>, None, 0.95, 0.016910643774956477, 7622.40080233775],2.0327574370452317
<class 'problems.ANNOP.ANNOP'>,1563493344312,algorithms.GA_with_plotting_fitshare,[81, 0.46153846153846156, 0.4149377593360996, 40, 'tournament_selection', 'uniform_crossover', 0.95, 'ball_mutation', <mtrand.RandomState object at 0x0000016C07772438>, None, 0.95, 0.01845669749592166, 6419.634501365977],2.02507684496415
<class 'problems.ANNOP.ANNOP'>,1563493344312,algorithms.GA_with_plotting_fitshare,[82, 0.46153846153846156, 0.4149377593360996, 40, 'tournament_selection', 'uniform_crossover', 0.95, 'ball_mutation', <mtrand.RandomState object at 0x0000016C07772438>, None, 0.95, -0.03734582533765014, 6655.740133470636],2.027619993574538
<class 'problems.ANNOP.ANNOP'>,1563493344312,algorithms.GA_with_plotting_fitshare,[83, 0.46153846153846156, 0.4149377593360996, 40, 'tournament_selection', 'uniform_crossover', 0.95, 'ball_mutation', <mtrand.RandomState object at 0x0000016C07772438>, None, 0.95, 0.005044390054716852, 5771.082690670369],2.016046570940296
<class 'problems.ANNOP.ANNOP'>,1563493344312,algorithms.GA_with_plotting_fitshare,[84, 0.46153846153846156, 0.4149377593360996, 40, 'tournament_selection', 'uniform_crossover', 0.95, 'ball_mutation', <mtrand.RandomState object at 0x0000016C07772438>, None, 0.95, 0.013525299024996995, 6437.7060092257125],2.0265718401148973
<class 'problems.ANNOP.ANNOP'>,1563493344312,algorithms.GA_with_plotting_fitshare,[85, 0.46153846153846156, 0.4149377593360996, 40, 'tournament_selection', 'uniform_crossover', 0.95, 'ball_mutation', <mtrand.RandomState object at 0x0000016C07772438>, None, 0.95, 0.013254856389352088, 6653.064608161004],2.0275577002563923
<class 'problems.ANNOP.ANNOP'>,1563493344312,algorithms.GA_with_plotting_fitshare,[86, 0.46153846153846156, 0.4149377593360996, 40, 'tournament_selection', 'uniform_crossover', 0.95, 'ball_mutation', <mtrand.RandomState object at 0x0000016C07772438>, None, 0.95, -0.03165518829151297, 6597.286625017579],2.021126371023357
<class 'problems.ANNOP.ANNOP'>,1563493344312,algorithms.GA_with_plotting_fitshare,[87, 0.46153846153846156, 0.4149377593360996, 40, 'tournament_selection', 'uniform_crossover', 0.95, 'ball_mutation', <mtrand.RandomState object at 0x0000016C07772438>, None, 0.95, -0.01577188113978316, 6578.172349454173],2.0275963795227843
<class 'problems.ANNOP.ANNOP'>,1563493344312,algorithms.GA_with_plotting_fitshare,[88, 0.46153846153846156, 0.4149377593360996, 40, 'tournament_selection', 'uniform_crossover', 0.95, 'ball_mutation', <mtrand.RandomState object at 0x0000016C07772438>, None, 0.95, 0.005592508897172291, 5893.142369126819],2.026264023919248
<class 'problems.ANNOP.ANNOP'>,1563493344312,algorithms.GA_with_plotting_fitshare,[89, 0.46153846153846156, 0.4149377593360996, 40, 'tournament_selection', 'uniform_crossover', 0.95, 'ball_mutation', <mtrand.RandomState object at 0x0000016C07772438>, None, 0.95, 0.007977286924130494, 6170.371084323429],2.026749426832834
<class 'problems.ANNOP.ANNOP'>,1563493344312,algorithms.GA_with_plotting_fitshare,[90, 0.46153846153846156, 0.4149377593360996, 40, 'tournament_selection', 'uniform_crossover', 0.95, 'ball_mutation', <mtrand.RandomState object at 0x0000016C07772438>, None, 0.95, 0.018365343568037568, 5699.161998160461],2.0187512558070395
<class 'problems.ANNOP.ANNOP'>,1563493344312,algorithms.GA_with_plotting_fitshare,[91, 0.46153846153846156, 0.4149377593360996, 40, 'tournament_selection', 'uniform_crossover', 0.95, 'ball_mutation', <mtrand.RandomState object at 0x0000016C07772438>, None, 0.95, -0.014491810001655697, 6212.088733836543],2.02507120982679
<class 'problems.ANNOP.ANNOP'>,1563493344312,algorithms.GA_with_plotting_fitshare,[92, 0.46153846153846156, 0.4149377593360996, 40, 'tournament_selection', 'uniform_crossover', 0.95, 'ball_mutation', <mtrand.RandomState object at 0x0000016C07772438>, None, 0.95, 0.03278910813744208, 6232.446557434783],2.028552978105425
<class 'problems.ANNOP.ANNOP'>,1563493344312,algorithms.GA_with_plotting_fitshare,[93, 0.46153846153846156, 0.4149377593360996, 40, 'tournament_selection', 'uniform_crossover', 0.95, 'ball_mutation', <mtrand.RandomState object at 0x0000016C07772438>, None, 0.95, -0.004423690321328805, 6384.776966201233],2.040903725135929
<class 'problems.ANNOP.ANNOP'>,1563493344312,algorithms.GA_with_plotting_fitshare,[94, 0.46153846153846156, 0.4149377593360996, 40, 'tournament_selection', 'uniform_crossover', 0.95, 'ball_mutation', <mtrand.RandomState object at 0x0000016C07772438>, None, 0.95, -0.044230478072292176, 6425.790561147247],2.033927286360484
<class 'problems.ANNOP.ANNOP'>,1563493344312,algorithms.GA_with_plotting_fitshare,[95, 0.4625779625779626, 0.42738589211618255, 40, 'tournament_selection', 'uniform_crossover', 0.95, 'ball_mutation', <mtrand.RandomState object at 0x0000016C07772438>, None, 0.95, 0.03857025054786435, 6008.996257540312],2.032531476385844
<class 'problems.ANNOP.ANNOP'>,1563493344312,algorithms.GA_with_plotting_fitshare,[96, 0.47297297297297297, 0.4190871369294606, 40, 'tournament_selection', 'uniform_crossover', 0.95, 'ball_mutation', <mtrand.RandomState object at 0x0000016C07772438>, None, 0.95, -0.0010062558453824005, 6126.723194322745],2.035982794655082
<class 'problems.ANNOP.ANNOP'>,1563493344312,algorithms.GA_with_plotting_fitshare,[97, 0.47297297297297297, 0.4190871369294606, 40, 'tournament_selection', 'uniform_crossover', 0.95, 'ball_mutation', <mtrand.RandomState object at 0x0000016C07772438>, None, 0.95, -0.010410940655528556, 5439.19926706047],2.0157223272720977
<class 'problems.ANNOP.ANNOP'>,1563493344312,algorithms.GA_with_plotting_fitshare,[98, 0.47297297297297297, 0.4190871369294606, 40, 'tournament_selection', 'uniform_crossover', 0.95, 'ball_mutation', <mtrand.RandomState object at 0x0000016C07772438>, None, 0.95, -0.03232524776842818, 5437.409748942154],2.008523935208671
<class 'problems.ANNOP.ANNOP'>,1563493344312,algorithms.GA_with_plotting_fitshare,[99, 0.47297297297297297, 0.4190871369294606, 40, 'tournament_selection', 'uniform_crossover', 0.95, 'ball_mutation', <mtrand.RandomState object at 0x0000016C07772438>, None, 0.95, -0.002797760404024137, 6271.332621531582],2.018529470716434
<class 'problems.ANNOP.ANNOP'>,1563493344312,algorithms.GA_with_plotting_fitshare,[100, 0.47297297297297297, 0.4190871369294606, 40, 'tournament_selection', 'uniform_crossover', 0.95, 'ball_mutation', <mtrand.RandomState object at 0x0000016C07772438>, None, 0.95, 0.03537271062875119, 6635.65915654852],2.0262444059346287
<class 'problems.ANNOP.ANNOP'>,1563493344312,algorithms.GA_with_plotting_fitshare,[101, 0.47297297297297297, 0.4190871369294606, 40, 'tournament_selection', 'uniform_crossover', 0.95, 'ball_mutation', <mtrand.RandomState object at 0x0000016C07772438>, None, 0.95, -0.03775902190588697, 6203.83014032302],2.028222540399554
<class 'problems.ANNOP.ANNOP'>,1563493344312,algorithms.GA_with_plotting_fitshare,[102, 0.47297297297297297, 0.4190871369294606, 40, 'tournament_selection', 'uniform_crossover', 0.95, 'ball_mutation', <mtrand.RandomState object at 0x0000016C07772438>, None, 0.95, 0.042450561865464524, 6252.081809999819],2.029899593549684
<class 'problems.ANNOP.ANNOP'>,1563493344312,algorithms.GA_with_plotting_fitshare,[103, 0.47297297297297297, 0.4190871369294606, 40, 'tournament_selection', 'uniform_crossover', 0.95, 'ball_mutation', <mtrand.RandomState object at 0x0000016C07772438>, None, 0.95, -0.03654301268238642, 7199.487042727005],2.0487958485948172
<class 'problems.ANNOP.ANNOP'>,1563493344312,algorithms.GA_with_plotting_fitshare,[104, 0.47297297297297297, 0.4190871369294606, 40, 'tournament_selection', 'uniform_crossover', 0.95, 'ball_mutation', <mtrand.RandomState object at 0x0000016C07772438>, None, 0.95, 0.052290629775134594, 6982.078714437206],2.054953872380179
<class 'problems.ANNOP.ANNOP'>,1563493344312,algorithms.GA_with_plotting_fitshare,[105, 0.47297297297297297, 0.4190871369294606, 40, 'tournament_selection', 'uniform_crossover', 0.95, 'ball_mutation', <mtrand.RandomState object at 0x0000016C07772438>, None, 0.95, -0.05189503881489302, 6882.30612129324],2.0411113837014527
<class 'problems.ANNOP.ANNOP'>,1563493344312,algorithms.GA_with_plotting_fitshare,[106, 0.47297297297297297, 0.4190871369294606, 40, 'tournament_selection', 'uniform_crossover', 0.95, 'ball_mutation', <mtrand.RandomState object at 0x0000016C07772438>, None, 0.95, -0.005106816854045189, 7316.293002502657],2.0624867521053933
<class 'problems.ANNOP.ANNOP'>,1563493344312,algorithms.GA_with_plotting_fitshare,[107, 0.47297297297297297, 0.4190871369294606, 40, 'tournament_selection', 'uniform_crossover', 0.95, 'ball_mutation', <mtrand.RandomState object at 0x0000016C07772438>, None, 0.95, 0.023041506595156323, 7587.371680185899],2.057701471032584
<class 'problems.ANNOP.ANNOP'>,1563493344312,algorithms.GA_with_plotting_fitshare,[108, 0.47297297297297297, 0.4190871369294606, 40, 'tournament_selection', 'uniform_crossover', 0.95, 'ball_mutation', <mtrand.RandomState object at 0x0000016C07772438>, None, 0.95, 0.014812200576688389, 7307.937759894949],2.044572534746919
<class 'problems.ANNOP.ANNOP'>,1563493344312,algorithms.GA_with_plotting_fitshare,[109, 0.47297297297297297, 0.4190871369294606, 40, 'tournament_selection', 'uniform_crossover', 0.95, 'ball_mutation', <mtrand.RandomState object at 0x0000016C07772438>, None, 0.95, -0.006542203838804925, 6689.295267511048],2.030109579526835
<class 'problems.ANNOP.ANNOP'>,1563493344312,algorithms.GA_with_plotting_fitshare,[110, 0.47297297297297297, 0.4190871369294606, 40, 'tournament_selection', 'uniform_crossover', 0.95, 'ball_mutation', <mtrand.RandomState object at 0x0000016C07772438>, None, 0.95, -0.026801356352014055, 5782.7922960344595],2.025604700438295
<class 'problems.ANNOP.ANNOP'>,1563493344312,algorithms.GA_with_plotting_fitshare,[111, 0.47297297297297297, 0.4190871369294606, 40, 'tournament_selection', 'uniform_crossover', 0.95, 'ball_mutation', <mtrand.RandomState object at 0x0000016C07772438>, None, 0.95, -0.005589257234132429, 7197.835741565768],2.0395176274340154
<class 'problems.ANNOP.ANNOP'>,1563493344312,algorithms.GA_with_plotting_fitshare,[112, 0.47297297297297297, 0.4190871369294606, 40, 'tournament_selection', 'uniform_crossover', 0.95, 'ball_mutation', <mtrand.RandomState object at 0x0000016C07772438>, None, 0.95, 0.019659100241838846, 7446.123891565978],2.049249257179209
<class 'problems.ANNOP.ANNOP'>,1563493344312,algorithms.GA_with_plotting_fitshare,[113, 0.47297297297297297, 0.4190871369294606, 40, 'tournament_selection', 'uniform_crossover', 0.95, 'ball_mutation', <mtrand.RandomState object at 0x0000016C07772438>, None, 0.95, -0.001982483316809336, 7130.660889768619],2.0637048005593033
<class 'problems.ANNOP.ANNOP'>,1563493344312,algorithms.GA_with_plotting_fitshare,[114, 0.4875259875259875, 0.4315352697095436, 40, 'tournament_selection', 'uniform_crossover', 0.95, 'ball_mutation', <mtrand.RandomState object at 0x0000016C07772438>, None, 0.95, 0.03500478622313549, 7253.690589098741],2.06729821372277
<class 'problems.ANNOP.ANNOP'>,1563493344312,algorithms.GA_with_plotting_fitshare,[115, 0.4875259875259875, 0.4315352697095436, 40, 'tournament_selection', 'uniform_crossover', 0.95, 'ball_mutation', <mtrand.RandomState object at 0x0000016C07772438>, None, 0.95, -0.04140193635629912, 7000.739665138464],2.0938604066446276
<class 'problems.ANNOP.ANNOP'>,1563493344312,algorithms.GA_with_plotting_fitshare,[116, 0.4875259875259875, 0.4315352697095436, 40, 'tournament_selection', 'uniform_crossover', 0.95, 'ball_mutation', <mtrand.RandomState object at 0x0000016C07772438>, None, 0.95, 0.024978331800560312, 7277.461558640747],2.084519111960171
<class 'problems.ANNOP.ANNOP'>,1563493344312,algorithms.GA_with_plotting_fitshare,[117, 0.4875259875259875, 0.4315352697095436, 40, 'tournament_selection', 'uniform_crossover', 0.95, 'ball_mutation', <mtrand.RandomState object at 0x0000016C07772438>, None, 0.95, 0.017168906209169832, 7084.200710732749],2.1224653784450216
<class 'problems.ANNOP.ANNOP'>,1563493344312,algorithms.GA_with_plotting_fitshare,[118, 0.4875259875259875, 0.4315352697095436, 40, 'tournament_selection', 'uniform_crossover', 0.95, 'ball_mutation', <mtrand.RandomState object at 0x0000016C07772438>, None, 0.95, -0.039482607655141264, 7661.735576338957],2.15068861245325
<class 'problems.ANNOP.ANNOP'>,1563493344312,algorithms.GA_with_plotting_fitshare,[119, 0.4875259875259875, 0.4315352697095436, 40, 'tournament_selection', 'uniform_crossover', 0.95, 'ball_mutation', <mtrand.RandomState object at 0x0000016C07772438>, None, 0.95, 0.022960110239962847, 7369.422553888354],2.1449773339889613
<class 'problems.ANNOP.ANNOP'>,1563493344312,algorithms.GA_with_plotting_fitshare,[120, 0.4875259875259875, 0.4315352697095436, 40, 'tournament_selection', 'uniform_crossover', 0.95, 'ball_mutation', <mtrand.RandomState object at 0x0000016C07772438>, None, 0.95, -0.02148970637851369, 7773.351432997871],2.15405008147391
<class 'problems.ANNOP.ANNOP'>,1563493344312,algorithms.GA_with_plotting_fitshare,[121, 0.4875259875259875, 0.4315352697095436, 40, 'tournament_selection', 'uniform_crossover', 0.95, 'ball_mutation', <mtrand.RandomState object at 0x0000016C07772438>, None, 0.95, -0.0177963827202541, 8197.415265081016],2.1609677577506217
<class 'problems.ANNOP.ANNOP'>,1563493344312,algorithms.GA_with_plotting_fitshare,[122, 0.4875259875259875, 0.4315352697095436, 40, 'tournament_selection', 'uniform_crossover', 0.95, 'ball_mutation', <mtrand.RandomState object at 0x0000016C07772438>, None, 0.95, 0.04233112458071817, 7962.006991543669],2.161129362613672
<class 'problems.ANNOP.ANNOP'>,1563493344312,algorithms.GA_with_plotting_fitshare,[123, 0.4875259875259875, 0.4315352697095436, 40, 'tournament_selection', 'uniform_crossover', 0.95, 'ball_mutation', <mtrand.RandomState object at 0x0000016C07772438>, None, 0.95, 0.025875021267160972, 7538.840651547639],2.1503524874872144
<class 'problems.ANNOP.ANNOP'>,1563493344312,algorithms.GA_with_plotting_fitshare,[124, 0.4875259875259875, 0.4315352697095436, 40, 'tournament_selection', 'uniform_crossover', 0.95, 'ball_mutation', <mtrand.RandomState object at 0x0000016C07772438>, None, 0.95, 0.008436098723947086, 5934.006822752306],2.1159822392852483
matplotlib.font_manager,findfont: Matching :family=sans-serif:style=normal:variant=normal:weight=normal:stretch=normal:size=10.0 to DejaVu Sans ('C:\\Users\\dominika.leszko\\PycharmProjects\\KonradBaseline\\venv\\lib\\site-packages\\matplotlib\\mpl-data\\fonts\\ttf\\DejaVuSans.ttf') with score of 0.050000.
matplotlib.axes._base,update_title_pos
matplotlib.font_manager,findfont: Matching :family=sans-serif:style=normal:variant=normal:weight=normal:stretch=normal:size=12.0 to DejaVu Sans ('C:\\Users\\dominika.leszko\\PycharmProjects\\KonradBaseline\\venv\\lib\\site-packages\\matplotlib\\mpl-data\\fonts\\ttf\\DejaVuSans.ttf') with score of 0.050000.
matplotlib.axes._base,update_title_pos
matplotlib.axes._base,update_title_pos
matplotlib.axes._base,update_title_pos
matplotlib.font_manager,findfont: Matching :family=sans-serif:style=normal:variant=normal:weight=normal:stretch=normal:size=8.33 to DejaVu Sans ('C:\\Users\\dominika.leszko\\PycharmProjects\\KonradBaseline\\venv\\lib\\site-packages\\matplotlib\\mpl-data\\fonts\\ttf\\DejaVuSans.ttf') with score of 0.050000.
matplotlib.axes._base,update_title_pos
matplotlib.axes._base,update_title_pos
matplotlib.axes._base,update_title_pos
matplotlib.axes._base,update_title_pos
matplotlib.axes._base,update_title_pos
matplotlib.axes._base,update_title_pos
matplotlib.axes._base,update_title_pos
matplotlib.axes._base,update_title_pos
matplotlib.axes._base,update_title_pos
matplotlib.axes._base,update_title_pos
matplotlib.axes._base,update_title_pos
matplotlib.axes._base,update_title_pos
matplotlib.axes._base,update_title_pos
matplotlib.axes._base,update_title_pos
matplotlib.axes._base,update_title_pos
matplotlib.axes._base,update_title_pos
matplotlib.axes._base,update_title_pos
matplotlib.axes._base,update_title_pos
matplotlib.axes._base,update_title_pos
matplotlib.axes._base,update_title_pos
matplotlib.axes._base,update_title_pos
matplotlib.axes._base,update_title_pos
matplotlib.axes._base,update_title_pos
matplotlib.axes._base,update_title_pos
matplotlib.axes._base,update_title_pos
matplotlib.axes._base,update_title_pos
matplotlib.axes._base,update_title_pos
matplotlib.axes._base,update_title_pos
matplotlib.axes._base,update_title_pos
matplotlib.axes._base,update_title_pos
matplotlib.axes._base,update_title_pos
matplotlib.axes._base,update_title_pos
matplotlib.axes._base,update_title_pos
matplotlib.axes._base,update_title_pos
matplotlib.axes._base,update_title_pos
matplotlib.axes._base,update_title_pos
matplotlib.axes._base,update_title_pos
matplotlib.axes._base,update_title_pos
