<class 'problems.ANNOP.ANNOP'>,407709656,algorithms.AGA_4p,[0, 0.19126819126819128, 0.1908713692946058, 40, 'tournament_selection', 'crossover_weight', 1.0, 'ball_mutation', <mtrand.RandomState object at 0x184D27D8>, None, 1.0, 0.004915970373073772, 32807.7981826224],1.1570168368340088
<class 'problems.ANNOP.ANNOP'>,407709656,algorithms.AGA_4p,[1, 0.19126819126819128, 0.1908713692946058, 40, 'tournament_selection', 'crossover_weight', 0.9885364627416668, 'ball_mutation', <mtrand.RandomState object at 0x184D27D8>, None, 1.0, 0.0014798360851077628, 29027.89872817495],1.1901133050535029
<class 'problems.ANNOP.ANNOP'>,407709656,algorithms.AGA_4p,[2, 0.2151767151767152, 0.23651452282157676, 40, 'tournament_selection', 'crossover_weight', 0.9752364210584265, 'ball_mutation', <mtrand.RandomState object at 0x184D27D8>, None, 1.015022106453527, 0.005563760429660204, 25700.274742159403],1.2293527168141385
<class 'problems.ANNOP.ANNOP'>,407709656,algorithms.AGA_4p,[3, 0.23076923076923078, 0.22821576763485477, 40, 'tournament_selection', 'crossover_weight', 0.9589358360275029, 'ball_mutation', <mtrand.RandomState object at 0x184D27D8>, None, 1.0370133892946714, -0.004407120968698282, 21839.552111543315],1.2683859017417882
<class 'problems.ANNOP.ANNOP'>,407709656,algorithms.AGA_4p,[4, 0.25675675675675674, 0.24896265560165975, 40, 'tournament_selection', 'crossover_weight', 0.9432900699438781, 'ball_mutation', <mtrand.RandomState object at 0x184D27D8>, None, 1.064543106370238, 0.004481844483431932, 17107.83479666678],1.3038354530101093
<class 'problems.ANNOP.ANNOP'>,407709656,algorithms.AGA_4p,[5, 0.2785862785862786, 0.27385892116182575, 40, 'tournament_selection', 'crossover_weight', 0.9464264090020337, 'ball_mutation', <mtrand.RandomState object at 0x184D27D8>, None, 1.0568305567533682, 0.0026430679098963863, 12566.197662665034],1.3308297090184205
<class 'problems.ANNOP.ANNOP'>,407709656,algorithms.AGA_4p,[6, 0.2785862785862786, 0.27385892116182575, 40, 'tournament_selection', 'crossover_weight', 0.9489345314142119, 'ball_mutation', <mtrand.RandomState object at 0x184D27D8>, None, 1.0511211761179808, -0.0069754147139564765, 13476.61098823863],1.3615613785000322
<class 'problems.ANNOP.ANNOP'>,407709656,algorithms.AGA_4p,[7, 0.2869022869022869, 0.26141078838174275, 40, 'tournament_selection', 'crossover_weight', 0.9501377846804262, 'ball_mutation', <mtrand.RandomState object at 0x184D27D8>, None, 1.048536569804608, 0.00640071001192543, 14204.666222024372],1.397462818689391
<class 'problems.ANNOP.ANNOP'>,407709656,algorithms.AGA_4p,[8, 0.2910602910602911, 0.3070539419087137, 40, 'tournament_selection', 'crossover_weight', 0.9443161573265325, 'ball_mutation', <mtrand.RandomState object at 0x184D27D8>, None, 1.0607113980608622, 0.002743366582906706, 14553.945361584538],1.4197150412423258
<class 'problems.ANNOP.ANNOP'>,407709656,algorithms.AGA_4p,[9, 0.2910602910602911, 0.3070539419087137, 40, 'tournament_selection', 'crossover_weight', 0.9410759904325572, 'ball_mutation', <mtrand.RandomState object at 0x184D27D8>, None, 1.0684667680283784, -0.016014634164761947, 12864.049268964547],1.4404271956277954
<class 'problems.ANNOP.ANNOP'>,407709656,algorithms.AGA_4p,[10, 0.30561330561330563, 0.3029045643153527, 40, 'tournament_selection', 'crossover_weight', 0.9410784712701687, 'ball_mutation', <mtrand.RandomState object at 0x184D27D8>, None, 1.068460314885029, 0.009420118451336695, 11923.496904357544],1.4836526700924157
<class 'problems.ANNOP.ANNOP'>,407709656,algorithms.AGA_4p,[11, 0.30561330561330563, 0.3029045643153527, 40, 'tournament_selection', 'crossover_weight', 0.9414945585562352, 'ball_mutation', <mtrand.RandomState object at 0x184D27D8>, None, 1.067378062457069, 0.0018159654707202225, 11924.21703938703],1.5134504342238864
<class 'problems.ANNOP.ANNOP'>,407709656,algorithms.AGA_4p,[12, 0.32224532224532226, 0.34439834024896265, 40, 'tournament_selection', 'crossover_weight', 0.9418992386216206, 'ball_mutation', <mtrand.RandomState object at 0x184D27D8>, None, 1.066337090726955, 0.004353066922971889, 12044.998435407215],1.5428736956170186
<class 'problems.ANNOP.ANNOP'>,407709656,algorithms.AGA_4p,[13, 0.32224532224532226, 0.34439834024896265, 40, 'tournament_selection', 'crossover_weight', 0.9409204966077168, 'ball_mutation', <mtrand.RandomState object at 0x184D27D8>, None, 1.0688279925810518, -0.0036788253935479964, 12162.468554960387],1.571144216866398
<class 'problems.ANNOP.ANNOP'>,407709656,algorithms.AGA_4p,[14, 0.32224532224532226, 0.34439834024896265, 40, 'tournament_selection', 'crossover_weight', 0.9416989241681444, 'ball_mutation', <mtrand.RandomState object at 0x184D27D8>, None, 1.0667947690482154, 0.0073309037447632786, 11878.360314354286],1.6091010160662862
<class 'problems.ANNOP.ANNOP'>,407709656,algorithms.AGA_4p,[15, 0.32224532224532226, 0.34439834024896265, 40, 'tournament_selection', 'crossover_weight', 0.9434488971377694, 'ball_mutation', <mtrand.RandomState object at 0x184D27D8>, None, 1.0623177662304835, -0.005791379130531911, 12104.321478267422],1.6375514937457654
<class 'problems.ANNOP.ANNOP'>,407709656,algorithms.AGA_4p,[16, 0.32224532224532226, 0.34439834024896265, 40, 'tournament_selection', 'crossover_weight', 0.9418596653133611, 'ball_mutation', <mtrand.RandomState object at 0x184D27D8>, None, 1.0662034096252389, 0.0024276164613009354, 12612.301859660593],1.6641910683559458
<class 'problems.ANNOP.ANNOP'>,407709656,algorithms.AGA_4p,[17, 0.32536382536382535, 0.3070539419087137, 40, 'tournament_selection', 'crossover_weight', 0.9387969090697784, 'ball_mutation', <mtrand.RandomState object at 0x184D27D8>, None, 1.0740045258676005, 0.014856387668385734, 12150.981255115435],1.696185508940231
<class 'problems.ANNOP.ANNOP'>,407709656,algorithms.AGA_4p,[18, 0.34407484407484407, 0.35269709543568467, 40, 'tournament_selection', 'crossover_weight', 0.9376688045254766, 'ball_mutation', <mtrand.RandomState object at 0x184D27D8>, None, 1.077127427705097, -0.009287354620514214, 11261.927474437409],1.7180545306740949
<class 'problems.ANNOP.ANNOP'>,407709656,algorithms.AGA_4p,[19, 0.34407484407484407, 0.35269709543568467, 40, 'tournament_selection', 'crossover_weight', 0.9357495361280102, 'ball_mutation', <mtrand.RandomState object at 0x184D27D8>, None, 1.0826155143541982, -0.00023398063316900503, 10934.462429769539],1.74471811864178
<class 'problems.ANNOP.ANNOP'>,407709656,algorithms.AGA_4p,[20, 0.37214137214137216, 0.36929460580912865, 40, 'tournament_selection', 'crossover_weight', 0.9346557030190676, 'ball_mutation', <mtrand.RandomState object at 0x184D27D8>, None, 1.0859280068285484, 0.01624953248202065, 10377.33914303111],1.7702517645511986
<class 'problems.ANNOP.ANNOP'>,407709656,algorithms.AGA_4p,[21, 0.3887733887733888, 0.4107883817427386, 40, 'tournament_selection', 'crossover_weight', 0.9332853877276053, 'ball_mutation', <mtrand.RandomState object at 0x184D27D8>, None, 1.0902218563931227, 0.002072570488398026, 10059.822375912034],1.8010339974109943
<class 'problems.ANNOP.ANNOP'>,407709656,algorithms.AGA_4p,[22, 0.3970893970893971, 0.3817427385892116, 40, 'tournament_selection', 'crossover_weight', 0.9343352346338246, 'ball_mutation', <mtrand.RandomState object at 0x184D27D8>, None, 1.0867832122277201, -0.015015795846995791, 9662.04864084964],1.820907274452588
<class 'problems.ANNOP.ANNOP'>,407709656,algorithms.AGA_4p,[23, 0.3970893970893971, 0.3817427385892116, 40, 'tournament_selection', 'crossover_weight', 0.9334017783253244, 'ball_mutation', <mtrand.RandomState object at 0x184D27D8>, None, 1.0897378000039362, -0.0007833057639605318, 9966.797137587846],1.84624302949273
<class 'problems.ANNOP.ANNOP'>,407709656,algorithms.AGA_4p,[24, 0.4501039501039501, 0.43568464730290457, 40, 'tournament_selection', 'crossover_weight', 0.9331246903848611, 'ball_mutation', <mtrand.RandomState object at 0x184D27D8>, None, 1.090641803376772, 0.0019130170274830396, 9695.834385684655],1.8802484841902118
<class 'problems.ANNOP.ANNOP'>,407709656,algorithms.AGA_4p,[25, 0.4501039501039501, 0.43568464730290457, 40, 'tournament_selection', 'crossover_weight', 0.9341929211616706, 'ball_mutation', <mtrand.RandomState object at 0x184D27D8>, None, 1.0871246168693487, -0.0089914487820359, 9615.401578938992],1.9095775079225716
<class 'problems.ANNOP.ANNOP'>,407709656,algorithms.AGA_4p,[26, 0.4501039501039501, 0.4315352697095436, 40, 'tournament_selection', 'crossover_weight', 0.9338352307951132, 'ball_mutation', <mtrand.RandomState object at 0x184D27D8>, None, 1.0882618522662983, 0.016991213990249554, 9925.486527014455],1.9280443183991782
<class 'problems.ANNOP.ANNOP'>,407709656,algorithms.AGA_4p,[27, 0.45114345114345117, 0.42323651452282157, 40, 'tournament_selection', 'crossover_weight', 0.9319934308555639, 'ball_mutation', <mtrand.RandomState object at 0x184D27D8>, None, 1.0941857386019795, -0.00047137508045386883, 9821.65652964972],1.941760025386379
<class 'problems.ANNOP.ANNOP'>,407709656,algorithms.AGA_4p,[28, 0.45114345114345117, 0.42323651452282157, 40, 'tournament_selection', 'crossover_weight', 0.9300732084342943, 'ball_mutation', <mtrand.RandomState object at 0x184D27D8>, None, 1.1007529617228207, 0.012526275979901656, 9287.020708421762],1.9518300217445068
<class 'problems.ANNOP.ANNOP'>,407709656,algorithms.AGA_4p,[29, 0.45114345114345117, 0.42323651452282157, 40, 'tournament_selection', 'crossover_weight', 0.9315325687574766, 'ball_mutation', <mtrand.RandomState object at 0x184D27D8>, None, 1.0954113461068034, -0.019190189649281618, 8729.620488619918],1.976463549798298
<class 'problems.ANNOP.ANNOP'>,407709656,algorithms.AGA_4p,[30, 0.45114345114345117, 0.42323651452282157, 40, 'tournament_selection', 'crossover_weight', 0.9331936146551069, 'ball_mutation', <mtrand.RandomState object at 0x184D27D8>, None, 1.0896410311773006, -0.0027792070805172653, 9153.242125312441],1.9934690264018757
<class 'problems.ANNOP.ANNOP'>,407709656,algorithms.AGA_4p,[31, 0.45114345114345117, 0.42323651452282157, 40, 'tournament_selection', 'crossover_weight', 0.9346285031413168, 'ball_mutation', <mtrand.RandomState object at 0x184D27D8>, None, 1.0849307476303482, -0.007396980690585815, 9635.408846305063],2.0106882859326496
<class 'problems.ANNOP.ANNOP'>,407709656,algorithms.AGA_4p,[32, 0.45114345114345117, 0.42323651452282157, 40, 'tournament_selection', 'crossover_weight', 0.9328948822712383, 'ball_mutation', <mtrand.RandomState object at 0x184D27D8>, None, 1.0903622806625626, 0.002760094506049443, 10051.92682294434],2.027067953549694
<class 'problems.ANNOP.ANNOP'>,407709656,algorithms.AGA_4p,[33, 0.45114345114345117, 0.42323651452282157, 40, 'tournament_selection', 'crossover_weight', 0.9340554152220393, 'ball_mutation', <mtrand.RandomState object at 0x184D27D8>, None, 1.0865154775501955, 0.01572934711762195, 9548.693112447409],2.047888973319821
<class 'problems.ANNOP.ANNOP'>,407709656,algorithms.AGA_4p,[34, 0.4553014553014553, 0.4149377593360996, 40, 'tournament_selection', 'crossover_weight', 0.9327726017478598, 'ball_mutation', <mtrand.RandomState object at 0x184D27D8>, None, 1.0906082090157156, -0.012505708936686219, 9885.571442113032],2.0654394817034976
<class 'problems.ANNOP.ANNOP'>,407709656,algorithms.AGA_4p,[35, 0.4553014553014553, 0.4149377593360996, 40, 'tournament_selection', 'crossover_weight', 0.9340552637564071, 'ball_mutation', <mtrand.RandomState object at 0x184D27D8>, None, 1.0863397602465983, 0.02310257004692614, 9513.19764595684],2.080121794405841
<class 'problems.ANNOP.ANNOP'>,407709656,algorithms.AGA_4p,[36, 0.4553014553014553, 0.4149377593360996, 40, 'tournament_selection', 'crossover_weight', 0.9342369172963159, 'ball_mutation', <mtrand.RandomState object at 0x184D27D8>, None, 1.0857602978045982, -0.03204492255163217, 9885.527474822728],2.099679655465175
<class 'problems.ANNOP.ANNOP'>,407709656,algorithms.AGA_4p,[37, 0.45634095634095634, 0.45228215767634855, 40, 'tournament_selection', 'crossover_weight', 0.9329499190614896, 'ball_mutation', <mtrand.RandomState object at 0x184D27D8>, None, 1.0898417738750776, 0.013798440156999207, 9938.257680423587],2.126984600200164
<class 'problems.ANNOP.ANNOP'>,407709656,algorithms.AGA_4p,[38, 0.4708939708939709, 0.45228215767634855, 40, 'tournament_selection', 'crossover_weight', 0.9333799550092108, 'ball_mutation', <mtrand.RandomState object at 0x184D27D8>, None, 1.0884193996980127, 0.0057256500973720745, 9564.669136184817],2.143967309815954
<class 'problems.ANNOP.ANNOP'>,407709656,algorithms.AGA_4p,[39, 0.4708939708939709, 0.45228215767634855, 40, 'tournament_selection', 'crossover_weight', 0.9344657029862831, 'ball_mutation', <mtrand.RandomState object at 0x184D27D8>, None, 1.0848791038494943, -0.004252213495713308, 9689.499535584046],2.1631605291657325
<class 'problems.ANNOP.ANNOP'>,407709656,algorithms.AGA_4p,[40, 0.4708939708939709, 0.45228215767634855, 40, 'tournament_selection', 'crossover_weight', 0.9353276270429821, 'ball_mutation', <mtrand.RandomState object at 0x184D27D8>, None, 1.082166020067074, -0.013869279596368508, 10004.669358811812],2.165065987448103
<class 'problems.ANNOP.ANNOP'>,407709656,algorithms.AGA_4p,[41, 0.4708939708939709, 0.45228215767634855, 40, 'tournament_selection', 'crossover_weight', 0.9367208730580349, 'ball_mutation', <mtrand.RandomState object at 0x184D27D8>, None, 1.0778981888503056, 0.018669653410005135, 10254.867801104192],2.1893381051709753
<class 'problems.ANNOP.ANNOP'>,407709656,algorithms.AGA_4p,[42, 0.4708939708939709, 0.45228215767634855, 40, 'tournament_selection', 'crossover_weight', 0.9354326317871958, 'ball_mutation', <mtrand.RandomState object at 0x184D27D8>, None, 1.081679670108785, 0.001718269885321179, 10659.297843388027],2.1993019027919067
<class 'problems.ANNOP.ANNOP'>,407709656,algorithms.AGA_4p,[43, 0.4708939708939709, 0.45228215767634855, 40, 'tournament_selection', 'crossover_weight', 0.9360032778417458, 'ball_mutation', <mtrand.RandomState object at 0x184D27D8>, None, 1.0799376142554644, 0.00031477713152051195, 10285.348471914334],2.2074055540199806
<class 'problems.ANNOP.ANNOP'>,407709656,algorithms.AGA_4p,[44, 0.4708939708939709, 0.45228215767634855, 40, 'tournament_selection', 'crossover_weight', 0.9353426873654995, 'ball_mutation', <mtrand.RandomState object at 0x184D27D8>, None, 1.0819190907922758, 0.020262972913592615, 10450.99503072539],2.2236361234493582
<class 'problems.ANNOP.ANNOP'>,407709656,algorithms.AGA_4p,[45, 0.4802494802494803, 0.44398340248962653, 40, 'tournament_selection', 'crossover_weight', 0.9312217920658076, 'ball_mutation', <mtrand.RandomState object at 0x184D27D8>, None, 1.0945340774507186, -0.03723593495811717, 10259.239496272687],2.239617131615339
<class 'problems.ANNOP.ANNOP'>,407709656,algorithms.AGA_4p,[46, 0.4812889812889813, 0.44398340248962653, 40, 'tournament_selection', 'crossover_weight', 0.9224926963849683, 'ball_mutation', <mtrand.RandomState object at 0x184D27D8>, None, 1.1251354364882409, 0.007026729127718963, 9063.030181983966],2.28757070881602
<class 'problems.ANNOP.ANNOP'>,407709656,algorithms.AGA_4p,[47, 0.4812889812889813, 0.44398340248962653, 40, 'tournament_selection', 'crossover_weight', 0.9251330142375902, 'ball_mutation', <mtrand.RandomState object at 0x184D27D8>, None, 1.1119279707014236, 0.029040639908949818, 6529.157127864461],2.3533385113640697
<class 'problems.ANNOP.ANNOP'>,407709656,algorithms.AGA_4p,[48, 0.4896049896049896, 0.4730290456431535, 40, 'tournament_selection', 'crossover_weight', 0.9258725250361942, 'ball_mutation', <mtrand.RandomState object at 0x184D27D8>, None, 1.1086562471674684, -0.03984203548783848, 7295.585920225457],2.3720950780581638
<class 'problems.ANNOP.ANNOP'>,407709656,algorithms.AGA_4p,[49, 0.4896049896049896, 0.4730290456431535, 40, 'tournament_selection', 'crossover_weight', 0.9264099625132289, 'ball_mutation', <mtrand.RandomState object at 0x184D27D8>, None, 1.1063532890466703, 0.0038587729430380815, 7510.250365928148],2.3855256277072714
<class 'problems.ANNOP.ANNOP'>,407709656,algorithms.AGA_4p,[50, 0.4896049896049896, 0.4730290456431535, 40, 'tournament_selection', 'crossover_weight', 0.9260081805321227, 'ball_mutation', <mtrand.RandomState object at 0x184D27D8>, None, 1.1080364145568027, -0.0130466335114202, 7666.257172489072],2.406951217267486
<class 'problems.ANNOP.ANNOP'>,407709656,algorithms.AGA_4p,[51, 0.4896049896049896, 0.4730290456431535, 40, 'tournament_selection', 'crossover_weight', 0.9259440110375817, 'ball_mutation', <mtrand.RandomState object at 0x184D27D8>, None, 1.108309798296843, 0.00993826523554002, 7549.628305905499],2.423014166012906
<class 'problems.ANNOP.ANNOP'>,407709656,algorithms.AGA_4p,[52, 0.4896049896049896, 0.4730290456431535, 40, 'tournament_selection', 'crossover_weight', 0.9263084250568215, 'ball_mutation', <mtrand.RandomState object at 0x184D27D8>, None, 1.1067530473859095, 0.033248050762616416, 7531.001250015751],2.444227104584816
<class 'problems.ANNOP.ANNOP'>,407709656,algorithms.AGA_4p,[53, 0.49376299376299376, 0.45228215767634855, 40, 'tournament_selection', 'crossover_weight', 0.9269488194894421, 'ball_mutation', <mtrand.RandomState object at 0x184D27D8>, None, 1.1040590112043407, -0.029183112065306938, 7636.782982471959],2.469311586692412
<class 'problems.ANNOP.ANNOP'>,407709656,algorithms.AGA_4p,[54, 0.4979209979209979, 0.44813278008298757, 40, 'tournament_selection', 'crossover_weight', 0.9237295256383063, 'ball_mutation', <mtrand.RandomState object at 0x184D27D8>, None, 1.1172480504772988, 0.010887297675690917, 7822.676029833909],2.499053238748341
<class 'problems.ANNOP.ANNOP'>,407709656,algorithms.AGA_4p,[55, 0.5124740124740125, 0.4854771784232365, 40, 'tournament_selection', 'crossover_weight', 0.9248298177220691, 'ball_mutation', <mtrand.RandomState object at 0x184D27D8>, None, 1.1120675879418191, -0.005649308992158396, 6888.182670963879],2.5303465319877474
<class 'problems.ANNOP.ANNOP'>,407709656,algorithms.AGA_4p,[56, 0.5124740124740125, 0.4854771784232365, 40, 'tournament_selection', 'crossover_weight', 0.9253672272099646, 'ball_mutation', <mtrand.RandomState object at 0x184D27D8>, None, 1.1096606605949069, 0.00440488348847505, 7207.57434275265],2.546781077227293
<class 'problems.ANNOP.ANNOP'>,407709656,algorithms.AGA_4p,[57, 0.5124740124740125, 0.4854771784232365, 40, 'tournament_selection', 'crossover_weight', 0.926971827350146, 'ball_mutation', <mtrand.RandomState object at 0x184D27D8>, None, 1.1026415187832819, 0.0040209553291097044, 7363.573024654551],2.5668806811830116
<class 'problems.ANNOP.ANNOP'>,407709656,algorithms.AGA_4p,[58, 0.5124740124740125, 0.4854771784232365, 40, 'tournament_selection', 'crossover_weight', 0.9277029064858054, 'ball_mutation', <mtrand.RandomState object at 0x184D27D8>, None, 1.0996527772418607, -0.005404545131590104, 7829.354728338599],2.5838410380039436
<class 'problems.ANNOP.ANNOP'>,407709656,algorithms.AGA_4p,[59, 0.5124740124740125, 0.4854771784232365, 40, 'tournament_selection', 'crossover_weight', 0.9285897404904345, 'ball_mutation', <mtrand.RandomState object at 0x184D27D8>, None, 1.0961325347841153, -0.0015214502295830545, 8041.571639460619],2.604071329387425
<class 'problems.ANNOP.ANNOP'>,407709656,algorithms.AGA_4p,[60, 0.5124740124740125, 0.4854771784232365, 40, 'tournament_selection', 'crossover_weight', 0.9289167027506976, 'ball_mutation', <mtrand.RandomState object at 0x184D27D8>, None, 1.0948789593232227, 0.0045440454070828015, 8299.000916211351],2.6216754723792084
<class 'problems.ANNOP.ANNOP'>,407709656,algorithms.AGA_4p,[61, 0.5124740124740125, 0.4854771784232365, 40, 'tournament_selection', 'crossover_weight', 0.9300317082997037, 'ball_mutation', <mtrand.RandomState object at 0x184D27D8>, None, 1.090657191282584, 0.012752815662046252, 8393.911189999884],2.6420813633487508
<class 'problems.ANNOP.ANNOP'>,407709656,algorithms.AGA_4p,[62, 0.5166320166320166, 0.4730290456431535, 40, 'tournament_selection', 'crossover_weight', 0.9254066755087168, 'ball_mutation', <mtrand.RandomState object at 0x184D27D8>, None, 1.1074538557382567, -0.024045644297830356, 8717.57387157891],2.6566012175695115
<class 'problems.ANNOP.ANNOP'>,407709656,algorithms.AGA_4p,[63, 0.5166320166320166, 0.4730290456431535, 40, 'tournament_selection', 'crossover_weight', 0.9245083736634435, 'ball_mutation', <mtrand.RandomState object at 0x184D27D8>, None, 1.11136947170235, -0.005882346034371377, 7375.024036866347],2.6633423049380185
<class 'problems.ANNOP.ANNOP'>,407709656,algorithms.AGA_4p,[64, 0.5166320166320166, 0.4730290456431535, 40, 'tournament_selection', 'crossover_weight', 0.9267611161402879, 'ball_mutation', <mtrand.RandomState object at 0x184D27D8>, None, 1.1011540683844778, 0.043365783690752883, 7114.265886947092],2.680500158009098
<class 'problems.ANNOP.ANNOP'>,407709656,algorithms.AGA_4p,[65, 0.5166320166320166, 0.4730290456431535, 40, 'tournament_selection', 'crossover_weight', 0.9274244008413683, 'ball_mutation', <mtrand.RandomState object at 0x184D27D8>, None, 1.0984248150780644, -0.03197687496054872, 7768.189691732036],2.6882117150343667
<class 'problems.ANNOP.ANNOP'>,407709656,algorithms.AGA_4p,[66, 0.5166320166320166, 0.4730290456431535, 40, 'tournament_selection', 'crossover_weight', 0.9310670485707389, 'ball_mutation', <mtrand.RandomState object at 0x184D27D8>, None, 1.0838349807124115, 0.0049741403033694565, 7960.727303041149],2.701813424879181
<class 'problems.ANNOP.ANNOP'>,407709656,algorithms.AGA_4p,[67, 0.5166320166320166, 0.4730290456431535, 40, 'tournament_selection', 'crossover_weight', 0.9283064758445178, 'ball_mutation', <mtrand.RandomState object at 0x184D27D8>, None, 1.0934657806278472, 0.003459408048639652, 9018.111396946995],2.724725579824815
<class 'problems.ANNOP.ANNOP'>,407709656,algorithms.AGA_4p,[68, 0.5166320166320166, 0.4730290456431535, 40, 'tournament_selection', 'crossover_weight', 0.9235921576908712, 'ball_mutation', <mtrand.RandomState object at 0x184D27D8>, None, 1.1116769687966617, -0.026018092614952963, 8216.775141661901],2.7316188741194116
<class 'problems.ANNOP.ANNOP'>,407709656,algorithms.AGA_4p,[69, 0.5166320166320166, 0.4730290456431535, 40, 'tournament_selection', 'crossover_weight', 0.9236707075285892, 'ball_mutation', <mtrand.RandomState object at 0x184D27D8>, None, 1.1113068371341068, 0.021577141863067972, 6848.307642297415],2.738795453051492
<class 'problems.ANNOP.ANNOP'>,407709656,algorithms.AGA_4p,[70, 0.5166320166320166, 0.4730290456431535, 40, 'tournament_selection', 'crossover_weight', 0.9235799513336711, 'ball_mutation', <mtrand.RandomState object at 0x184D27D8>, None, 1.1117329248621683, -0.016608978989960325, 6871.109009641334],2.7535374038135223
<class 'problems.ANNOP.ANNOP'>,407709656,algorithms.AGA_4p,[71, 0.5166320166320166, 0.4730290456431535, 40, 'tournament_selection', 'crossover_weight', 0.9250862768050833, 'ball_mutation', <mtrand.RandomState object at 0x184D27D8>, None, 1.1046309949284279, 0.0009351284629084342, 6844.764393290988],2.7706605817648393
<class 'problems.ANNOP.ANNOP'>,407709656,algorithms.AGA_4p,[72, 0.5207900207900208, 0.4854771784232365, 40, 'tournament_selection', 'crossover_weight', 0.9258222025193322, 'ball_mutation', <mtrand.RandomState object at 0x184D27D8>, None, 1.101390472788612, 0.0021068303485729453, 7282.019025649219],2.7731400215243873
<class 'problems.ANNOP.ANNOP'>,407709656,algorithms.AGA_4p,[73, 0.5207900207900208, 0.4854771784232365, 40, 'tournament_selection', 'crossover_weight', 0.9269498941291772, 'ball_mutation', <mtrand.RandomState object at 0x184D27D8>, None, 1.0965805469335383, 0.007217472406983685, 7495.642796695997],2.796374264923817
<class 'problems.ANNOP.ANNOP'>,407709656,algorithms.AGA_4p,[74, 0.5207900207900208, 0.4854771784232365, 40, 'tournament_selection', 'crossover_weight', 0.9282152549997881, 'ball_mutation', <mtrand.RandomState object at 0x184D27D8>, None, 1.091431843532657, 0.00513906961241891, 7822.987975167903],2.8086016738681976
<class 'problems.ANNOP.ANNOP'>,407709656,algorithms.AGA_4p,[75, 0.5207900207900208, 0.4854771784232365, 40, 'tournament_selection', 'crossover_weight', 0.9291318517967739, 'ball_mutation', <mtrand.RandomState object at 0x184D27D8>, None, 1.0878862334294772, -0.006276538672317991, 8190.295647234802],2.8249752007731948
<class 'problems.ANNOP.ANNOP'>,407709656,algorithms.AGA_4p,[76, 0.5207900207900208, 0.4854771784232365, 40, 'tournament_selection', 'crossover_weight', 0.9278495467964569, 'ball_mutation', <mtrand.RandomState object at 0x184D27D8>, None, 1.0926748131827808, -0.0010447289880005442, 8456.364437209562],2.840096135067609
<class 'problems.ANNOP.ANNOP'>,407709656,algorithms.AGA_4p,[77, 0.5207900207900208, 0.49377593360995853, 40, 'tournament_selection', 'crossover_weight', 0.9283941011411653, 'ball_mutation', <mtrand.RandomState object at 0x184D27D8>, None, 1.090538258425819, 0.002084701047561796, 8084.1382403312],2.8652039484200285
<class 'problems.ANNOP.ANNOP'>,407709656,algorithms.AGA_4p,[78, 0.5207900207900208, 0.49377593360995853, 40, 'tournament_selection', 'crossover_weight', 0.9282382514344465, 'ball_mutation', <mtrand.RandomState object at 0x184D27D8>, None, 1.091136833696423, 0.006368532792841698, 8242.210924033006],2.883101088647491
<class 'problems.ANNOP.ANNOP'>,407709656,algorithms.AGA_4p,[79, 0.5207900207900208, 0.49377593360995853, 40, 'tournament_selection', 'crossover_weight', 0.9246713381265775, 'ball_mutation', <mtrand.RandomState object at 0x184D27D8>, None, 1.104919523116314, -0.01480888725469573, 8196.971028998523],2.8949650372535367
<class 'problems.ANNOP.ANNOP'>,407709656,algorithms.AGA_4p,[80, 0.5228690228690228, 0.48132780082987553, 40, 'tournament_selection', 'crossover_weight', 0.9248827696995857, 'ball_mutation', <mtrand.RandomState object at 0x184D27D8>, None, 1.1039726151228306, 0.013022558586618223, 7161.571046268541],2.9320959402934434
<class 'problems.ANNOP.ANNOP'>,407709656,algorithms.AGA_4p,[81, 0.5311850311850311, 0.4854771784232365, 40, 'tournament_selection', 'crossover_weight', 0.9221523602009317, 'ball_mutation', <mtrand.RandomState object at 0x184D27D8>, None, 1.1160866094690287, -0.014903006322261943, 7222.945189160736],2.9422030824455447
<class 'problems.ANNOP.ANNOP'>,407709656,algorithms.AGA_4p,[82, 0.5405405405405406, 0.5311203319502075, 40, 'tournament_selection', 'crossover_weight', 0.9233058040964917, 'ball_mutation', <mtrand.RandomState object at 0x184D27D8>, None, 1.110275295121792, 0.006108879957929789, 6430.3646850269815],2.9428289372806744
<class 'problems.ANNOP.ANNOP'>,407709656,algorithms.AGA_4p,[83, 0.5405405405405406, 0.5311203319502075, 40, 'tournament_selection', 'crossover_weight', 0.9240433361718509, 'ball_mutation', <mtrand.RandomState object at 0x184D27D8>, None, 1.1067617341253941, 0.007545390106692522, 6765.18521091645],2.967495706777803
<class 'problems.ANNOP.ANNOP'>,407709656,algorithms.AGA_4p,[84, 0.5405405405405406, 0.5311203319502075, 40, 'tournament_selection', 'crossover_weight', 0.9239276884867139, 'ball_mutation', <mtrand.RandomState object at 0x184D27D8>, None, 1.107294083012566, -0.00017810703047439758, 6979.275274839521],2.977286590569504
<class 'problems.ANNOP.ANNOP'>,407709656,algorithms.AGA_4p,[85, 0.5405405405405406, 0.5311203319502075, 40, 'tournament_selection', 'crossover_weight', 0.9251651644719954, 'ball_mutation', <mtrand.RandomState object at 0x184D27D8>, None, 1.10156745447871, 0.010684493195204092, 6945.705181916478],2.993273524632714
<class 'problems.ANNOP.ANNOP'>,407709656,algorithms.AGA_4p,[86, 0.5405405405405406, 0.5311203319502075, 40, 'tournament_selection', 'crossover_weight', 0.9260302566204259, 'ball_mutation', <mtrand.RandomState object at 0x184D27D8>, None, 1.0977806429246004, -0.021360083392442226, 7304.918457709464],3.0150679007268852
<class 'problems.ANNOP.ANNOP'>,407709656,algorithms.AGA_4p,[87, 0.5446985446985447, 0.5062240663900415, 40, 'tournament_selection', 'crossover_weight', 0.9245677400317809, 'ball_mutation', <mtrand.RandomState object at 0x184D27D8>, None, 1.103948551387365, 0.004600917331301468, 7556.036530461281],3.0218256269703803
<class 'problems.ANNOP.ANNOP'>,407709656,algorithms.AGA_4p,[88, 0.5602910602910602, 0.5228215767634855, 40, 'tournament_selection', 'crossover_weight', 0.9191307896246068, 'ball_mutation', <mtrand.RandomState object at 0x184D27D8>, None, 1.1283794250379344, 0.06757184825388043, 7131.498696226654],3.026051066679588
<class 'problems.ANNOP.ANNOP'>,407709656,algorithms.AGA_4p,[89, 0.5602910602910602, 0.5228215767634855, 40, 'tournament_selection', 'crossover_weight', 0.918351613733121, 'ball_mutation', <mtrand.RandomState object at 0x184D27D8>, None, 1.1329751895708704, -0.07008395905767917, 5553.266238131077],3.033876701773131
<class 'problems.ANNOP.ANNOP'>,407709656,algorithms.AGA_4p,[90, 0.5602910602910602, 0.5228215767634855, 40, 'tournament_selection', 'crossover_weight', 0.9205037353128229, 'ball_mutation', <mtrand.RandomState object at 0x184D27D8>, None, 1.11968861766389, 0.005460742982760655, 5327.087849436198],3.048923606950256
<class 'problems.ANNOP.ANNOP'>,407709656,algorithms.AGA_4p,[91, 0.5602910602910602, 0.5228215767634855, 40, 'tournament_selection', 'crossover_weight', 0.9215932161755329, 'ball_mutation', <mtrand.RandomState object at 0x184D27D8>, None, 1.1137390708982524, 0.0010991852653376086, 5951.803522099285],3.0639867687220366
<class 'problems.ANNOP.ANNOP'>,407709656,algorithms.AGA_4p,[92, 0.5602910602910602, 0.5228215767634855, 40, 'tournament_selection', 'crossover_weight', 0.9229543406603734, 'ball_mutation', <mtrand.RandomState object at 0x184D27D8>, None, 1.1067186367637543, 0.016309962428313354, 6268.05692358958],3.065020206601525
<class 'problems.ANNOP.ANNOP'>,407709656,algorithms.AGA_4p,[93, 0.5602910602910602, 0.5228215767634855, 40, 'tournament_selection', 'crossover_weight', 0.923095440315993, 'ball_mutation', <mtrand.RandomState object at 0x184D27D8>, None, 1.1060383400790197, 0.049689328401597885, 6663.162760613461],3.0861629229558414
<class 'problems.ANNOP.ANNOP'>,407709656,algorithms.AGA_4p,[94, 0.5602910602910602, 0.5228215767634855, 40, 'tournament_selection', 'crossover_weight', 0.9205868042246338, 'ball_mutation', <mtrand.RandomState object at 0x184D27D8>, None, 1.118052173374191, -0.06843182247091545, 6704.12102575253],3.12030399716323
<class 'problems.ANNOP.ANNOP'>,407709656,algorithms.AGA_4p,[95, 0.5602910602910602, 0.5228215767634855, 40, 'tournament_selection', 'crossover_weight', 0.9229611261781008, 'ball_mutation', <mtrand.RandomState object at 0x184D27D8>, None, 1.1051574288019017, 0.010387521601454931, 5975.916681694348],3.1424736430756015
<class 'problems.ANNOP.ANNOP'>,407709656,algorithms.AGA_4p,[96, 0.5602910602910602, 0.5228215767634855, 40, 'tournament_selection', 'crossover_weight', 0.9213884949305574, 'ball_mutation', <mtrand.RandomState object at 0x184D27D8>, None, 1.112726766178943, 0.004459371477259895, 6665.132453827566],3.1543052127114386
<class 'problems.ANNOP.ANNOP'>,407709656,algorithms.AGA_4p,[97, 0.5602910602910602, 0.5269709543568465, 40, 'tournament_selection', 'crossover_weight', 0.9201628628801422, 'ball_mutation', <mtrand.RandomState object at 0x184D27D8>, None, 1.1191030614367985, -0.013242228113157062, 6208.6306479230325],3.1763416010170307
<class 'problems.ANNOP.ANNOP'>,407709656,algorithms.AGA_4p,[98, 0.5602910602910602, 0.5269709543568465, 40, 'tournament_selection', 'crossover_weight', 0.9199602499278468, 'ball_mutation', <mtrand.RandomState object at 0x184D27D8>, None, 1.1202276278069039, 0.008353828290208608, 5852.855417548449],3.1861140930931406
<class 'problems.ANNOP.ANNOP'>,407709656,algorithms.AGA_4p,[99, 0.5602910602910602, 0.5269709543568465, 40, 'tournament_selection', 'crossover_weight', 0.9229634779065383, 'ball_mutation', <mtrand.RandomState object at 0x184D27D8>, None, 1.103372633673592, 0.00023163603249699155, 5794.0411349459755],3.1949786694184823
<class 'problems.ANNOP.ANNOP'>,407709656,algorithms.AGA_4p,[100, 0.5602910602910602, 0.5269709543568465, 40, 'tournament_selection', 'crossover_weight', 0.9242892372614365, 'ball_mutation', <mtrand.RandomState object at 0x184D27D8>, None, 1.0970024897564334, -0.0020772263904954846, 6665.815111176776],3.2019410131709396
<class 'problems.ANNOP.ANNOP'>,407709656,algorithms.AGA_4p,[101, 0.5602910602910602, 0.5269709543568465, 40, 'tournament_selection', 'crossover_weight', 0.9231044536723779, 'ball_mutation', <mtrand.RandomState object at 0x184D27D8>, None, 1.102353462835705, -0.004258794451551737, 7050.655194095931],3.22666355484558
<class 'problems.ANNOP.ANNOP'>,407709656,algorithms.AGA_4p,[102, 0.5602910602910602, 0.5269709543568465, 40, 'tournament_selection', 'crossover_weight', 0.9221998511561711, 'ball_mutation', <mtrand.RandomState object at 0x184D27D8>, None, 1.1066694779658213, 0.008490829802193726, 6706.737413715954],3.2530404741598318
<class 'problems.ANNOP.ANNOP'>,407709656,algorithms.AGA_4p,[103, 0.5602910602910602, 0.5269709543568465, 40, 'tournament_selection', 'crossover_weight', 0.921990425524918, 'ball_mutation', <mtrand.RandomState object at 0x184D27D8>, None, 1.1077134712447905, 0.0562685442092566, 6444.150311418905],3.26493332080033
<class 'problems.ANNOP.ANNOP'>,407709656,algorithms.AGA_4p,[104, 0.5602910602910602, 0.5269709543568465, 40, 'tournament_selection', 'crossover_weight', 0.9219445028014407, 'ball_mutation', <mtrand.RandomState object at 0x184D27D8>, None, 1.107944795642649, -0.06435170572230145, 6383.358451267904],3.2821399045290245
<class 'problems.ANNOP.ANNOP'>,407709656,algorithms.AGA_4p,[105, 0.5602910602910602, 0.5269709543568465, 40, 'tournament_selection', 'crossover_weight', 0.9205396104371217, 'ball_mutation', <mtrand.RandomState object at 0x184D27D8>, None, 1.11503788495786, 0.08424597678111426, 6370.028049603702],3.306273684002122
<class 'problems.ANNOP.ANNOP'>,407709656,algorithms.AGA_4p,[106, 0.5665280665280665, 0.5643153526970954, 40, 'tournament_selection', 'crossover_weight', 0.9202884561246957, 'ball_mutation', <mtrand.RandomState object at 0x184D27D8>, None, 1.1164013313298493, -0.0802319564809379, 5962.217316849359],3.3225874220007796
<class 'problems.ANNOP.ANNOP'>,407709656,algorithms.AGA_4p,[107, 0.581081081081081, 0.5186721991701245, 40, 'tournament_selection', 'crossover_weight', 0.9203906549885251, 'ball_mutation', <mtrand.RandomState object at 0x184D27D8>, None, 1.1158389674568252, -0.0007492690286106177, 5889.312497386856],3.348858459770666
<class 'problems.ANNOP.ANNOP'>,407709656,algorithms.AGA_4p,[108, 0.581081081081081, 0.5186721991701245, 40, 'tournament_selection', 'crossover_weight', 0.9185112504468371, 'ball_mutation', <mtrand.RandomState object at 0x184D27D8>, None, 1.1261236435715014, -0.000942839801403722, 5918.978680080627],3.3763300903509053
<class 'problems.ANNOP.ANNOP'>,407709656,algorithms.AGA_4p,[109, 0.581081081081081, 0.5186721991701245, 40, 'tournament_selection', 'crossover_weight', 0.9162476700430904, 'ball_mutation', <mtrand.RandomState object at 0x184D27D8>, None, 1.13989403374101, -0.01170765371264021, 5373.427033026695],3.3882017371205064
<class 'problems.ANNOP.ANNOP'>,407709656,algorithms.AGA_4p,[110, 0.581081081081081, 0.5186721991701245, 40, 'tournament_selection', 'crossover_weight', 0.9195985940327581, 'ball_mutation', <mtrand.RandomState object at 0x184D27D8>, None, 1.1163848274781318, 0.01918892935048025, 4716.357205796274],3.402356390084692
<class 'problems.ANNOP.ANNOP'>,407709656,algorithms.AGA_4p,[111, 0.5852390852390852, 0.5435684647302904, 40, 'tournament_selection', 'crossover_weight', 0.9163409035749485, 'ball_mutation', <mtrand.RandomState object at 0x184D27D8>, None, 1.1349414453336788, 0.005215164416383172, 5689.060027975166],3.412576696004023
<class 'problems.ANNOP.ANNOP'>,407709656,algorithms.AGA_4p,[112, 0.5852390852390852, 0.5435684647302904, 40, 'tournament_selection', 'crossover_weight', 0.9163986932078376, 'ball_mutation', <mtrand.RandomState object at 0x184D27D8>, None, 1.1345400731012585, -0.007315066063888549, 4743.420941004768],3.421897591020461
<class 'problems.ANNOP.ANNOP'>,407709656,algorithms.AGA_4p,[113, 0.5862785862785863, 0.5726141078838174, 40, 'tournament_selection', 'crossover_weight', 0.9179586497759218, 'ball_mutation', <mtrand.RandomState object at 0x184D27D8>, None, 1.1237475470361746, -0.0032122487417056075, 4760.1960571151885],3.4338390988784075
<class 'problems.ANNOP.ANNOP'>,407709656,algorithms.AGA_4p,[114, 0.5862785862785863, 0.5726141078838174, 40, 'tournament_selection', 'crossover_weight', 0.9201224151448162, 'ball_mutation', <mtrand.RandomState object at 0x184D27D8>, None, 1.1102079655197679, 0.008656848710366233, 5213.018669902177],3.448267142582952
<class 'problems.ANNOP.ANNOP'>,407709656,algorithms.AGA_4p,[115, 0.5904365904365905, 0.5643153526970954, 40, 'tournament_selection', 'crossover_weight', 0.9182979286792008, 'ball_mutation', <mtrand.RandomState object at 0x184D27D8>, None, 1.1202741498844764, -0.0005468334790593166, 5841.114289900165],3.459057181835942
<class 'problems.ANNOP.ANNOP'>,407709656,algorithms.AGA_4p,[116, 0.5904365904365905, 0.5643153526970954, 40, 'tournament_selection', 'crossover_weight', 0.9192600003171673, 'ball_mutation', <mtrand.RandomState object at 0x184D27D8>, None, 1.114383953211145, 0.014687695470507273, 5311.504206352075],3.456404368607389
<class 'problems.ANNOP.ANNOP'>,407709656,algorithms.AGA_4p,[117, 0.5904365904365905, 0.5643153526970954, 40, 'tournament_selection', 'crossover_weight', 0.9193416765946946, 'ball_mutation', <mtrand.RandomState object at 0x184D27D8>, None, 1.1139113741273672, -0.022341856163901518, 5590.773387113466],3.461934775878976
<class 'problems.ANNOP.ANNOP'>,407709656,algorithms.AGA_4p,[118, 0.5904365904365905, 0.5643153526970954, 40, 'tournament_selection', 'crossover_weight', 0.919454458716064, 'ball_mutation', <mtrand.RandomState object at 0x184D27D8>, None, 1.1132618477681784, 0.002458630904226565, 5614.4822942390465],3.4718397615688494
<class 'problems.ANNOP.ANNOP'>,407709656,algorithms.AGA_4p,[119, 0.5904365904365905, 0.5643153526970954, 40, 'tournament_selection', 'crossover_weight', 0.9209340769757822, 'ball_mutation', <mtrand.RandomState object at 0x184D27D8>, None, 1.104794880982588, 0.004893780512009727, 5647.220574213647],3.482649502374933
<class 'problems.ANNOP.ANNOP'>,407709656,algorithms.AGA_4p,[120, 0.5904365904365905, 0.5643153526970954, 40, 'tournament_selection', 'crossover_weight', 0.9212918535438747, 'ball_mutation', <mtrand.RandomState object at 0x184D27D8>, None, 1.1029067169072322, -0.001963794191216235, 6076.7226642082505],3.4971963074773913
<class 'problems.ANNOP.ANNOP'>,407709656,algorithms.AGA_4p,[121, 0.5904365904365905, 0.5643153526970954, 40, 'tournament_selection', 'crossover_weight', 0.9220688973272702, 'ball_mutation', <mtrand.RandomState object at 0x184D27D8>, None, 1.0988816713362963, -0.003022513720552851, 6180.577684067271],3.5241247739114074
<class 'problems.ANNOP.ANNOP'>,407709656,algorithms.AGA_4p,[122, 0.5904365904365905, 0.5643153526970954, 40, 'tournament_selection', 'crossover_weight', 0.9227954552618469, 'ball_mutation', <mtrand.RandomState object at 0x184D27D8>, None, 1.0952639047318735, -0.005944589418238395, 6406.13716658489],3.524357751306531
<class 'problems.ANNOP.ANNOP'>,407709656,algorithms.AGA_4p,[123, 0.5904365904365905, 0.5643153526970954, 40, 'tournament_selection', 'crossover_weight', 0.9180628044464995, 'ball_mutation', <mtrand.RandomState object at 0x184D27D8>, None, 1.1180030935403797, 0.009580427965794787, 6617.041668035353],3.52325999036769
<class 'problems.ANNOP.ANNOP'>,407709656,algorithms.AGA_4p,[124, 0.5904365904365905, 0.5643153526970954, 40, 'tournament_selection', 'crossover_weight', 0.9169256799041413, 'ball_mutation', <mtrand.RandomState object at 0x184D27D8>, None, 1.125041362486172, -0.003010968558170936, 5243.252582198148],3.522930417948133
matplotlib.font_manager,findfont: Matching :family=sans-serif:style=normal:variant=normal:weight=normal:stretch=normal:size=10.0 to DejaVu Sans ('D:\\Python3.7\\lib\\site-packages\\matplotlib\\mpl-data\\fonts\\ttf\\DejaVuSans.ttf') with score of 0.050000.
matplotlib.axes._base,update_title_pos
matplotlib.font_manager,findfont: Matching :family=sans-serif:style=normal:variant=normal:weight=normal:stretch=normal:size=12.0 to DejaVu Sans ('D:\\Python3.7\\lib\\site-packages\\matplotlib\\mpl-data\\fonts\\ttf\\DejaVuSans.ttf') with score of 0.050000.
matplotlib.axes._base,update_title_pos
matplotlib.axes._base,update_title_pos
matplotlib.axes._base,update_title_pos
matplotlib.font_manager,findfont: Matching :family=sans-serif:style=normal:variant=normal:weight=normal:stretch=normal:size=8.33 to DejaVu Sans ('D:\\Python3.7\\lib\\site-packages\\matplotlib\\mpl-data\\fonts\\ttf\\DejaVuSans.ttf') with score of 0.050000.
matplotlib.axes._base,update_title_pos
matplotlib.axes._base,update_title_pos
matplotlib.axes._base,update_title_pos
matplotlib.axes._base,update_title_pos
matplotlib.axes._base,update_title_pos
matplotlib.axes._base,update_title_pos
matplotlib.axes._base,update_title_pos
matplotlib.axes._base,update_title_pos
matplotlib.axes._base,update_title_pos
matplotlib.axes._base,update_title_pos
matplotlib.axes._base,update_title_pos
matplotlib.axes._base,update_title_pos
matplotlib.axes._base,update_title_pos
matplotlib.axes._base,update_title_pos
matplotlib.axes._base,update_title_pos
matplotlib.axes._base,update_title_pos
matplotlib.axes._base,update_title_pos
matplotlib.axes._base,update_title_pos
matplotlib.axes._base,update_title_pos
matplotlib.axes._base,update_title_pos
matplotlib.axes._base,update_title_pos
matplotlib.axes._base,update_title_pos
matplotlib.axes._base,update_title_pos
matplotlib.axes._base,update_title_pos
matplotlib.axes._base,update_title_pos
matplotlib.axes._base,update_title_pos
